
 /----------------------------------------------------------------------------\
 |  yosys -- Yosys Open SYnthesis Suite                                       |
 |  Copyright (C) 2012 - 2026  Claire Xenia Wolf <claire@yosyshq.com>         |
 |  Distributed under an ISC-like license, type "license" to see terms        |
 \----------------------------------------------------------------------------/
 Yosys 0.65+57 (git sha1 9d0cdb855, clang++ 18.1.8 -fPIC -O3)

-- Executing script file `top.ys' --

1. Executing Verilog-2005 frontend: vexriscv_imc.v
Parsing Verilog input from `vexriscv_imc.v' to AST representation.
Generating RTLIL representation for module `\VexRiscv'.
Generating RTLIL representation for module `\InstructionCache'.
Successfully finished Verilog frontend.

2. Executing RTLIL frontend.
Input filename: top.il

3. Executing SYNTH_LATTICE pass.

3.1. Executing Verilog-2005 frontend: /home/dan/opt/oss-cad-suite/lib/../share/yosys/lattice/cells_sim_ecp5.v
Parsing Verilog input from `/home/dan/opt/oss-cad-suite/lib/../share/yosys/lattice/cells_sim_ecp5.v' to AST representation.
Generating RTLIL representation for module `\LUT4'.
Generating RTLIL representation for module `\$__ABC9_LUT5'.
Generating RTLIL representation for module `\$__ABC9_LUT6'.
Generating RTLIL representation for module `\$__ABC9_LUT7'.
Generating RTLIL representation for module `\L6MUX21'.
Generating RTLIL representation for module `\TRELLIS_RAM16X2'.
Generating RTLIL representation for module `\PFUMX'.
Generating RTLIL representation for module `\TRELLIS_DPR16X4'.
Generating RTLIL representation for module `\DPR16X4C'.
Generating RTLIL representation for module `\LUT2'.
Generating RTLIL representation for module `\TRELLIS_FF'.
Generating RTLIL representation for module `\TRELLIS_IO'.
Generating RTLIL representation for module `\INV'.
Generating RTLIL representation for module `\TRELLIS_COMB'.
Generating RTLIL representation for module `\VLO'.
Generating RTLIL representation for module `\VHI'.
Generating RTLIL representation for module `\FD1P3AX'.
Generating RTLIL representation for module `\FD1P3AY'.
Generating RTLIL representation for module `\FD1P3BX'.
Generating RTLIL representation for module `\FD1P3DX'.
Generating RTLIL representation for module `\FD1P3IX'.
Generating RTLIL representation for module `\FD1P3JX'.
Generating RTLIL representation for module `\FD1S3AX'.
Generating RTLIL representation for module `\FD1S3AY'.
Generating RTLIL representation for module `\FD1S3BX'.
Generating RTLIL representation for module `\FD1S3DX'.
Generating RTLIL representation for module `\FD1S3IX'.
Generating RTLIL representation for module `\FD1S3JX'.
Generating RTLIL representation for module `\IFS1P3BX'.
Generating RTLIL representation for module `\IFS1P3DX'.
Generating RTLIL representation for module `\IFS1P3IX'.
Generating RTLIL representation for module `\IFS1P3JX'.
Generating RTLIL representation for module `\OFS1P3BX'.
Generating RTLIL representation for module `\OFS1P3DX'.
Generating RTLIL representation for module `\OFS1P3IX'.
Generating RTLIL representation for module `\OFS1P3JX'.
Generating RTLIL representation for module `\IB'.
Generating RTLIL representation for module `\IBPU'.
Generating RTLIL representation for module `\IBPD'.
Generating RTLIL representation for module `\OB'.
Generating RTLIL representation for module `\OBZ'.
Generating RTLIL representation for module `\OBZPU'.
Generating RTLIL representation for module `\OBZPD'.
Generating RTLIL representation for module `\OBCO'.
Generating RTLIL representation for module `\BB'.
Generating RTLIL representation for module `\BBPU'.
Generating RTLIL representation for module `\BBPD'.
Generating RTLIL representation for module `\ILVDS'.
Generating RTLIL representation for module `\OLVDS'.
Generating RTLIL representation for module `\CCU2C'.
Generating RTLIL representation for module `\DP16KD'.
Replacing existing blackbox module `\FD1P3AX' at /home/dan/opt/oss-cad-suite/lib/../share/yosys/lattice/cells_ff.vh:2.1-2.261.
Generating RTLIL representation for module `\FD1P3AX'.
Replacing existing blackbox module `\FD1P3AY' at /home/dan/opt/oss-cad-suite/lib/../share/yosys/lattice/cells_ff.vh:3.1-3.261.
Generating RTLIL representation for module `\FD1P3AY'.
Replacing existing blackbox module `\FD1P3BX' at /home/dan/opt/oss-cad-suite/lib/../share/yosys/lattice/cells_ff.vh:4.1-4.261.
Generating RTLIL representation for module `\FD1P3BX'.
Replacing existing blackbox module `\FD1P3DX' at /home/dan/opt/oss-cad-suite/lib/../share/yosys/lattice/cells_ff.vh:5.1-5.261.
Generating RTLIL representation for module `\FD1P3DX'.
Replacing existing blackbox module `\FD1P3IX' at /home/dan/opt/oss-cad-suite/lib/../share/yosys/lattice/cells_ff.vh:6.1-6.261.
Generating RTLIL representation for module `\FD1P3IX'.
Replacing existing blackbox module `\FD1P3JX' at /home/dan/opt/oss-cad-suite/lib/../share/yosys/lattice/cells_ff.vh:7.1-7.261.
Generating RTLIL representation for module `\FD1P3JX'.
Replacing existing blackbox module `\FD1S3AX' at /home/dan/opt/oss-cad-suite/lib/../share/yosys/lattice/cells_ff.vh:8.1-8.261.
Generating RTLIL representation for module `\FD1S3AX'.
Replacing existing blackbox module `\FD1S3AY' at /home/dan/opt/oss-cad-suite/lib/../share/yosys/lattice/cells_ff.vh:9.1-9.261.
Generating RTLIL representation for module `\FD1S3AY'.
Replacing existing blackbox module `\FD1S3BX' at /home/dan/opt/oss-cad-suite/lib/../share/yosys/lattice/cells_ff.vh:10.1-10.261.
Generating RTLIL representation for module `\FD1S3BX'.
Replacing existing blackbox module `\FD1S3DX' at /home/dan/opt/oss-cad-suite/lib/../share/yosys/lattice/cells_ff.vh:11.1-11.261.
Generating RTLIL representation for module `\FD1S3DX'.
Replacing existing blackbox module `\FD1S3IX' at /home/dan/opt/oss-cad-suite/lib/../share/yosys/lattice/cells_ff.vh:12.1-12.261.
Generating RTLIL representation for module `\FD1S3IX'.
Replacing existing blackbox module `\FD1S3JX' at /home/dan/opt/oss-cad-suite/lib/../share/yosys/lattice/cells_ff.vh:13.1-13.261.
Generating RTLIL representation for module `\FD1S3JX'.
Replacing existing blackbox module `\IFS1P3BX' at /home/dan/opt/oss-cad-suite/lib/../share/yosys/lattice/cells_ff.vh:26.1-26.301.
Generating RTLIL representation for module `\IFS1P3BX'.
Replacing existing blackbox module `\IFS1P3DX' at /home/dan/opt/oss-cad-suite/lib/../share/yosys/lattice/cells_ff.vh:27.1-27.301.
Generating RTLIL representation for module `\IFS1P3DX'.
Replacing existing blackbox module `\IFS1P3IX' at /home/dan/opt/oss-cad-suite/lib/../share/yosys/lattice/cells_ff.vh:28.1-28.301.
Generating RTLIL representation for module `\IFS1P3IX'.
Replacing existing blackbox module `\IFS1P3JX' at /home/dan/opt/oss-cad-suite/lib/../share/yosys/lattice/cells_ff.vh:29.1-29.301.
Generating RTLIL representation for module `\IFS1P3JX'.
Replacing existing blackbox module `\OFS1P3BX' at /home/dan/opt/oss-cad-suite/lib/../share/yosys/lattice/cells_ff.vh:31.1-31.302.
Generating RTLIL representation for module `\OFS1P3BX'.
Replacing existing blackbox module `\OFS1P3DX' at /home/dan/opt/oss-cad-suite/lib/../share/yosys/lattice/cells_ff.vh:32.1-32.302.
Generating RTLIL representation for module `\OFS1P3DX'.
Replacing existing blackbox module `\OFS1P3IX' at /home/dan/opt/oss-cad-suite/lib/../share/yosys/lattice/cells_ff.vh:33.1-33.302.
Generating RTLIL representation for module `\OFS1P3IX'.
Replacing existing blackbox module `\OFS1P3JX' at /home/dan/opt/oss-cad-suite/lib/../share/yosys/lattice/cells_ff.vh:34.1-34.302.
Generating RTLIL representation for module `\OFS1P3JX'.
Replacing existing blackbox module `\IB' at /home/dan/opt/oss-cad-suite/lib/../share/yosys/lattice/cells_io.vh:2.1-2.157.
Generating RTLIL representation for module `\IB'.
Replacing existing blackbox module `\IBPU' at /home/dan/opt/oss-cad-suite/lib/../share/yosys/lattice/cells_io.vh:3.1-3.157.
Generating RTLIL representation for module `\IBPU'.
Replacing existing blackbox module `\IBPD' at /home/dan/opt/oss-cad-suite/lib/../share/yosys/lattice/cells_io.vh:4.1-4.157.
Generating RTLIL representation for module `\IBPD'.
Replacing existing blackbox module `\OB' at /home/dan/opt/oss-cad-suite/lib/../share/yosys/lattice/cells_io.vh:5.1-5.157.
Generating RTLIL representation for module `\OB'.
Replacing existing blackbox module `\OBZ' at /home/dan/opt/oss-cad-suite/lib/../share/yosys/lattice/cells_io.vh:6.1-6.164.
Generating RTLIL representation for module `\OBZ'.
Replacing existing blackbox module `\OBZPU' at /home/dan/opt/oss-cad-suite/lib/../share/yosys/lattice/cells_io.vh:7.1-7.164.
Generating RTLIL representation for module `\OBZPU'.
Replacing existing blackbox module `\OBZPD' at /home/dan/opt/oss-cad-suite/lib/../share/yosys/lattice/cells_io.vh:8.1-8.164.
Generating RTLIL representation for module `\OBZPD'.
Replacing existing blackbox module `\OBCO' at /home/dan/opt/oss-cad-suite/lib/../share/yosys/lattice/cells_io.vh:9.1-9.90.
Generating RTLIL representation for module `\OBCO'.
Replacing existing blackbox module `\BB' at /home/dan/opt/oss-cad-suite/lib/../share/yosys/lattice/cells_io.vh:10.1-10.179.
Generating RTLIL representation for module `\BB'.
Replacing existing blackbox module `\BBPU' at /home/dan/opt/oss-cad-suite/lib/../share/yosys/lattice/cells_io.vh:11.1-11.179.
Generating RTLIL representation for module `\BBPU'.
Replacing existing blackbox module `\BBPD' at /home/dan/opt/oss-cad-suite/lib/../share/yosys/lattice/cells_io.vh:12.1-12.179.
Generating RTLIL representation for module `\BBPD'.
Replacing existing blackbox module `\ILVDS' at /home/dan/opt/oss-cad-suite/lib/../share/yosys/lattice/cells_io.vh:13.1-13.139.
Generating RTLIL representation for module `\ILVDS'.
Replacing existing blackbox module `\OLVDS' at /home/dan/opt/oss-cad-suite/lib/../share/yosys/lattice/cells_io.vh:14.1-14.146.
Generating RTLIL representation for module `\OLVDS'.
Successfully finished Verilog frontend.

3.2. Executing Verilog-2005 frontend: /home/dan/opt/oss-cad-suite/lib/../share/yosys/lattice/cells_bb_ecp5.v
Parsing Verilog input from `/home/dan/opt/oss-cad-suite/lib/../share/yosys/lattice/cells_bb_ecp5.v' to AST representation.
Generating RTLIL representation for module `\GSR'.
Generating RTLIL representation for module `\PUR'.
Generating RTLIL representation for module `\SGSR'.
Generating RTLIL representation for module `\PDPW16KD'.
Generating RTLIL representation for module `\MULT18X18D'.
Generating RTLIL representation for module `\ALU54B'.
Generating RTLIL representation for module `\CLKDIVF'.
Generating RTLIL representation for module `\PCSCLKDIV'.
Generating RTLIL representation for module `\DCSC'.
Generating RTLIL representation for module `\DCCA'.
Generating RTLIL representation for module `\ECLKSYNCB'.
Generating RTLIL representation for module `\ECLKBRIDGECS'.
Generating RTLIL representation for module `\DELAYF'.
Generating RTLIL representation for module `\DELAYG'.
Generating RTLIL representation for module `\USRMCLK'.
Generating RTLIL representation for module `\DQSBUFM'.
Generating RTLIL representation for module `\DDRDLLA'.
Generating RTLIL representation for module `\DLLDELD'.
Generating RTLIL representation for module `\IDDRX1F'.
Generating RTLIL representation for module `\IDDRX2F'.
Generating RTLIL representation for module `\IDDR71B'.
Generating RTLIL representation for module `\IDDRX2DQA'.
Generating RTLIL representation for module `\ODDRX1F'.
Generating RTLIL representation for module `\ODDRX2F'.
Generating RTLIL representation for module `\ODDR71B'.
Generating RTLIL representation for module `\OSHX2A'.
Generating RTLIL representation for module `\TSHX2DQA'.
Generating RTLIL representation for module `\TSHX2DQSA'.
Generating RTLIL representation for module `\ODDRX2DQA'.
Generating RTLIL representation for module `\ODDRX2DQSB'.
Generating RTLIL representation for module `\EHXPLLL'.
Generating RTLIL representation for module `\DTR'.
Generating RTLIL representation for module `\OSCG'.
Generating RTLIL representation for module `\EXTREFB'.
Generating RTLIL representation for module `\JTAGG'.
Generating RTLIL representation for module `\DCUA'.
Successfully finished Verilog frontend.

3.3. Executing HIERARCHY pass (managing design hierarchy).

3.3.1. Analyzing design hierarchy..
Top module:  \top
Used module:     \top.pin_pseudo_gnd_0
Used module:         \top.pin_pseudo_gnd_0.buf
Used module:             \top.pin_pseudo_gnd_0.buf.buf
Used module:     \top.pin_pseudo_vccio_0
Used module:         \top.pin_pseudo_vccio_0.buf
Used module:             \top.pin_pseudo_vccio_0.buf.buf
Used module:     \top.pin_clk_60MHz_0
Used module:         \top.pin_clk_60MHz_0.buf
Used module:             \top.pin_clk_60MHz_0.buf.buf
Used module:     \top.decoder
Used module:     \top.ram
Used module:     \top.cpu
Used module:         \VexRiscv
Used module:             \InstructionCache
Used module:     \top.clocking
Used module:         \top.clocking.usb_reset

3.3.2. Analyzing design hierarchy..
Top module:  \top
Used module:     \top.pin_pseudo_gnd_0
Used module:         \top.pin_pseudo_gnd_0.buf
Used module:             \top.pin_pseudo_gnd_0.buf.buf
Used module:     \top.pin_pseudo_vccio_0
Used module:         \top.pin_pseudo_vccio_0.buf
Used module:             \top.pin_pseudo_vccio_0.buf.buf
Used module:     \top.pin_clk_60MHz_0
Used module:         \top.pin_clk_60MHz_0.buf
Used module:             \top.pin_clk_60MHz_0.buf.buf
Used module:     \top.decoder
Used module:     \top.ram
Used module:     \top.cpu
Used module:         \VexRiscv
Used module:             \InstructionCache
Used module:     \top.clocking
Used module:         \top.clocking.usb_reset
Removed 0 unused modules.

3.4. Executing PROC pass (convert processes to netlists).

3.4.1. Executing PROC_CLEAN pass (remove empty switches from decision trees).
Found and cleaned up 1 empty switch in `\top.ram.$31'.
Cleaned up 1 empty switch.

3.4.2. Executing PROC_RMDEAD pass (remove dead branches from decision trees).
Marked 1 switch rules as full_case in process $34 in module top.ram.
Marked 1 switch rules as full_case in process $32 in module top.ram.
Marked 1 switch rules as full_case in process $proc$vexriscv_imc.v:5716$1079 in module InstructionCache.
Marked 1 switch rules as full_case in process $proc$vexriscv_imc.v:5676$1054 in module InstructionCache.
Marked 3 switch rules as full_case in process $proc$vexriscv_imc.v:5655$1043 in module InstructionCache.
Marked 2 switch rules as full_case in process $proc$vexriscv_imc.v:5646$1042 in module InstructionCache.
Marked 1 switch rules as full_case in process $proc$vexriscv_imc.v:5639$1041 in module InstructionCache.
Marked 1 switch rules as full_case in process $proc$vexriscv_imc.v:5632$1040 in module InstructionCache.
Marked 1 switch rules as full_case in process $proc$vexriscv_imc.v:5620$1031 in module InstructionCache.
Marked 1 switch rules as full_case in process $proc$vexriscv_imc.v:5608$1022 in module InstructionCache.
Marked 5 switch rules as full_case in process $proc$vexriscv_imc.v:4810$954 in module VexRiscv.
Marked 1 switch rules as full_case in process $proc$vexriscv_imc.v:4794$947 in module VexRiscv.
Marked 1 switch rules as full_case in process $proc$vexriscv_imc.v:4780$946 in module VexRiscv.
Marked 1 switch rules as full_case in process $proc$vexriscv_imc.v:4758$939 in module VexRiscv.
Marked 1 switch rules as full_case in process $proc$vexriscv_imc.v:4751$938 in module VexRiscv.
Marked 1 switch rules as full_case in process $proc$vexriscv_imc.v:4736$931 in module VexRiscv.
Marked 1 switch rules as full_case in process $proc$vexriscv_imc.v:4725$888 in module VexRiscv.
Marked 1 switch rules as full_case in process $proc$vexriscv_imc.v:4718$887 in module VexRiscv.
Marked 1 switch rules as full_case in process $proc$vexriscv_imc.v:4711$886 in module VexRiscv.
Marked 1 switch rules as full_case in process $proc$vexriscv_imc.v:4704$885 in module VexRiscv.
Marked 1 switch rules as full_case in process $proc$vexriscv_imc.v:4697$884 in module VexRiscv.
Marked 1 switch rules as full_case in process $proc$vexriscv_imc.v:4690$883 in module VexRiscv.
Marked 1 switch rules as full_case in process $proc$vexriscv_imc.v:4683$882 in module VexRiscv.
Marked 1 switch rules as full_case in process $proc$vexriscv_imc.v:4676$881 in module VexRiscv.
Marked 1 switch rules as full_case in process $proc$vexriscv_imc.v:4669$880 in module VexRiscv.
Marked 1 switch rules as full_case in process $proc$vexriscv_imc.v:4662$879 in module VexRiscv.
Marked 1 switch rules as full_case in process $proc$vexriscv_imc.v:4655$878 in module VexRiscv.
Marked 1 switch rules as full_case in process $proc$vexriscv_imc.v:4647$877 in module VexRiscv.
Marked 1 switch rules as full_case in process $proc$vexriscv_imc.v:4640$876 in module VexRiscv.
Marked 1 switch rules as full_case in process $proc$vexriscv_imc.v:4633$875 in module VexRiscv.
Marked 1 switch rules as full_case in process $proc$vexriscv_imc.v:4626$874 in module VexRiscv.
Marked 1 switch rules as full_case in process $proc$vexriscv_imc.v:4617$873 in module VexRiscv.
Marked 1 switch rules as full_case in process $proc$vexriscv_imc.v:4608$872 in module VexRiscv.
Marked 1 switch rules as full_case in process $proc$vexriscv_imc.v:4599$871 in module VexRiscv.
Marked 1 switch rules as full_case in process $proc$vexriscv_imc.v:4590$870 in module VexRiscv.
Marked 1 switch rules as full_case in process $proc$vexriscv_imc.v:4583$869 in module VexRiscv.
Marked 1 switch rules as full_case in process $proc$vexriscv_imc.v:4576$868 in module VexRiscv.
Marked 1 switch rules as full_case in process $proc$vexriscv_imc.v:4569$867 in module VexRiscv.
Marked 2 switch rules as full_case in process $proc$vexriscv_imc.v:4392$682 in module VexRiscv.
Marked 1 switch rules as full_case in process $proc$vexriscv_imc.v:4383$679 in module VexRiscv.
Marked 2 switch rules as full_case in process $proc$vexriscv_imc.v:4374$678 in module VexRiscv.
Marked 1 switch rules as full_case in process $proc$vexriscv_imc.v:4350$673 in module VexRiscv.
Marked 1 switch rules as full_case in process $proc$vexriscv_imc.v:4336$672 in module VexRiscv.
Marked 1 switch rules as full_case in process $proc$vexriscv_imc.v:4318$664 in module VexRiscv.
Marked 1 switch rules as full_case in process $proc$vexriscv_imc.v:4306$656 in module VexRiscv.
Marked 1 switch rules as full_case in process $proc$vexriscv_imc.v:4299$653 in module VexRiscv.
Marked 4 switch rules as full_case in process $proc$vexriscv_imc.v:4273$643 in module VexRiscv.
Marked 3 switch rules as full_case in process $proc$vexriscv_imc.v:4260$642 in module VexRiscv.
Marked 2 switch rules as full_case in process $proc$vexriscv_imc.v:4251$641 in module VexRiscv.
Marked 35 switch rules as full_case in process $proc$vexriscv_imc.v:4151$640 in module VexRiscv.
Marked 1 switch rules as full_case in process $proc$vexriscv_imc.v:4130$623 in module VexRiscv.
Marked 1 switch rules as full_case in process $proc$vexriscv_imc.v:4119$622 in module VexRiscv.
Marked 1 switch rules as full_case in process $proc$vexriscv_imc.v:4111$621 in module VexRiscv.
Marked 1 switch rules as full_case in process $proc$vexriscv_imc.v:4104$620 in module VexRiscv.
Marked 2 switch rules as full_case in process $proc$vexriscv_imc.v:4092$616 in module VexRiscv.
Marked 1 switch rules as full_case in process $proc$vexriscv_imc.v:4066$594 in module VexRiscv.
Marked 2 switch rules as full_case in process $proc$vexriscv_imc.v:4056$593 in module VexRiscv.
Marked 2 switch rules as full_case in process $proc$vexriscv_imc.v:4046$592 in module VexRiscv.
Marked 2 switch rules as full_case in process $proc$vexriscv_imc.v:4036$591 in module VexRiscv.
Marked 1 switch rules as full_case in process $proc$vexriscv_imc.v:4020$585 in module VexRiscv.
Marked 2 switch rules as full_case in process $proc$vexriscv_imc.v:3964$577 in module VexRiscv.
Marked 1 switch rules as full_case in process $proc$vexriscv_imc.v:3929$575 in module VexRiscv.
Marked 1 switch rules as full_case in process $proc$vexriscv_imc.v:3911$574 in module VexRiscv.
Marked 1 switch rules as full_case in process $proc$vexriscv_imc.v:3891$570 in module VexRiscv.
Marked 10 switch rules as full_case in process $proc$vexriscv_imc.v:3837$543 in module VexRiscv.
Marked 10 switch rules as full_case in process $proc$vexriscv_imc.v:3809$542 in module VexRiscv.
Marked 1 switch rules as full_case in process $proc$vexriscv_imc.v:3729$534 in module VexRiscv.
Marked 1 switch rules as full_case in process $proc$vexriscv_imc.v:3712$533 in module VexRiscv.
Marked 1 switch rules as full_case in process $proc$vexriscv_imc.v:3647$530 in module VexRiscv.
Marked 1 switch rules as full_case in process $proc$vexriscv_imc.v:3633$529 in module VexRiscv.
Marked 1 switch rules as full_case in process $proc$vexriscv_imc.v:3619$525 in module VexRiscv.
Marked 1 switch rules as full_case in process $proc$vexriscv_imc.v:3612$524 in module VexRiscv.
Marked 1 switch rules as full_case in process $proc$vexriscv_imc.v:3605$523 in module VexRiscv.
Marked 1 switch rules as full_case in process $proc$vexriscv_imc.v:3598$521 in module VexRiscv.
Marked 1 switch rules as full_case in process $proc$vexriscv_imc.v:3542$493 in module VexRiscv.
Marked 1 switch rules as full_case in process $proc$vexriscv_imc.v:3474$486 in module VexRiscv.
Marked 2 switch rules as full_case in process $proc$vexriscv_imc.v:3461$477 in module VexRiscv.
Marked 3 switch rules as full_case in process $proc$vexriscv_imc.v:3448$476 in module VexRiscv.
Marked 1 switch rules as full_case in process $proc$vexriscv_imc.v:3429$461 in module VexRiscv.
Marked 1 switch rules as full_case in process $proc$vexriscv_imc.v:3413$453 in module VexRiscv.
Marked 2 switch rules as full_case in process $proc$vexriscv_imc.v:3400$443 in module VexRiscv.
Marked 2 switch rules as full_case in process $proc$vexriscv_imc.v:3378$428 in module VexRiscv.
Marked 2 switch rules as full_case in process $proc$vexriscv_imc.v:3368$427 in module VexRiscv.
Marked 1 switch rules as full_case in process $proc$vexriscv_imc.v:3361$424 in module VexRiscv.
Marked 2 switch rules as full_case in process $proc$vexriscv_imc.v:3351$423 in module VexRiscv.
Marked 1 switch rules as full_case in process $proc$vexriscv_imc.v:3261$402 in module VexRiscv.
Marked 1 switch rules as full_case in process $proc$vexriscv_imc.v:3208$359 in module VexRiscv.
Marked 1 switch rules as full_case in process $proc$vexriscv_imc.v:3191$358 in module VexRiscv.
Marked 2 switch rules as full_case in process $proc$vexriscv_imc.v:3046$334 in module VexRiscv.
Marked 1 switch rules as full_case in process $proc$vexriscv_imc.v:3022$322 in module VexRiscv.
Marked 1 switch rules as full_case in process $proc$vexriscv_imc.v:3009$317 in module VexRiscv.
Marked 2 switch rules as full_case in process $proc$vexriscv_imc.v:2994$313 in module VexRiscv.
Marked 1 switch rules as full_case in process $proc$vexriscv_imc.v:2983$309 in module VexRiscv.
Marked 1 switch rules as full_case in process $proc$vexriscv_imc.v:2973$308 in module VexRiscv.
Marked 1 switch rules as full_case in process $proc$vexriscv_imc.v:2962$301 in module VexRiscv.
Marked 2 switch rules as full_case in process $proc$vexriscv_imc.v:2949$295 in module VexRiscv.
Marked 3 switch rules as full_case in process $proc$vexriscv_imc.v:2935$293 in module VexRiscv.
Marked 1 switch rules as full_case in process $proc$vexriscv_imc.v:2926$289 in module VexRiscv.
Marked 2 switch rules as full_case in process $proc$vexriscv_imc.v:2914$286 in module VexRiscv.
Marked 3 switch rules as full_case in process $proc$vexriscv_imc.v:2886$281 in module VexRiscv.
Marked 2 switch rules as full_case in process $proc$vexriscv_imc.v:2876$280 in module VexRiscv.
Marked 1 switch rules as full_case in process $proc$vexriscv_imc.v:2868$279 in module VexRiscv.
Marked 2 switch rules as full_case in process $proc$vexriscv_imc.v:2856$278 in module VexRiscv.
Marked 2 switch rules as full_case in process $proc$vexriscv_imc.v:2845$277 in module VexRiscv.
Marked 3 switch rules as full_case in process $proc$vexriscv_imc.v:2831$276 in module VexRiscv.
Marked 2 switch rules as full_case in process $proc$vexriscv_imc.v:2817$275 in module VexRiscv.
Marked 1 switch rules as full_case in process $proc$vexriscv_imc.v:2809$274 in module VexRiscv.
Marked 2 switch rules as full_case in process $proc$vexriscv_imc.v:2797$273 in module VexRiscv.
Marked 2 switch rules as full_case in process $proc$vexriscv_imc.v:2786$272 in module VexRiscv.
Marked 3 switch rules as full_case in process $proc$vexriscv_imc.v:2773$271 in module VexRiscv.
Marked 1 switch rules as full_case in process $proc$vexriscv_imc.v:2766$270 in module VexRiscv.
Marked 2 switch rules as full_case in process $proc$vexriscv_imc.v:2755$269 in module VexRiscv.
Marked 5 switch rules as full_case in process $proc$vexriscv_imc.v:2737$268 in module VexRiscv.
Marked 2 switch rules as full_case in process $proc$vexriscv_imc.v:2727$267 in module VexRiscv.
Marked 2 switch rules as full_case in process $proc$vexriscv_imc.v:2716$266 in module VexRiscv.
Marked 3 switch rules as full_case in process $proc$vexriscv_imc.v:2703$265 in module VexRiscv.
Marked 1 switch rules as full_case in process $proc$vexriscv_imc.v:2690$264 in module VexRiscv.
Marked 1 switch rules as full_case in process $proc$vexriscv_imc.v:2683$263 in module VexRiscv.
Marked 1 switch rules as full_case in process $proc$vexriscv_imc.v:2675$262 in module VexRiscv.
Marked 1 switch rules as full_case in process $proc$vexriscv_imc.v:2668$261 in module VexRiscv.
Marked 1 switch rules as full_case in process $proc$vexriscv_imc.v:2661$260 in module VexRiscv.
Marked 1 switch rules as full_case in process $proc$vexriscv_imc.v:2654$259 in module VexRiscv.
Marked 4 switch rules as full_case in process $proc$vexriscv_imc.v:2618$251 in module VexRiscv.
Marked 1 switch rules as full_case in process $proc$vexriscv_imc.v:2607$242 in module VexRiscv.
Marked 1 switch rules as full_case in process $proc$vexriscv_imc.v:2599$240 in module VexRiscv.
Marked 3 switch rules as full_case in process $proc$vexriscv_imc.v:2561$239 in module VexRiscv.
Marked 11 switch rules as full_case in process $proc$vexriscv_imc.v:2530$238 in module VexRiscv.
Marked 11 switch rules as full_case in process $proc$vexriscv_imc.v:2500$237 in module VexRiscv.
Marked 1 switch rules as full_case in process $proc$vexriscv_imc.v:2487$236 in module VexRiscv.
Marked 1 switch rules as full_case in process $proc$vexriscv_imc.v:1693$216 in module VexRiscv.
Marked 1 switch rules as full_case in process $proc$vexriscv_imc.v:1645$209 in module VexRiscv.
Removed a total of 0 dead cases.

3.4.3. Executing PROC_PRUNE pass (remove redundant assignments in processes).
Removed 17 redundant assignments.
Promoted 467 assignments to connections.

3.4.4. Executing PROC_INIT pass (extract init attributes).

3.4.5. Executing PROC_ARST pass (detect async resets in processes).

3.4.6. Executing PROC_ROM pass (convert switches to ROMs).
Converted 0 switches.
<suppressed ~492 debug messages>

3.4.7. Executing PROC_MUX pass (convert decision trees to multiplexers).
Creating decoders for process `\top.decoder.$6'.
     1/1: \bus__err
Creating decoders for process `\top.decoder.$5'.
     1/1: \bus__ack$38
Creating decoders for process `\top.decoder.$4'.
     1/1: \bus__dat_r$36
Creating decoders for process `\top.decoder.$3'.
     1/1: \bus__cyc
Creating decoders for process `\top.ram.$34'.
     1/1: $14
Creating decoders for process `\top.ram.$33'.
     1/1: \mem_wp__en
Creating decoders for process `\top.ram.$32'.
     1/1: \mem_rp__addr
Creating decoders for process `\top.ram.$31'.
Creating decoders for process `\top.clocking.usb_reset.$23'.
     1/1: $10
Creating decoders for process `\top.clocking.usb_reset.$21'.
     1/1: $9
Creating decoders for process `\InstructionCache.$proc$vexriscv_imc.v:5754$1081'.
     1/2: $0\lineLoader_flushCounter[7:0]
     2/2: $0\lineLoader_address[31:0]
Creating decoders for process `\InstructionCache.$proc$vexriscv_imc.v:5716$1079'.
     1/5: $0\lineLoader_wordIndex[2:0]
     2/5: $0\lineLoader_cmdSent[0:0]
     3/5: $0\lineLoader_flushPending[0:0]
     4/5: $0\lineLoader_hadError[0:0]
     5/5: $0\lineLoader_valid[0:0]
Creating decoders for process `\InstructionCache.$proc$vexriscv_imc.v:5676$1054'.
     1/1: $1\lineLoader_wayToAllocate_willIncrement[0:0]
Creating decoders for process `\InstructionCache.$proc$vexriscv_imc.v:5655$1043'.
     1/3: $3\io_cpu_prefetch_haltIt[0:0]
     2/3: $2\io_cpu_prefetch_haltIt[0:0]
     3/3: $1\io_cpu_prefetch_haltIt[0:0]
Creating decoders for process `\InstructionCache.$proc$vexriscv_imc.v:5646$1042'.
     1/2: $2\lineLoader_fire[0:0]
     2/2: $1\lineLoader_fire[0:0]
Creating decoders for process `\InstructionCache.$proc$vexriscv_imc.v:5639$1041'.
     1/1: $1\_zz_2[0:0]
Creating decoders for process `\InstructionCache.$proc$vexriscv_imc.v:5632$1040'.
     1/1: $1\_zz_1[0:0]
Creating decoders for process `\InstructionCache.$proc$vexriscv_imc.v:5626$1038'.
     1/1: $0\_zz_ways_0_tags_port1[21:0]
Creating decoders for process `\InstructionCache.$proc$vexriscv_imc.v:5620$1031'.
     1/3: $1$memwr$\ways_0_tags$vexriscv_imc.v:5622$1021_EN[21:0]$1037
     2/3: $1$memwr$\ways_0_tags$vexriscv_imc.v:5622$1021_DATA[21:0]$1036
     3/3: $1$memwr$\ways_0_tags$vexriscv_imc.v:5622$1021_ADDR[6:0]$1035
Creating decoders for process `\InstructionCache.$proc$vexriscv_imc.v:5614$1029'.
     1/1: $0\_zz_banks_0_port1[31:0]
Creating decoders for process `\InstructionCache.$proc$vexriscv_imc.v:5608$1022'.
     1/3: $1$memwr$\banks_0$vexriscv_imc.v:5610$1020_EN[31:0]$1028
     2/3: $1$memwr$\banks_0$vexriscv_imc.v:5610$1020_DATA[31:0]$1027
     3/3: $1$memwr$\banks_0$vexriscv_imc.v:5610$1020_ADDR[9:0]$1026
Creating decoders for process `\VexRiscv.$proc$vexriscv_imc.v:5107$978'.
     1/123: $0\memory_DivPlugin_rs1[32:0] [32]
     2/123: $0\memory_DivPlugin_accumulator[64:0] [31:0]
     3/123: $0\memory_DivPlugin_accumulator[64:0] [64:32]
     4/123: $0\dBus_cmd_rData_size[1:0]
     5/123: $0\dBus_cmd_rData_data[31:0]
     6/123: $0\dBus_cmd_rData_address[31:0]
     7/123: $0\dBus_cmd_rData_wr[0:0]
     8/123: $0\execute_CsrPlugin_csr_4032[0:0]
     9/123: $0\execute_CsrPlugin_csr_3008[0:0]
    10/123: $0\execute_CsrPlugin_csr_3202[0:0]
    11/123: $0\execute_CsrPlugin_csr_3074[0:0]
    12/123: $0\execute_CsrPlugin_csr_3200[0:0]
    13/123: $0\execute_CsrPlugin_csr_3072[0:0]
    14/123: $0\execute_CsrPlugin_csr_2946[0:0]
    15/123: $0\execute_CsrPlugin_csr_2818[0:0]
    16/123: $0\execute_CsrPlugin_csr_2944[0:0]
    17/123: $0\execute_CsrPlugin_csr_2816[0:0]
    18/123: $0\execute_CsrPlugin_csr_835[0:0]
    19/123: $0\execute_CsrPlugin_csr_834[0:0]
    20/123: $0\execute_CsrPlugin_csr_832[0:0]
    21/123: $0\execute_CsrPlugin_csr_833[0:0]
    22/123: $0\execute_CsrPlugin_csr_773[0:0]
    23/123: $0\execute_CsrPlugin_csr_772[0:0]
    24/123: $0\execute_CsrPlugin_csr_836[0:0]
    25/123: $0\execute_CsrPlugin_csr_768[0:0]
    26/123: $0\execute_CsrPlugin_csr_769[0:0]
    27/123: $0\execute_CsrPlugin_csr_3860[0:0]
    28/123: $0\execute_CsrPlugin_csr_3859[0:0]
    29/123: $0\execute_CsrPlugin_csr_3858[0:0]
    30/123: $0\execute_CsrPlugin_csr_3857[0:0]
    31/123: $0\memory_to_writeBack_MUL_LOW[51:0]
    32/123: $0\memory_to_writeBack_MEMORY_READ_DATA[31:0]
    33/123: $0\memory_to_writeBack_MUL_HH[33:0]
    34/123: $0\execute_to_memory_MUL_HH[33:0]
    35/123: $0\execute_to_memory_MUL_HL[33:0]
    36/123: $0\execute_to_memory_MUL_LH[33:0]
    37/123: $0\execute_to_memory_MUL_LL[31:0]
    38/123: $0\execute_to_memory_BRANCH_CALC[31:0]
    39/123: $0\execute_to_memory_BRANCH_DO[0:0]
    40/123: $0\execute_to_memory_SHIFT_RIGHT[31:0]
    41/123: $0\memory_to_writeBack_REGFILE_WRITE_DATA[31:0]
    42/123: $0\execute_to_memory_REGFILE_WRITE_DATA[31:0]
    43/123: $0\memory_to_writeBack_ATOMIC_HIT[0:0]
    44/123: $0\execute_to_memory_ATOMIC_HIT[0:0]
    45/123: $0\memory_to_writeBack_MEMORY_ADDRESS_LOW[1:0]
    46/123: $0\execute_to_memory_MEMORY_ADDRESS_LOW[1:0]
    47/123: $0\execute_to_memory_ALIGNEMENT_FAULT[0:0]
    48/123: $0\decode_to_execute_CSR_READ_OPCODE[0:0]
    49/123: $0\decode_to_execute_CSR_WRITE_OPCODE[0:0]
    50/123: $0\decode_to_execute_PREDICTION_HAD_BRANCHED2[0:0]
    51/123: $0\decode_to_execute_SRC2_FORCE_ZERO[0:0]
    52/123: $0\decode_to_execute_RS2[31:0]
    53/123: $0\decode_to_execute_RS1[31:0]
    54/123: $0\decode_to_execute_IS_RS2_SIGNED[0:0]
    55/123: $0\decode_to_execute_IS_RS1_SIGNED[0:0]
    56/123: $0\execute_to_memory_IS_DIV[0:0]
    57/123: $0\decode_to_execute_IS_DIV[0:0]
    58/123: $0\memory_to_writeBack_IS_MUL[0:0]
    59/123: $0\execute_to_memory_IS_MUL[0:0]
    60/123: $0\decode_to_execute_IS_MUL[0:0]
    61/123: $0\memory_to_writeBack_ENV_CTRL[2:0]
    62/123: $0\execute_to_memory_ENV_CTRL[2:0]
    63/123: $0\decode_to_execute_ENV_CTRL[2:0]
    64/123: $0\decode_to_execute_IS_CSR[0:0]
    65/123: $0\decode_to_execute_BRANCH_CTRL[1:0]
    66/123: $0\execute_to_memory_SHIFT_CTRL[1:0]
    67/123: $0\decode_to_execute_SHIFT_CTRL[1:0]
    68/123: $0\decode_to_execute_ALU_BITWISE_CTRL[1:0]
    69/123: $0\decode_to_execute_SRC_LESS_UNSIGNED[0:0]
    70/123: $0\memory_to_writeBack_MEMORY_ATOMIC[0:0]
    71/123: $0\execute_to_memory_MEMORY_ATOMIC[0:0]
    72/123: $0\decode_to_execute_MEMORY_ATOMIC[0:0]
    73/123: $0\memory_to_writeBack_MEMORY_STORE[0:0]
    74/123: $0\execute_to_memory_MEMORY_STORE[0:0]
    75/123: $0\decode_to_execute_MEMORY_STORE[0:0]
    76/123: $0\execute_to_memory_BYPASSABLE_MEMORY_STAGE[0:0]
    77/123: $0\decode_to_execute_BYPASSABLE_MEMORY_STAGE[0:0]
    78/123: $0\decode_to_execute_BYPASSABLE_EXECUTE_STAGE[0:0]
    79/123: $0\memory_to_writeBack_REGFILE_WRITE_VALID[0:0]
    80/123: $0\execute_to_memory_REGFILE_WRITE_VALID[0:0]
    81/123: $0\decode_to_execute_REGFILE_WRITE_VALID[0:0]
    82/123: $0\decode_to_execute_SRC2_CTRL[1:0]
    83/123: $0\decode_to_execute_ALU_CTRL[1:0]
    84/123: $0\memory_to_writeBack_MEMORY_ENABLE[0:0]
    85/123: $0\execute_to_memory_MEMORY_ENABLE[0:0]
    86/123: $0\decode_to_execute_MEMORY_ENABLE[0:0]
    87/123: $0\decode_to_execute_SRC_USE_SUB_LESS[0:0]
    88/123: $0\decode_to_execute_SRC1_CTRL[1:0]
    89/123: $0\memory_to_writeBack_FORMAL_PC_NEXT[31:0]
    90/123: $0\execute_to_memory_FORMAL_PC_NEXT[31:0]
    91/123: $0\decode_to_execute_FORMAL_PC_NEXT[31:0]
    92/123: $0\decode_to_execute_IS_RVC[0:0]
    93/123: $0\memory_to_writeBack_INSTRUCTION[31:0]
    94/123: $0\execute_to_memory_INSTRUCTION[31:0]
    95/123: $0\decode_to_execute_INSTRUCTION[31:0]
    96/123: $0\memory_to_writeBack_PC[31:0]
    97/123: $0\execute_to_memory_PC[31:0]
    98/123: $0\decode_to_execute_PC[31:0]
    99/123: $0\memory_DivPlugin_div_result[31:0]
   100/123: $0\memory_DivPlugin_div_done[0:0]
   101/123: $0\memory_DivPlugin_div_needRevert[0:0]
   102/123: $0\memory_DivPlugin_rs1[32:0] [31:0]
   103/123: $0\memory_DivPlugin_rs2[31:0]
   104/123: $0\CsrPlugin_mip_MSIP[0:0]
   105/123: $0\CsrPlugin_interrupt_targetPrivilege[1:0]
   106/123: $0\CsrPlugin_interrupt_code[3:0]
   107/123: $0\CsrPlugin_exceptionPortCtrl_exceptionContext_badAddr[31:0]
   108/123: $0\CsrPlugin_exceptionPortCtrl_exceptionContext_code[3:0]
   109/123: $0\CsrPlugin_mtval[31:0]
   110/123: $0\CsrPlugin_mcause_exceptionCode[3:0]
   111/123: $0\CsrPlugin_mcause_interrupt[0:0]
   112/123: $0\CsrPlugin_mscratch[31:0]
   113/123: $0\CsrPlugin_mepc[31:0]
   114/123: $0\CsrPlugin_mtvec_base[29:0]
   115/123: $0\IBusCachedPlugin_s1_tightlyCoupledHit[0:0]
   116/123: $0\IBusCachedPlugin_injector_formal_rawInDecode[31:0]
   117/123: $0\_zz_IBusCachedPlugin_injector_decodeInput_payload_isRvc[0:0]
   118/123: $0\_zz_IBusCachedPlugin_injector_decodeInput_payload_rsp_inst[31:0]
   119/123: $0\_zz_IBusCachedPlugin_injector_decodeInput_payload_rsp_error[0:0]
   120/123: $0\_zz_IBusCachedPlugin_injector_decodeInput_payload_pc[31:0]
   121/123: $0\IBusCachedPlugin_decompressor_throw2BytesLatch[0:0]
   122/123: $0\IBusCachedPlugin_decompressor_bufferValidLatch[0:0]
   123/123: $0\IBusCachedPlugin_decompressor_bufferData[15:0]
Creating decoders for process `\VexRiscv.$proc$vexriscv_imc.v:4810$954'.
     1/46: $0\CsrPlugin_minstret[63:0] [63:32]
     2/46: $0\CsrPlugin_minstret[63:0] [31:0]
     3/46: $0\CsrPlugin_mcycle[63:0] [31:0]
     4/46: $0\memory_DivPlugin_div_counter_value[5:0]
     5/46: $0\execute_CsrPlugin_wfiWake[0:0]
     6/46: $0\CsrPlugin_hadException[0:0]
     7/46: $0\CsrPlugin_lastStageWasWfi[0:0]
     8/46: $0\CsrPlugin_interrupt_valid[0:0]
     9/46: $0\CsrPlugin_exceptionPortCtrl_exceptionValidsRegs_writeBack[0:0]
    10/46: $0\CsrPlugin_exceptionPortCtrl_exceptionValidsRegs_memory[0:0]
    11/46: $0\CsrPlugin_exceptionPortCtrl_exceptionValidsRegs_execute[0:0]
    12/46: $0\CsrPlugin_exceptionPortCtrl_exceptionValidsRegs_decode[0:0]
    13/46: $0\_zz_iBus_rsp_valid[0:0]
    14/46: $0\HazardSimplePlugin_writeBackBuffer_valid[0:0]
    15/46: $0\_zz_5[0:0]
    16/46: $0\IBusCachedPlugin_fetchPc_booted[0:0]
    17/46: $0\dBus_cmd_rValid[0:0]
    18/46: $0\_zz_iBusWishbone_ADR[2:0]
    19/46: $0\_zz_CsrPlugin_csrMapping_readDataInit[31:0]
    20/46: $0\CsrPlugin_pipelineLiberator_pcValids_2[0:0]
    21/46: $0\CsrPlugin_pipelineLiberator_pcValids_1[0:0]
    22/46: $0\CsrPlugin_pipelineLiberator_pcValids_0[0:0]
    23/46: $0\CsrPlugin_mcycle[63:0] [63:32]
    24/46: $0\CsrPlugin_mie_MSIE[0:0]
    25/46: $0\CsrPlugin_mie_MTIE[0:0]
    26/46: $0\CsrPlugin_mie_MEIE[0:0]
    27/46: $0\CsrPlugin_mstatus_MPP[1:0]
    28/46: $0\CsrPlugin_mstatus_MPIE[0:0]
    29/46: $0\CsrPlugin_mstatus_MIE[0:0]
    30/46: $0\execute_DBusSimplePlugin_atomic_reserved[0:0]
    31/46: $0\IBusCachedPlugin_rspCounter[31:0]
    32/46: $0\IBusCachedPlugin_injector_nextPcCalc_valids_3[0:0]
    33/46: $0\IBusCachedPlugin_injector_nextPcCalc_valids_2[0:0]
    34/46: $0\IBusCachedPlugin_injector_nextPcCalc_valids_1[0:0]
    35/46: $0\IBusCachedPlugin_injector_nextPcCalc_valids_0[0:0]
    36/46: $0\_zz_IBusCachedPlugin_injector_decodeInput_valid[0:0]
    37/46: $0\IBusCachedPlugin_decompressor_throw2BytesReg[0:0]
    38/46: $0\IBusCachedPlugin_decompressor_bufferValid[0:0]
    39/46: $0\_zz_IBusCachedPlugin_iBusRsp_stages_1_input_valid_1[0:0]
    40/46: $0\IBusCachedPlugin_decodePc_pcReg[31:0]
    41/46: $0\IBusCachedPlugin_fetchPc_inc[0:0]
    42/46: $0\IBusCachedPlugin_fetchPc_correctionReg[0:0]
    43/46: $0\IBusCachedPlugin_fetchPc_pcReg[31:0]
    44/46: $0\writeBack_arbitration_isValid[0:0]
    45/46: $0\memory_arbitration_isValid[0:0]
    46/46: $0\execute_arbitration_isValid[0:0]
Creating decoders for process `\VexRiscv.$proc$vexriscv_imc.v:4794$947'.
     1/1: $1\dBusWishbone_SEL[3:0]
Creating decoders for process `\VexRiscv.$proc$vexriscv_imc.v:4780$946'.
     1/1: $1\_zz_dBusWishbone_SEL[3:0]
Creating decoders for process `\VexRiscv.$proc$vexriscv_imc.v:4758$939'.
     1/1: $1\iBusWishbone_STB[0:0]
Creating decoders for process `\VexRiscv.$proc$vexriscv_imc.v:4751$938'.
     1/1: $1\iBusWishbone_CYC[0:0]
Creating decoders for process `\VexRiscv.$proc$vexriscv_imc.v:4736$931'.
     1/1: $1\when_CsrPlugin_l1719[0:0]
Creating decoders for process `\VexRiscv.$proc$vexriscv_imc.v:4725$888'.
     1/1: $1\_zz_CsrPlugin_csrMapping_readDataInit_22[31:0]
Creating decoders for process `\VexRiscv.$proc$vexriscv_imc.v:4718$887'.
     1/1: $1\_zz_CsrPlugin_csrMapping_readDataInit_21[31:0]
Creating decoders for process `\VexRiscv.$proc$vexriscv_imc.v:4711$886'.
     1/1: $1\_zz_CsrPlugin_csrMapping_readDataInit_20[31:0]
Creating decoders for process `\VexRiscv.$proc$vexriscv_imc.v:4704$885'.
     1/1: $1\_zz_CsrPlugin_csrMapping_readDataInit_19[31:0]
Creating decoders for process `\VexRiscv.$proc$vexriscv_imc.v:4697$884'.
     1/1: $1\_zz_CsrPlugin_csrMapping_readDataInit_18[31:0]
Creating decoders for process `\VexRiscv.$proc$vexriscv_imc.v:4690$883'.
     1/1: $1\_zz_CsrPlugin_csrMapping_readDataInit_17[31:0]
Creating decoders for process `\VexRiscv.$proc$vexriscv_imc.v:4683$882'.
     1/1: $1\_zz_CsrPlugin_csrMapping_readDataInit_16[31:0]
Creating decoders for process `\VexRiscv.$proc$vexriscv_imc.v:4676$881'.
     1/1: $1\_zz_CsrPlugin_csrMapping_readDataInit_15[31:0]
Creating decoders for process `\VexRiscv.$proc$vexriscv_imc.v:4669$880'.
     1/1: $1\_zz_CsrPlugin_csrMapping_readDataInit_14[31:0]
Creating decoders for process `\VexRiscv.$proc$vexriscv_imc.v:4662$879'.
     1/1: $1\_zz_CsrPlugin_csrMapping_readDataInit_13[31:0]
Creating decoders for process `\VexRiscv.$proc$vexriscv_imc.v:4655$878'.
     1/1: $1\_zz_CsrPlugin_csrMapping_readDataInit_12[31:0]
Creating decoders for process `\VexRiscv.$proc$vexriscv_imc.v:4647$877'.
     1/2: $1\_zz_CsrPlugin_csrMapping_readDataInit_11[3:0]
     2/2: $2\_zz_CsrPlugin_csrMapping_readDataInit_11[31:31]
Creating decoders for process `\VexRiscv.$proc$vexriscv_imc.v:4640$876'.
     1/1: $1\_zz_CsrPlugin_csrMapping_readDataInit_10[31:0]
Creating decoders for process `\VexRiscv.$proc$vexriscv_imc.v:4633$875'.
     1/1: $1\_zz_CsrPlugin_csrMapping_readDataInit_9[31:0]
Creating decoders for process `\VexRiscv.$proc$vexriscv_imc.v:4626$874'.
     1/1: $1\_zz_CsrPlugin_csrMapping_readDataInit_8[31:2]
Creating decoders for process `\VexRiscv.$proc$vexriscv_imc.v:4617$873'.
     1/3: $1\_zz_CsrPlugin_csrMapping_readDataInit_7[3:3]
     2/3: $2\_zz_CsrPlugin_csrMapping_readDataInit_7[7:7]
     3/3: $3\_zz_CsrPlugin_csrMapping_readDataInit_7[11:11]
Creating decoders for process `\VexRiscv.$proc$vexriscv_imc.v:4608$872'.
     1/3: $1\_zz_CsrPlugin_csrMapping_readDataInit_6[3:3]
     2/3: $2\_zz_CsrPlugin_csrMapping_readDataInit_6[7:7]
     3/3: $3\_zz_CsrPlugin_csrMapping_readDataInit_6[11:11]
Creating decoders for process `\VexRiscv.$proc$vexriscv_imc.v:4599$871'.
     1/3: $3\_zz_CsrPlugin_csrMapping_readDataInit_5[12:11]
     2/3: $1\_zz_CsrPlugin_csrMapping_readDataInit_5[3:3]
     3/3: $2\_zz_CsrPlugin_csrMapping_readDataInit_5[7:7]
Creating decoders for process `\VexRiscv.$proc$vexriscv_imc.v:4590$870'.
     1/2: $1\_zz_CsrPlugin_csrMapping_readDataInit_4[25:0]
     2/2: $2\_zz_CsrPlugin_csrMapping_readDataInit_4[31:30]
Creating decoders for process `\VexRiscv.$proc$vexriscv_imc.v:4583$869'.
     1/1: $1\_zz_CsrPlugin_csrMapping_readDataInit_3[5:0]
Creating decoders for process `\VexRiscv.$proc$vexriscv_imc.v:4576$868'.
     1/1: $1\_zz_CsrPlugin_csrMapping_readDataInit_2[4:0]
Creating decoders for process `\VexRiscv.$proc$vexriscv_imc.v:4569$867'.
     1/1: $1\_zz_CsrPlugin_csrMapping_readDataInit_1[3:0]
Creating decoders for process `\VexRiscv.$proc$vexriscv_imc.v:4418$702'.
Creating decoders for process `\VexRiscv.$proc$vexriscv_imc.v:4392$682'.
     1/2: $2\memory_DivPlugin_div_counter_valueNext[5:0]
     2/2: $1\memory_DivPlugin_div_counter_valueNext[5:0]
Creating decoders for process `\VexRiscv.$proc$vexriscv_imc.v:4383$679'.
     1/1: $1\memory_DivPlugin_div_counter_willClear[0:0]
Creating decoders for process `\VexRiscv.$proc$vexriscv_imc.v:4374$678'.
     1/2: $2\memory_DivPlugin_div_counter_willIncrement[0:0]
     2/2: $1\memory_DivPlugin_div_counter_willIncrement[0:0]
Creating decoders for process `\VexRiscv.$proc$vexriscv_imc.v:4350$673'.
     1/1: $1\execute_MulPlugin_bSigned[0:0]
Creating decoders for process `\VexRiscv.$proc$vexriscv_imc.v:4336$672'.
     1/1: $1\execute_MulPlugin_aSigned[0:0]
Creating decoders for process `\VexRiscv.$proc$vexriscv_imc.v:4318$664'.
     1/1: $1\_zz_CsrPlugin_csrMapping_writeDataSignal[31:0]
Creating decoders for process `\VexRiscv.$proc$vexriscv_imc.v:4306$656'.
     1/1: $1\execute_CsrPlugin_readInstruction[0:0]
Creating decoders for process `\VexRiscv.$proc$vexriscv_imc.v:4299$653'.
     1/1: $1\execute_CsrPlugin_writeInstruction[0:0]
Creating decoders for process `\VexRiscv.$proc$vexriscv_imc.v:4273$643'.
     1/4: $4\CsrPlugin_selfException_payload_code[3:0]
     2/4: $3\CsrPlugin_selfException_payload_code[3:0]
     3/4: $2\CsrPlugin_selfException_payload_code[3:0]
     4/4: $1\CsrPlugin_selfException_payload_code[3:0]
Creating decoders for process `\VexRiscv.$proc$vexriscv_imc.v:4260$642'.
     1/3: $3\CsrPlugin_selfException_valid[0:0]
     2/3: $2\CsrPlugin_selfException_valid[0:0]
     3/3: $1\CsrPlugin_selfException_valid[0:0]
Creating decoders for process `\VexRiscv.$proc$vexriscv_imc.v:4251$641'.
     1/2: $2\execute_CsrPlugin_illegalInstruction[0:0]
     2/2: $1\execute_CsrPlugin_illegalInstruction[0:0]
Creating decoders for process `\VexRiscv.$proc$vexriscv_imc.v:4151$640'.
     1/35: $35\execute_CsrPlugin_illegalAccess[0:0]
     2/35: $34\execute_CsrPlugin_illegalAccess[0:0]
     3/35: $33\execute_CsrPlugin_illegalAccess[0:0]
     4/35: $32\execute_CsrPlugin_illegalAccess[0:0]
     5/35: $31\execute_CsrPlugin_illegalAccess[0:0]
     6/35: $30\execute_CsrPlugin_illegalAccess[0:0]
     7/35: $29\execute_CsrPlugin_illegalAccess[0:0]
     8/35: $28\execute_CsrPlugin_illegalAccess[0:0]
     9/35: $27\execute_CsrPlugin_illegalAccess[0:0]
    10/35: $26\execute_CsrPlugin_illegalAccess[0:0]
    11/35: $25\execute_CsrPlugin_illegalAccess[0:0]
    12/35: $24\execute_CsrPlugin_illegalAccess[0:0]
    13/35: $23\execute_CsrPlugin_illegalAccess[0:0]
    14/35: $22\execute_CsrPlugin_illegalAccess[0:0]
    15/35: $21\execute_CsrPlugin_illegalAccess[0:0]
    16/35: $20\execute_CsrPlugin_illegalAccess[0:0]
    17/35: $19\execute_CsrPlugin_illegalAccess[0:0]
    18/35: $18\execute_CsrPlugin_illegalAccess[0:0]
    19/35: $17\execute_CsrPlugin_illegalAccess[0:0]
    20/35: $16\execute_CsrPlugin_illegalAccess[0:0]
    21/35: $15\execute_CsrPlugin_illegalAccess[0:0]
    22/35: $14\execute_CsrPlugin_illegalAccess[0:0]
    23/35: $13\execute_CsrPlugin_illegalAccess[0:0]
    24/35: $12\execute_CsrPlugin_illegalAccess[0:0]
    25/35: $11\execute_CsrPlugin_illegalAccess[0:0]
    26/35: $10\execute_CsrPlugin_illegalAccess[0:0]
    27/35: $9\execute_CsrPlugin_illegalAccess[0:0]
    28/35: $8\execute_CsrPlugin_illegalAccess[0:0]
    29/35: $7\execute_CsrPlugin_illegalAccess[0:0]
    30/35: $6\execute_CsrPlugin_illegalAccess[0:0]
    31/35: $5\execute_CsrPlugin_illegalAccess[0:0]
    32/35: $4\execute_CsrPlugin_illegalAccess[0:0]
    33/35: $3\execute_CsrPlugin_illegalAccess[0:0]
    34/35: $2\execute_CsrPlugin_illegalAccess[0:0]
    35/35: $1\execute_CsrPlugin_illegalAccess[0:0]
Creating decoders for process `\VexRiscv.$proc$vexriscv_imc.v:4130$623'.
     1/1: $1\CsrPlugin_xtvec_base[29:0]
Creating decoders for process `\VexRiscv.$proc$vexriscv_imc.v:4119$622'.
     1/1: $1\CsrPlugin_xtvec_mode[1:0]
Creating decoders for process `\VexRiscv.$proc$vexriscv_imc.v:4111$621'.
     1/1: $1\CsrPlugin_trapCause[3:0]
Creating decoders for process `\VexRiscv.$proc$vexriscv_imc.v:4104$620'.
     1/1: $1\CsrPlugin_targetPrivilege[1:0]
Creating decoders for process `\VexRiscv.$proc$vexriscv_imc.v:4092$616'.
     1/2: $2\CsrPlugin_pipelineLiberator_done[0:0]
     2/2: $1\CsrPlugin_pipelineLiberator_done[0:0]
Creating decoders for process `\VexRiscv.$proc$vexriscv_imc.v:4066$594'.
     1/1: $1\CsrPlugin_exceptionPortCtrl_exceptionValids_writeBack[0:0]
Creating decoders for process `\VexRiscv.$proc$vexriscv_imc.v:4056$593'.
     1/2: $2\CsrPlugin_exceptionPortCtrl_exceptionValids_memory[0:0]
     2/2: $1\CsrPlugin_exceptionPortCtrl_exceptionValids_memory[0:0]
Creating decoders for process `\VexRiscv.$proc$vexriscv_imc.v:4046$592'.
     1/2: $2\CsrPlugin_exceptionPortCtrl_exceptionValids_execute[0:0]
     2/2: $1\CsrPlugin_exceptionPortCtrl_exceptionValids_execute[0:0]
Creating decoders for process `\VexRiscv.$proc$vexriscv_imc.v:4036$591'.
     1/2: $2\CsrPlugin_exceptionPortCtrl_exceptionValids_decode[0:0]
     2/2: $1\CsrPlugin_exceptionPortCtrl_exceptionValids_decode[0:0]
Creating decoders for process `\VexRiscv.$proc$vexriscv_imc.v:4020$585'.
     1/1: $1\CsrPlugin_privilege[1:0]
Creating decoders for process `\VexRiscv.$proc$vexriscv_imc.v:3994$581'.
Creating decoders for process `\VexRiscv.$proc$vexriscv_imc.v:3979$580'.
Creating decoders for process `\VexRiscv.$proc$vexriscv_imc.v:3964$577'.
     1/2: $2\execute_BranchPlugin_branch_src2[31:0]
     2/2: $1\execute_BranchPlugin_branch_src2[31:0]
Creating decoders for process `\VexRiscv.$proc$vexriscv_imc.v:3941$576'.
Creating decoders for process `\VexRiscv.$proc$vexriscv_imc.v:3929$575'.
     1/1: $1\execute_BranchPlugin_branch_src1[31:0]
Creating decoders for process `\VexRiscv.$proc$vexriscv_imc.v:3911$574'.
     1/1: $1\_zz_execute_BRANCH_COND_RESULT_1[0:0]
Creating decoders for process `\VexRiscv.$proc$vexriscv_imc.v:3891$570'.
     1/1: $1\_zz_execute_BRANCH_COND_RESULT[0:0]
Creating decoders for process `\VexRiscv.$proc$vexriscv_imc.v:3837$543'.
     1/10: $10\HazardSimplePlugin_src1Hazard[0:0]
     2/10: $9\HazardSimplePlugin_src1Hazard[0:0]
     3/10: $8\HazardSimplePlugin_src1Hazard[0:0]
     4/10: $7\HazardSimplePlugin_src1Hazard[0:0]
     5/10: $6\HazardSimplePlugin_src1Hazard[0:0]
     6/10: $5\HazardSimplePlugin_src1Hazard[0:0]
     7/10: $4\HazardSimplePlugin_src1Hazard[0:0]
     8/10: $3\HazardSimplePlugin_src1Hazard[0:0]
     9/10: $2\HazardSimplePlugin_src1Hazard[0:0]
    10/10: $1\HazardSimplePlugin_src1Hazard[0:0]
Creating decoders for process `\VexRiscv.$proc$vexriscv_imc.v:3809$542'.
     1/10: $10\HazardSimplePlugin_src0Hazard[0:0]
     2/10: $9\HazardSimplePlugin_src0Hazard[0:0]
     3/10: $8\HazardSimplePlugin_src0Hazard[0:0]
     4/10: $7\HazardSimplePlugin_src0Hazard[0:0]
     5/10: $6\HazardSimplePlugin_src0Hazard[0:0]
     6/10: $5\HazardSimplePlugin_src0Hazard[0:0]
     7/10: $4\HazardSimplePlugin_src0Hazard[0:0]
     8/10: $3\HazardSimplePlugin_src0Hazard[0:0]
     9/10: $2\HazardSimplePlugin_src0Hazard[0:0]
    10/10: $1\HazardSimplePlugin_src0Hazard[0:0]
Creating decoders for process `\VexRiscv.$proc$vexriscv_imc.v:3774$541'.
Creating decoders for process `\VexRiscv.$proc$vexriscv_imc.v:3738$538'.
Creating decoders for process `\VexRiscv.$proc$vexriscv_imc.v:3729$534'.
     1/1: $1\execute_SrcPlugin_addSub[31:0]
Creating decoders for process `\VexRiscv.$proc$vexriscv_imc.v:3712$533'.
     1/1: $1\_zz_execute_SRC2_4[31:0]
Creating decoders for process `\VexRiscv.$proc$vexriscv_imc.v:3689$532'.
Creating decoders for process `\VexRiscv.$proc$vexriscv_imc.v:3665$531'.
Creating decoders for process `\VexRiscv.$proc$vexriscv_imc.v:3647$530'.
     1/1: $1\_zz_execute_SRC1[31:0]
Creating decoders for process `\VexRiscv.$proc$vexriscv_imc.v:3633$529'.
     1/1: $1\_zz_execute_REGFILE_WRITE_DATA[31:0]
Creating decoders for process `\VexRiscv.$proc$vexriscv_imc.v:3619$525'.
     1/1: $1\execute_IntAluPlugin_bitwise[31:0]
Creating decoders for process `\VexRiscv.$proc$vexriscv_imc.v:3612$524'.
     1/1: $1\lastStageRegFileWrite_payload_data[31:0]
Creating decoders for process `\VexRiscv.$proc$vexriscv_imc.v:3605$523'.
     1/1: $1\lastStageRegFileWrite_payload_address[4:0]
Creating decoders for process `\VexRiscv.$proc$vexriscv_imc.v:3598$521'.
     1/1: $1\lastStageRegFileWrite_valid[0:0]
Creating decoders for process `\VexRiscv.$proc$vexriscv_imc.v:3542$493'.
     1/1: $1\writeBack_DBusSimplePlugin_rspFormated[31:0]
Creating decoders for process `\VexRiscv.$proc$vexriscv_imc.v:3522$492'.
Creating decoders for process `\VexRiscv.$proc$vexriscv_imc.v:3493$489'.
Creating decoders for process `\VexRiscv.$proc$vexriscv_imc.v:3474$486'.
     1/2: $1\writeBack_DBusSimplePlugin_rspShifted[15:0] [15:8]
     2/2: $1\writeBack_DBusSimplePlugin_rspShifted[15:0] [7:0]
Creating decoders for process `\VexRiscv.$proc$vexriscv_imc.v:3461$477'.
     1/2: $2\DBusSimplePlugin_memoryExceptionPort_payload_code[3:0]
     2/2: $1\DBusSimplePlugin_memoryExceptionPort_payload_code[3:0]
Creating decoders for process `\VexRiscv.$proc$vexriscv_imc.v:3448$476'.
     1/3: $3\DBusSimplePlugin_memoryExceptionPort_valid[0:0]
     2/3: $2\DBusSimplePlugin_memoryExceptionPort_valid[0:0]
     3/3: $1\DBusSimplePlugin_memoryExceptionPort_valid[0:0]
Creating decoders for process `\VexRiscv.$proc$vexriscv_imc.v:3429$461'.
     1/1: $1\_zz_execute_DBusSimplePlugin_formalMask[3:0]
Creating decoders for process `\VexRiscv.$proc$vexriscv_imc.v:3413$453'.
     1/1: $1\_zz_dBus_cmd_payload_data[31:0]
Creating decoders for process `\VexRiscv.$proc$vexriscv_imc.v:3400$443'.
     1/2: $2\execute_DBusSimplePlugin_skipCmd[0:0]
     2/2: $1\execute_DBusSimplePlugin_skipCmd[0:0]
Creating decoders for process `\VexRiscv.$proc$vexriscv_imc.v:3378$428'.
     1/2: $2\IBusCachedPlugin_decodeExceptionPort_payload_code[3:0]
     2/2: $1\IBusCachedPlugin_decodeExceptionPort_payload_code[3:0]
Creating decoders for process `\VexRiscv.$proc$vexriscv_imc.v:3368$427'.
     1/2: $2\IBusCachedPlugin_decodeExceptionPort_valid[0:0]
     2/2: $1\IBusCachedPlugin_decodeExceptionPort_valid[0:0]
Creating decoders for process `\VexRiscv.$proc$vexriscv_imc.v:3361$424'.
     1/1: $1\IBusCachedPlugin_cache_io_cpu_fill_valid[0:0]
Creating decoders for process `\VexRiscv.$proc$vexriscv_imc.v:3351$423'.
     1/2: $2\IBusCachedPlugin_rsp_redoFetch[0:0]
     2/2: $1\IBusCachedPlugin_rsp_redoFetch[0:0]
Creating decoders for process `\VexRiscv.$proc$vexriscv_imc.v:3333$414'.
Creating decoders for process `\VexRiscv.$proc$vexriscv_imc.v:3309$410'.
Creating decoders for process `\VexRiscv.$proc$vexriscv_imc.v:3294$409'.
Creating decoders for process `\VexRiscv.$proc$vexriscv_imc.v:3269$403'.
Creating decoders for process `\VexRiscv.$proc$vexriscv_imc.v:3261$402'.
     1/1: $1\decode_arbitration_isValid[0:0]
Creating decoders for process `\VexRiscv.$proc$vexriscv_imc.v:3226$360'.
Creating decoders for process `\VexRiscv.$proc$vexriscv_imc.v:3208$359'.
     1/1: $1\_zz_IBusCachedPlugin_decompressor_decompressed_24[2:0]
Creating decoders for process `\VexRiscv.$proc$vexriscv_imc.v:3191$358'.
     1/1: $1\_zz_IBusCachedPlugin_decompressor_decompressed_23[2:0]
Creating decoders for process `\VexRiscv.$proc$vexriscv_imc.v:3174$355'.
Creating decoders for process `\VexRiscv.$proc$vexriscv_imc.v:3159$354'.
Creating decoders for process `\VexRiscv.$proc$vexriscv_imc.v:3152$353'.
Creating decoders for process `\VexRiscv.$proc$vexriscv_imc.v:3133$352'.
Creating decoders for process `\VexRiscv.$proc$vexriscv_imc.v:3118$351'.
Creating decoders for process `\VexRiscv.$proc$vexriscv_imc.v:3106$350'.
Creating decoders for process `\VexRiscv.$proc$vexriscv_imc.v:3046$334'.
     1/2: $2\IBusCachedPlugin_decompressor_decompressed[31:0]
     2/2: $1\IBusCachedPlugin_decompressor_decompressed[31:0]
Creating decoders for process `\VexRiscv.$proc$vexriscv_imc.v:3022$322'.
     1/1: $1\IBusCachedPlugin_iBusRsp_readyForError[0:0]
Creating decoders for process `\VexRiscv.$proc$vexriscv_imc.v:3009$317'.
     1/1: $1\IBusCachedPlugin_fetchPc_redo_payload[1:1]
Creating decoders for process `\VexRiscv.$proc$vexriscv_imc.v:2994$313'.
     1/2: $2\IBusCachedPlugin_iBusRsp_stages_1_halt[0:0]
     2/2: $1\IBusCachedPlugin_iBusRsp_stages_1_halt[0:0]
Creating decoders for process `\VexRiscv.$proc$vexriscv_imc.v:2983$309'.
     1/1: $1\IBusCachedPlugin_iBusRsp_stages_0_halt[0:0]
Creating decoders for process `\VexRiscv.$proc$vexriscv_imc.v:2973$308'.
     1/1: $1\IBusCachedPlugin_iBusRsp_redoFetch[0:0]
Creating decoders for process `\VexRiscv.$proc$vexriscv_imc.v:2962$301'.
     1/1: $1\IBusCachedPlugin_decodePc_flushed[0:0]
Creating decoders for process `\VexRiscv.$proc$vexriscv_imc.v:2949$295'.
     1/2: $2\IBusCachedPlugin_fetchPc_flushed[0:0]
     2/2: $1\IBusCachedPlugin_fetchPc_flushed[0:0]
Creating decoders for process `\VexRiscv.$proc$vexriscv_imc.v:2935$293'.
     1/3: $3\IBusCachedPlugin_fetchPc_pc[31:0]
     2/3: $2\IBusCachedPlugin_fetchPc_pc[31:0]
     3/3: $1\IBusCachedPlugin_fetchPc_pc[1:1]
Creating decoders for process `\VexRiscv.$proc$vexriscv_imc.v:2926$289'.
     1/1: $1\IBusCachedPlugin_fetchPc_pcRegPropagate[0:0]
Creating decoders for process `\VexRiscv.$proc$vexriscv_imc.v:2914$286'.
     1/2: $2\IBusCachedPlugin_fetchPc_correction[0:0]
     2/2: $1\IBusCachedPlugin_fetchPc_correction[0:0]
Creating decoders for process `\VexRiscv.$proc$vexriscv_imc.v:2886$281'.
     1/3: $3\CsrPlugin_jumpInterface_payload[31:0]
     2/3: $2\CsrPlugin_jumpInterface_payload[31:0]
     3/3: $1\CsrPlugin_jumpInterface_payload[31:0]
Creating decoders for process `\VexRiscv.$proc$vexriscv_imc.v:2876$280'.
     1/2: $2\CsrPlugin_jumpInterface_valid[0:0]
     2/2: $1\CsrPlugin_jumpInterface_valid[0:0]
Creating decoders for process `\VexRiscv.$proc$vexriscv_imc.v:2868$279'.
     1/1: $1\CsrPlugin_inWfi[0:0]
Creating decoders for process `\VexRiscv.$proc$vexriscv_imc.v:2856$278'.
     1/2: $2\CsrPlugin_csrMapping_allowCsrSignal[0:0]
     2/2: $1\CsrPlugin_csrMapping_allowCsrSignal[0:0]
Creating decoders for process `\VexRiscv.$proc$vexriscv_imc.v:2845$277'.
     1/2: $2\IBusCachedPlugin_incomingInstruction[0:0]
     2/2: $1\IBusCachedPlugin_incomingInstruction[0:0]
Creating decoders for process `\VexRiscv.$proc$vexriscv_imc.v:2831$276'.
     1/3: $3\IBusCachedPlugin_fetcherHalt[0:0]
     2/3: $2\IBusCachedPlugin_fetcherHalt[0:0]
     3/3: $1\IBusCachedPlugin_fetcherHalt[0:0]
Creating decoders for process `\VexRiscv.$proc$vexriscv_imc.v:2817$275'.
     1/2: $2\writeBack_arbitration_flushNext[0:0]
     2/2: $1\writeBack_arbitration_flushNext[0:0]
Creating decoders for process `\VexRiscv.$proc$vexriscv_imc.v:2809$274'.
     1/1: $1\writeBack_arbitration_removeIt[0:0]
Creating decoders for process `\VexRiscv.$proc$vexriscv_imc.v:2797$273'.
     1/2: $2\memory_arbitration_flushNext[0:0]
     2/2: $1\memory_arbitration_flushNext[0:0]
Creating decoders for process `\VexRiscv.$proc$vexriscv_imc.v:2786$272'.
     1/2: $2\memory_arbitration_removeIt[0:0]
     2/2: $1\memory_arbitration_removeIt[0:0]
Creating decoders for process `\VexRiscv.$proc$vexriscv_imc.v:2773$271'.
     1/3: $3\memory_arbitration_haltItself[0:0]
     2/3: $2\memory_arbitration_haltItself[0:0]
     3/3: $1\memory_arbitration_haltItself[0:0]
Creating decoders for process `\VexRiscv.$proc$vexriscv_imc.v:2766$270'.
     1/1: $1\execute_arbitration_flushNext[0:0]
Creating decoders for process `\VexRiscv.$proc$vexriscv_imc.v:2755$269'.
     1/2: $2\execute_arbitration_removeIt[0:0]
     2/2: $1\execute_arbitration_removeIt[0:0]
Creating decoders for process `\VexRiscv.$proc$vexriscv_imc.v:2737$268'.
     1/5: $5\execute_arbitration_haltItself[0:0]
     2/5: $4\execute_arbitration_haltItself[0:0]
     3/5: $3\execute_arbitration_haltItself[0:0]
     4/5: $2\execute_arbitration_haltItself[0:0]
     5/5: $1\execute_arbitration_haltItself[0:0]
Creating decoders for process `\VexRiscv.$proc$vexriscv_imc.v:2727$267'.
     1/2: $2\decode_arbitration_flushNext[0:0]
     2/2: $1\decode_arbitration_flushNext[0:0]
Creating decoders for process `\VexRiscv.$proc$vexriscv_imc.v:2716$266'.
     1/2: $2\decode_arbitration_removeIt[0:0]
     2/2: $1\decode_arbitration_removeIt[0:0]
Creating decoders for process `\VexRiscv.$proc$vexriscv_imc.v:2703$265'.
     1/3: $3\decode_arbitration_haltByOther[0:0]
     2/3: $2\decode_arbitration_haltByOther[0:0]
     3/3: $1\decode_arbitration_haltByOther[0:0]
Creating decoders for process `\VexRiscv.$proc$vexriscv_imc.v:2690$264'.
     1/1: $1\_zz_decode_to_execute_FORMAL_PC_NEXT[31:0]
Creating decoders for process `\VexRiscv.$proc$vexriscv_imc.v:2683$263'.
     1/1: $1\_zz_memory_to_writeBack_FORMAL_PC_NEXT[31:0]
Creating decoders for process `\VexRiscv.$proc$vexriscv_imc.v:2675$262'.
     1/1: $1\IBusCachedPlugin_rsp_issueDetected_1[0:0]
Creating decoders for process `\VexRiscv.$proc$vexriscv_imc.v:2668$261'.
     1/1: $1\IBusCachedPlugin_rsp_issueDetected_2[0:0]
Creating decoders for process `\VexRiscv.$proc$vexriscv_imc.v:2661$260'.
     1/1: $1\IBusCachedPlugin_rsp_issueDetected_3[0:0]
Creating decoders for process `\VexRiscv.$proc$vexriscv_imc.v:2654$259'.
     1/1: $1\IBusCachedPlugin_rsp_issueDetected_4[0:0]
Creating decoders for process `\VexRiscv.$proc$vexriscv_imc.v:2618$251'.
     1/4: $4\_zz_decode_RS2_2[31:0]
     2/4: $3\_zz_decode_RS2_2[31:0]
     3/4: $2\_zz_decode_RS2_2[31:0]
     4/4: $1\_zz_decode_RS2_2[31:0]
Creating decoders for process `\VexRiscv.$proc$vexriscv_imc.v:2607$242'.
     1/1: $1\decode_REGFILE_WRITE_VALID[0:0]
Creating decoders for process `\VexRiscv.$proc$vexriscv_imc.v:2599$240'.
     1/1: $1\_zz_1[0:0]
Creating decoders for process `\VexRiscv.$proc$vexriscv_imc.v:2561$239'.
     1/3: $3\_zz_decode_RS2_1[31:0]
     2/3: $2\_zz_decode_RS2_1[31:0]
     3/3: $1\_zz_decode_RS2_1[31:0]
Creating decoders for process `\VexRiscv.$proc$vexriscv_imc.v:2530$238'.
     1/11: $11\decode_RS1[31:0]
     2/11: $10\decode_RS1[31:0]
     3/11: $9\decode_RS1[31:0]
     4/11: $8\decode_RS1[31:0]
     5/11: $7\decode_RS1[31:0]
     6/11: $6\decode_RS1[31:0]
     7/11: $5\decode_RS1[31:0]
     8/11: $4\decode_RS1[31:0]
     9/11: $3\decode_RS1[31:0]
    10/11: $2\decode_RS1[31:0]
    11/11: $1\decode_RS1[31:0]
Creating decoders for process `\VexRiscv.$proc$vexriscv_imc.v:2500$237'.
     1/11: $11\decode_RS2[31:0]
     2/11: $10\decode_RS2[31:0]
     3/11: $9\decode_RS2[31:0]
     4/11: $8\decode_RS2[31:0]
     5/11: $7\decode_RS2[31:0]
     6/11: $6\decode_RS2[31:0]
     7/11: $5\decode_RS2[31:0]
     8/11: $4\decode_RS2[31:0]
     9/11: $3\decode_RS2[31:0]
    10/11: $2\decode_RS2[31:0]
    11/11: $1\decode_RS2[31:0]
Creating decoders for process `\VexRiscv.$proc$vexriscv_imc.v:2487$236'.
     1/1: $1\_zz_decode_RS2[31:0]
Creating decoders for process `\VexRiscv.$proc$vexriscv_imc.v:1693$216'.
     1/1: $1\_zz_IBusCachedPlugin_jump_pcLoad_payload_4[31:0]
Creating decoders for process `\VexRiscv.$proc$vexriscv_imc.v:1645$209'.
     1/3: $1$memwr$\RegFilePlugin_regFile$vexriscv_imc.v:1647$1_EN[31:0]$215
     2/3: $1$memwr$\RegFilePlugin_regFile$vexriscv_imc.v:1647$1_DATA[31:0]$214
     3/3: $1$memwr$\RegFilePlugin_regFile$vexriscv_imc.v:1647$1_ADDR[4:0]$213
Creating decoders for process `\VexRiscv.$proc$vexriscv_imc.v:1639$207'.
     1/1: $0\_zz_RegFilePlugin_regFile_port1[31:0]
Creating decoders for process `\VexRiscv.$proc$vexriscv_imc.v:1633$205'.
     1/1: $0\_zz_RegFilePlugin_regFile_port0[31:0]

3.4.8. Executing PROC_DLATCH pass (convert process syncs to latches).
No latch inferred for signal `\InstructionCache.\lineLoader_wayToAllocate_willIncrement' from process `\InstructionCache.$proc$vexriscv_imc.v:5676$1054'.
No latch inferred for signal `\InstructionCache.\io_cpu_prefetch_haltIt' from process `\InstructionCache.$proc$vexriscv_imc.v:5655$1043'.
No latch inferred for signal `\InstructionCache.\lineLoader_fire' from process `\InstructionCache.$proc$vexriscv_imc.v:5646$1042'.
No latch inferred for signal `\InstructionCache.\_zz_2' from process `\InstructionCache.$proc$vexriscv_imc.v:5639$1041'.
No latch inferred for signal `\InstructionCache.\_zz_1' from process `\InstructionCache.$proc$vexriscv_imc.v:5632$1040'.
No latch inferred for signal `\VexRiscv.\dBusWishbone_SEL' from process `\VexRiscv.$proc$vexriscv_imc.v:4794$947'.
No latch inferred for signal `\VexRiscv.\_zz_dBusWishbone_SEL' from process `\VexRiscv.$proc$vexriscv_imc.v:4780$946'.
No latch inferred for signal `\VexRiscv.\iBusWishbone_STB' from process `\VexRiscv.$proc$vexriscv_imc.v:4758$939'.
No latch inferred for signal `\VexRiscv.\iBusWishbone_CYC' from process `\VexRiscv.$proc$vexriscv_imc.v:4751$938'.
No latch inferred for signal `\VexRiscv.\when_CsrPlugin_l1719' from process `\VexRiscv.$proc$vexriscv_imc.v:4736$931'.
No latch inferred for signal `\VexRiscv.\_zz_CsrPlugin_csrMapping_readDataInit_22' from process `\VexRiscv.$proc$vexriscv_imc.v:4725$888'.
No latch inferred for signal `\VexRiscv.\_zz_CsrPlugin_csrMapping_readDataInit_21' from process `\VexRiscv.$proc$vexriscv_imc.v:4718$887'.
No latch inferred for signal `\VexRiscv.\_zz_CsrPlugin_csrMapping_readDataInit_20' from process `\VexRiscv.$proc$vexriscv_imc.v:4711$886'.
No latch inferred for signal `\VexRiscv.\_zz_CsrPlugin_csrMapping_readDataInit_19' from process `\VexRiscv.$proc$vexriscv_imc.v:4704$885'.
No latch inferred for signal `\VexRiscv.\_zz_CsrPlugin_csrMapping_readDataInit_18' from process `\VexRiscv.$proc$vexriscv_imc.v:4697$884'.
No latch inferred for signal `\VexRiscv.\_zz_CsrPlugin_csrMapping_readDataInit_17' from process `\VexRiscv.$proc$vexriscv_imc.v:4690$883'.
No latch inferred for signal `\VexRiscv.\_zz_CsrPlugin_csrMapping_readDataInit_16' from process `\VexRiscv.$proc$vexriscv_imc.v:4683$882'.
No latch inferred for signal `\VexRiscv.\_zz_CsrPlugin_csrMapping_readDataInit_15' from process `\VexRiscv.$proc$vexriscv_imc.v:4676$881'.
No latch inferred for signal `\VexRiscv.\_zz_CsrPlugin_csrMapping_readDataInit_14' from process `\VexRiscv.$proc$vexriscv_imc.v:4669$880'.
No latch inferred for signal `\VexRiscv.\_zz_CsrPlugin_csrMapping_readDataInit_13' from process `\VexRiscv.$proc$vexriscv_imc.v:4662$879'.
No latch inferred for signal `\VexRiscv.\_zz_CsrPlugin_csrMapping_readDataInit_12' from process `\VexRiscv.$proc$vexriscv_imc.v:4655$878'.
No latch inferred for signal `\VexRiscv.\_zz_CsrPlugin_csrMapping_readDataInit_11' from process `\VexRiscv.$proc$vexriscv_imc.v:4647$877'.
No latch inferred for signal `\VexRiscv.\_zz_CsrPlugin_csrMapping_readDataInit_10' from process `\VexRiscv.$proc$vexriscv_imc.v:4640$876'.
No latch inferred for signal `\VexRiscv.\_zz_CsrPlugin_csrMapping_readDataInit_9' from process `\VexRiscv.$proc$vexriscv_imc.v:4633$875'.
No latch inferred for signal `\VexRiscv.\_zz_CsrPlugin_csrMapping_readDataInit_8' from process `\VexRiscv.$proc$vexriscv_imc.v:4626$874'.
No latch inferred for signal `\VexRiscv.\_zz_CsrPlugin_csrMapping_readDataInit_7' from process `\VexRiscv.$proc$vexriscv_imc.v:4617$873'.
No latch inferred for signal `\VexRiscv.\_zz_CsrPlugin_csrMapping_readDataInit_6' from process `\VexRiscv.$proc$vexriscv_imc.v:4608$872'.
No latch inferred for signal `\VexRiscv.\_zz_CsrPlugin_csrMapping_readDataInit_5' from process `\VexRiscv.$proc$vexriscv_imc.v:4599$871'.
No latch inferred for signal `\VexRiscv.\_zz_CsrPlugin_csrMapping_readDataInit_4' from process `\VexRiscv.$proc$vexriscv_imc.v:4590$870'.
No latch inferred for signal `\VexRiscv.\_zz_CsrPlugin_csrMapping_readDataInit_3' from process `\VexRiscv.$proc$vexriscv_imc.v:4583$869'.
No latch inferred for signal `\VexRiscv.\_zz_CsrPlugin_csrMapping_readDataInit_2' from process `\VexRiscv.$proc$vexriscv_imc.v:4576$868'.
No latch inferred for signal `\VexRiscv.\_zz_CsrPlugin_csrMapping_readDataInit_1' from process `\VexRiscv.$proc$vexriscv_imc.v:4569$867'.
No latch inferred for signal `\VexRiscv.\_zz_memory_DivPlugin_rs1_1' from process `\VexRiscv.$proc$vexriscv_imc.v:4418$702'.
No latch inferred for signal `\VexRiscv.\memory_DivPlugin_div_counter_valueNext' from process `\VexRiscv.$proc$vexriscv_imc.v:4392$682'.
No latch inferred for signal `\VexRiscv.\memory_DivPlugin_div_counter_willClear' from process `\VexRiscv.$proc$vexriscv_imc.v:4383$679'.
No latch inferred for signal `\VexRiscv.\memory_DivPlugin_div_counter_willIncrement' from process `\VexRiscv.$proc$vexriscv_imc.v:4374$678'.
No latch inferred for signal `\VexRiscv.\execute_MulPlugin_bSigned' from process `\VexRiscv.$proc$vexriscv_imc.v:4350$673'.
No latch inferred for signal `\VexRiscv.\execute_MulPlugin_aSigned' from process `\VexRiscv.$proc$vexriscv_imc.v:4336$672'.
No latch inferred for signal `\VexRiscv.\_zz_CsrPlugin_csrMapping_writeDataSignal' from process `\VexRiscv.$proc$vexriscv_imc.v:4318$664'.
No latch inferred for signal `\VexRiscv.\execute_CsrPlugin_readInstruction' from process `\VexRiscv.$proc$vexriscv_imc.v:4306$656'.
No latch inferred for signal `\VexRiscv.\execute_CsrPlugin_writeInstruction' from process `\VexRiscv.$proc$vexriscv_imc.v:4299$653'.
No latch inferred for signal `\VexRiscv.\CsrPlugin_selfException_payload_code' from process `\VexRiscv.$proc$vexriscv_imc.v:4273$643'.
No latch inferred for signal `\VexRiscv.\CsrPlugin_selfException_valid' from process `\VexRiscv.$proc$vexriscv_imc.v:4260$642'.
No latch inferred for signal `\VexRiscv.\execute_CsrPlugin_illegalInstruction' from process `\VexRiscv.$proc$vexriscv_imc.v:4251$641'.
No latch inferred for signal `\VexRiscv.\execute_CsrPlugin_illegalAccess' from process `\VexRiscv.$proc$vexriscv_imc.v:4151$640'.
No latch inferred for signal `\VexRiscv.\CsrPlugin_xtvec_base' from process `\VexRiscv.$proc$vexriscv_imc.v:4130$623'.
No latch inferred for signal `\VexRiscv.\CsrPlugin_xtvec_mode' from process `\VexRiscv.$proc$vexriscv_imc.v:4119$622'.
No latch inferred for signal `\VexRiscv.\CsrPlugin_trapCause' from process `\VexRiscv.$proc$vexriscv_imc.v:4111$621'.
No latch inferred for signal `\VexRiscv.\CsrPlugin_targetPrivilege' from process `\VexRiscv.$proc$vexriscv_imc.v:4104$620'.
No latch inferred for signal `\VexRiscv.\CsrPlugin_pipelineLiberator_done' from process `\VexRiscv.$proc$vexriscv_imc.v:4092$616'.
No latch inferred for signal `\VexRiscv.\CsrPlugin_exceptionPortCtrl_exceptionValids_writeBack' from process `\VexRiscv.$proc$vexriscv_imc.v:4066$594'.
No latch inferred for signal `\VexRiscv.\CsrPlugin_exceptionPortCtrl_exceptionValids_memory' from process `\VexRiscv.$proc$vexriscv_imc.v:4056$593'.
No latch inferred for signal `\VexRiscv.\CsrPlugin_exceptionPortCtrl_exceptionValids_execute' from process `\VexRiscv.$proc$vexriscv_imc.v:4046$592'.
No latch inferred for signal `\VexRiscv.\CsrPlugin_exceptionPortCtrl_exceptionValids_decode' from process `\VexRiscv.$proc$vexriscv_imc.v:4036$591'.
No latch inferred for signal `\VexRiscv.\CsrPlugin_privilege' from process `\VexRiscv.$proc$vexriscv_imc.v:4020$585'.
No latch inferred for signal `\VexRiscv.\_zz_execute_BranchPlugin_branch_src2_5' from process `\VexRiscv.$proc$vexriscv_imc.v:3994$581'.
No latch inferred for signal `\VexRiscv.\_zz_execute_BranchPlugin_branch_src2_3' from process `\VexRiscv.$proc$vexriscv_imc.v:3979$580'.
No latch inferred for signal `\VexRiscv.\execute_BranchPlugin_branch_src2' from process `\VexRiscv.$proc$vexriscv_imc.v:3964$577'.
No latch inferred for signal `\VexRiscv.\_zz_execute_BranchPlugin_branch_src2_1' from process `\VexRiscv.$proc$vexriscv_imc.v:3941$576'.
No latch inferred for signal `\VexRiscv.\execute_BranchPlugin_branch_src1' from process `\VexRiscv.$proc$vexriscv_imc.v:3929$575'.
No latch inferred for signal `\VexRiscv.\_zz_execute_BRANCH_COND_RESULT_1' from process `\VexRiscv.$proc$vexriscv_imc.v:3911$574'.
No latch inferred for signal `\VexRiscv.\_zz_execute_BRANCH_COND_RESULT' from process `\VexRiscv.$proc$vexriscv_imc.v:3891$570'.
No latch inferred for signal `\VexRiscv.\HazardSimplePlugin_src1Hazard' from process `\VexRiscv.$proc$vexriscv_imc.v:3837$543'.
No latch inferred for signal `\VexRiscv.\HazardSimplePlugin_src0Hazard' from process `\VexRiscv.$proc$vexriscv_imc.v:3809$542'.
No latch inferred for signal `\VexRiscv.\_zz_decode_RS2_3' from process `\VexRiscv.$proc$vexriscv_imc.v:3774$541'.
No latch inferred for signal `\VexRiscv.\_zz_execute_FullBarrelShifterPlugin_reversed' from process `\VexRiscv.$proc$vexriscv_imc.v:3738$538'.
No latch inferred for signal `\VexRiscv.\execute_SrcPlugin_addSub' from process `\VexRiscv.$proc$vexriscv_imc.v:3729$534'.
No latch inferred for signal `\VexRiscv.\_zz_execute_SRC2_4' from process `\VexRiscv.$proc$vexriscv_imc.v:3712$533'.
No latch inferred for signal `\VexRiscv.\_zz_execute_SRC2_3' from process `\VexRiscv.$proc$vexriscv_imc.v:3689$532'.
No latch inferred for signal `\VexRiscv.\_zz_execute_SRC2_1' from process `\VexRiscv.$proc$vexriscv_imc.v:3665$531'.
No latch inferred for signal `\VexRiscv.\_zz_execute_SRC1' from process `\VexRiscv.$proc$vexriscv_imc.v:3647$530'.
No latch inferred for signal `\VexRiscv.\_zz_execute_REGFILE_WRITE_DATA' from process `\VexRiscv.$proc$vexriscv_imc.v:3633$529'.
No latch inferred for signal `\VexRiscv.\execute_IntAluPlugin_bitwise' from process `\VexRiscv.$proc$vexriscv_imc.v:3619$525'.
No latch inferred for signal `\VexRiscv.\lastStageRegFileWrite_payload_data' from process `\VexRiscv.$proc$vexriscv_imc.v:3612$524'.
No latch inferred for signal `\VexRiscv.\lastStageRegFileWrite_payload_address' from process `\VexRiscv.$proc$vexriscv_imc.v:3605$523'.
No latch inferred for signal `\VexRiscv.\lastStageRegFileWrite_valid' from process `\VexRiscv.$proc$vexriscv_imc.v:3598$521'.
No latch inferred for signal `\VexRiscv.\writeBack_DBusSimplePlugin_rspFormated' from process `\VexRiscv.$proc$vexriscv_imc.v:3542$493'.
No latch inferred for signal `\VexRiscv.\_zz_writeBack_DBusSimplePlugin_rspFormated_3' from process `\VexRiscv.$proc$vexriscv_imc.v:3522$492'.
No latch inferred for signal `\VexRiscv.\_zz_writeBack_DBusSimplePlugin_rspFormated_1' from process `\VexRiscv.$proc$vexriscv_imc.v:3493$489'.
No latch inferred for signal `\VexRiscv.\writeBack_DBusSimplePlugin_rspShifted' from process `\VexRiscv.$proc$vexriscv_imc.v:3474$486'.
No latch inferred for signal `\VexRiscv.\DBusSimplePlugin_memoryExceptionPort_payload_code' from process `\VexRiscv.$proc$vexriscv_imc.v:3461$477'.
No latch inferred for signal `\VexRiscv.\DBusSimplePlugin_memoryExceptionPort_valid' from process `\VexRiscv.$proc$vexriscv_imc.v:3448$476'.
No latch inferred for signal `\VexRiscv.\_zz_execute_DBusSimplePlugin_formalMask' from process `\VexRiscv.$proc$vexriscv_imc.v:3429$461'.
No latch inferred for signal `\VexRiscv.\_zz_dBus_cmd_payload_data' from process `\VexRiscv.$proc$vexriscv_imc.v:3413$453'.
No latch inferred for signal `\VexRiscv.\execute_DBusSimplePlugin_skipCmd' from process `\VexRiscv.$proc$vexriscv_imc.v:3400$443'.
No latch inferred for signal `\VexRiscv.\IBusCachedPlugin_decodeExceptionPort_payload_code' from process `\VexRiscv.$proc$vexriscv_imc.v:3378$428'.
No latch inferred for signal `\VexRiscv.\IBusCachedPlugin_decodeExceptionPort_valid' from process `\VexRiscv.$proc$vexriscv_imc.v:3368$427'.
No latch inferred for signal `\VexRiscv.\IBusCachedPlugin_cache_io_cpu_fill_valid' from process `\VexRiscv.$proc$vexriscv_imc.v:3361$424'.
No latch inferred for signal `\VexRiscv.\IBusCachedPlugin_rsp_redoFetch' from process `\VexRiscv.$proc$vexriscv_imc.v:3351$423'.
No latch inferred for signal `\VexRiscv.\iBus_cmd_payload_address' from process `\VexRiscv.$proc$vexriscv_imc.v:3333$414'.
No latch inferred for signal `\VexRiscv.\_zz_IBusCachedPlugin_predictionJumpInterface_payload_3' from process `\VexRiscv.$proc$vexriscv_imc.v:3309$410'.
No latch inferred for signal `\VexRiscv.\_zz_IBusCachedPlugin_predictionJumpInterface_payload_1' from process `\VexRiscv.$proc$vexriscv_imc.v:3294$409'.
No latch inferred for signal `\VexRiscv.\_zz_IBusCachedPlugin_decodePrediction_cmd_hadBranch_1' from process `\VexRiscv.$proc$vexriscv_imc.v:3269$403'.
No latch inferred for signal `\VexRiscv.\decode_arbitration_isValid' from process `\VexRiscv.$proc$vexriscv_imc.v:3261$402'.
No latch inferred for signal `\VexRiscv.\_zz_IBusCachedPlugin_decompressor_decompressed_26' from process `\VexRiscv.$proc$vexriscv_imc.v:3226$360'.
No latch inferred for signal `\VexRiscv.\_zz_IBusCachedPlugin_decompressor_decompressed_24' from process `\VexRiscv.$proc$vexriscv_imc.v:3208$359'.
No latch inferred for signal `\VexRiscv.\_zz_IBusCachedPlugin_decompressor_decompressed_23' from process `\VexRiscv.$proc$vexriscv_imc.v:3191$358'.
No latch inferred for signal `\VexRiscv.\_zz_IBusCachedPlugin_decompressor_decompressed_17' from process `\VexRiscv.$proc$vexriscv_imc.v:3174$355'.
No latch inferred for signal `\VexRiscv.\_zz_IBusCachedPlugin_decompressor_decompressed_14' from process `\VexRiscv.$proc$vexriscv_imc.v:3159$354'.
No latch inferred for signal `\VexRiscv.\_zz_IBusCachedPlugin_decompressor_decompressed_12' from process `\VexRiscv.$proc$vexriscv_imc.v:3152$353'.
No latch inferred for signal `\VexRiscv.\_zz_IBusCachedPlugin_decompressor_decompressed_10' from process `\VexRiscv.$proc$vexriscv_imc.v:3133$352'.
No latch inferred for signal `\VexRiscv.\_zz_IBusCachedPlugin_decompressor_decompressed_7' from process `\VexRiscv.$proc$vexriscv_imc.v:3118$351'.
No latch inferred for signal `\VexRiscv.\_zz_IBusCachedPlugin_decompressor_decompressed_5' from process `\VexRiscv.$proc$vexriscv_imc.v:3106$350'.
No latch inferred for signal `\VexRiscv.\IBusCachedPlugin_decompressor_decompressed' from process `\VexRiscv.$proc$vexriscv_imc.v:3046$334'.
No latch inferred for signal `\VexRiscv.\IBusCachedPlugin_iBusRsp_readyForError' from process `\VexRiscv.$proc$vexriscv_imc.v:3022$322'.
No latch inferred for signal `\VexRiscv.\IBusCachedPlugin_fetchPc_redo_payload' from process `\VexRiscv.$proc$vexriscv_imc.v:3009$317'.
No latch inferred for signal `\VexRiscv.\IBusCachedPlugin_iBusRsp_stages_1_halt' from process `\VexRiscv.$proc$vexriscv_imc.v:2994$313'.
No latch inferred for signal `\VexRiscv.\IBusCachedPlugin_iBusRsp_stages_0_halt' from process `\VexRiscv.$proc$vexriscv_imc.v:2983$309'.
No latch inferred for signal `\VexRiscv.\IBusCachedPlugin_iBusRsp_redoFetch' from process `\VexRiscv.$proc$vexriscv_imc.v:2973$308'.
No latch inferred for signal `\VexRiscv.\IBusCachedPlugin_decodePc_flushed' from process `\VexRiscv.$proc$vexriscv_imc.v:2962$301'.
No latch inferred for signal `\VexRiscv.\IBusCachedPlugin_fetchPc_flushed' from process `\VexRiscv.$proc$vexriscv_imc.v:2949$295'.
No latch inferred for signal `\VexRiscv.\IBusCachedPlugin_fetchPc_pc' from process `\VexRiscv.$proc$vexriscv_imc.v:2935$293'.
No latch inferred for signal `\VexRiscv.\IBusCachedPlugin_fetchPc_pcRegPropagate' from process `\VexRiscv.$proc$vexriscv_imc.v:2926$289'.
No latch inferred for signal `\VexRiscv.\IBusCachedPlugin_fetchPc_correction' from process `\VexRiscv.$proc$vexriscv_imc.v:2914$286'.
No latch inferred for signal `\VexRiscv.\CsrPlugin_jumpInterface_payload' from process `\VexRiscv.$proc$vexriscv_imc.v:2886$281'.
No latch inferred for signal `\VexRiscv.\CsrPlugin_jumpInterface_valid' from process `\VexRiscv.$proc$vexriscv_imc.v:2876$280'.
No latch inferred for signal `\VexRiscv.\CsrPlugin_inWfi' from process `\VexRiscv.$proc$vexriscv_imc.v:2868$279'.
No latch inferred for signal `\VexRiscv.\CsrPlugin_csrMapping_allowCsrSignal' from process `\VexRiscv.$proc$vexriscv_imc.v:2856$278'.
No latch inferred for signal `\VexRiscv.\IBusCachedPlugin_incomingInstruction' from process `\VexRiscv.$proc$vexriscv_imc.v:2845$277'.
No latch inferred for signal `\VexRiscv.\IBusCachedPlugin_fetcherHalt' from process `\VexRiscv.$proc$vexriscv_imc.v:2831$276'.
No latch inferred for signal `\VexRiscv.\writeBack_arbitration_flushNext' from process `\VexRiscv.$proc$vexriscv_imc.v:2817$275'.
No latch inferred for signal `\VexRiscv.\writeBack_arbitration_removeIt' from process `\VexRiscv.$proc$vexriscv_imc.v:2809$274'.
No latch inferred for signal `\VexRiscv.\memory_arbitration_flushNext' from process `\VexRiscv.$proc$vexriscv_imc.v:2797$273'.
No latch inferred for signal `\VexRiscv.\memory_arbitration_removeIt' from process `\VexRiscv.$proc$vexriscv_imc.v:2786$272'.
No latch inferred for signal `\VexRiscv.\memory_arbitration_haltItself' from process `\VexRiscv.$proc$vexriscv_imc.v:2773$271'.
No latch inferred for signal `\VexRiscv.\execute_arbitration_flushNext' from process `\VexRiscv.$proc$vexriscv_imc.v:2766$270'.
No latch inferred for signal `\VexRiscv.\execute_arbitration_removeIt' from process `\VexRiscv.$proc$vexriscv_imc.v:2755$269'.
No latch inferred for signal `\VexRiscv.\execute_arbitration_haltItself' from process `\VexRiscv.$proc$vexriscv_imc.v:2737$268'.
No latch inferred for signal `\VexRiscv.\decode_arbitration_flushNext' from process `\VexRiscv.$proc$vexriscv_imc.v:2727$267'.
No latch inferred for signal `\VexRiscv.\decode_arbitration_removeIt' from process `\VexRiscv.$proc$vexriscv_imc.v:2716$266'.
No latch inferred for signal `\VexRiscv.\decode_arbitration_haltByOther' from process `\VexRiscv.$proc$vexriscv_imc.v:2703$265'.
No latch inferred for signal `\VexRiscv.\_zz_decode_to_execute_FORMAL_PC_NEXT' from process `\VexRiscv.$proc$vexriscv_imc.v:2690$264'.
No latch inferred for signal `\VexRiscv.\_zz_memory_to_writeBack_FORMAL_PC_NEXT' from process `\VexRiscv.$proc$vexriscv_imc.v:2683$263'.
No latch inferred for signal `\VexRiscv.\IBusCachedPlugin_rsp_issueDetected_1' from process `\VexRiscv.$proc$vexriscv_imc.v:2675$262'.
No latch inferred for signal `\VexRiscv.\IBusCachedPlugin_rsp_issueDetected_2' from process `\VexRiscv.$proc$vexriscv_imc.v:2668$261'.
No latch inferred for signal `\VexRiscv.\IBusCachedPlugin_rsp_issueDetected_3' from process `\VexRiscv.$proc$vexriscv_imc.v:2661$260'.
No latch inferred for signal `\VexRiscv.\IBusCachedPlugin_rsp_issueDetected_4' from process `\VexRiscv.$proc$vexriscv_imc.v:2654$259'.
No latch inferred for signal `\VexRiscv.\_zz_decode_RS2_2' from process `\VexRiscv.$proc$vexriscv_imc.v:2618$251'.
No latch inferred for signal `\VexRiscv.\decode_REGFILE_WRITE_VALID' from process `\VexRiscv.$proc$vexriscv_imc.v:2607$242'.
No latch inferred for signal `\VexRiscv.\_zz_1' from process `\VexRiscv.$proc$vexriscv_imc.v:2599$240'.
No latch inferred for signal `\VexRiscv.\_zz_decode_RS2_1' from process `\VexRiscv.$proc$vexriscv_imc.v:2561$239'.
No latch inferred for signal `\VexRiscv.\decode_RS1' from process `\VexRiscv.$proc$vexriscv_imc.v:2530$238'.
No latch inferred for signal `\VexRiscv.\decode_RS2' from process `\VexRiscv.$proc$vexriscv_imc.v:2500$237'.
No latch inferred for signal `\VexRiscv.\_zz_decode_RS2' from process `\VexRiscv.$proc$vexriscv_imc.v:2487$236'.
No latch inferred for signal `\VexRiscv.\_zz_IBusCachedPlugin_jump_pcLoad_payload_4' from process `\VexRiscv.$proc$vexriscv_imc.v:1693$216'.

3.4.9. Executing PROC_DFF pass (convert process syncs to FFs).
Creating register for signal `\InstructionCache.\lineLoader_address' using process `\InstructionCache.$proc$vexriscv_imc.v:5754$1081'.
  created $dff cell `$procdff$3091' with positive edge clock.
Creating register for signal `\InstructionCache.\lineLoader_flushCounter' using process `\InstructionCache.$proc$vexriscv_imc.v:5754$1081'.
  created $dff cell `$procdff$3092' with positive edge clock.
Creating register for signal `\InstructionCache.\_zz_when_InstructionCache_l342' using process `\InstructionCache.$proc$vexriscv_imc.v:5754$1081'.
  created $dff cell `$procdff$3093' with positive edge clock.
Creating register for signal `\InstructionCache.\lineLoader_valid' using process `\InstructionCache.$proc$vexriscv_imc.v:5716$1079'.
  created $dff cell `$procdff$3094' with positive edge clock.
Creating register for signal `\InstructionCache.\lineLoader_hadError' using process `\InstructionCache.$proc$vexriscv_imc.v:5716$1079'.
  created $dff cell `$procdff$3095' with positive edge clock.
Creating register for signal `\InstructionCache.\lineLoader_flushPending' using process `\InstructionCache.$proc$vexriscv_imc.v:5716$1079'.
  created $dff cell `$procdff$3096' with positive edge clock.
Creating register for signal `\InstructionCache.\lineLoader_cmdSent' using process `\InstructionCache.$proc$vexriscv_imc.v:5716$1079'.
  created $dff cell `$procdff$3097' with positive edge clock.
Creating register for signal `\InstructionCache.\lineLoader_wordIndex' using process `\InstructionCache.$proc$vexriscv_imc.v:5716$1079'.
  created $dff cell `$procdff$3098' with positive edge clock.
Creating register for signal `\InstructionCache.\_zz_ways_0_tags_port1' using process `\InstructionCache.$proc$vexriscv_imc.v:5626$1038'.
  created $dff cell `$procdff$3099' with positive edge clock.
Creating register for signal `\InstructionCache.$memwr$\ways_0_tags$vexriscv_imc.v:5622$1021_ADDR' using process `\InstructionCache.$proc$vexriscv_imc.v:5620$1031'.
  created $dff cell `$procdff$3100' with positive edge clock.
Creating register for signal `\InstructionCache.$memwr$\ways_0_tags$vexriscv_imc.v:5622$1021_DATA' using process `\InstructionCache.$proc$vexriscv_imc.v:5620$1031'.
  created $dff cell `$procdff$3101' with positive edge clock.
Creating register for signal `\InstructionCache.$memwr$\ways_0_tags$vexriscv_imc.v:5622$1021_EN' using process `\InstructionCache.$proc$vexriscv_imc.v:5620$1031'.
  created $dff cell `$procdff$3102' with positive edge clock.
Creating register for signal `\InstructionCache.\_zz_banks_0_port1' using process `\InstructionCache.$proc$vexriscv_imc.v:5614$1029'.
  created $dff cell `$procdff$3103' with positive edge clock.
Creating register for signal `\InstructionCache.$memwr$\banks_0$vexriscv_imc.v:5610$1020_ADDR' using process `\InstructionCache.$proc$vexriscv_imc.v:5608$1022'.
  created $dff cell `$procdff$3104' with positive edge clock.
Creating register for signal `\InstructionCache.$memwr$\banks_0$vexriscv_imc.v:5610$1020_DATA' using process `\InstructionCache.$proc$vexriscv_imc.v:5608$1022'.
  created $dff cell `$procdff$3105' with positive edge clock.
Creating register for signal `\InstructionCache.$memwr$\banks_0$vexriscv_imc.v:5610$1020_EN' using process `\InstructionCache.$proc$vexriscv_imc.v:5608$1022'.
  created $dff cell `$procdff$3106' with positive edge clock.
Creating register for signal `\VexRiscv.\IBusCachedPlugin_decompressor_bufferData' using process `\VexRiscv.$proc$vexriscv_imc.v:5107$978'.
  created $dff cell `$procdff$3107' with positive edge clock.
Creating register for signal `\VexRiscv.\IBusCachedPlugin_decompressor_bufferValidLatch' using process `\VexRiscv.$proc$vexriscv_imc.v:5107$978'.
  created $dff cell `$procdff$3108' with positive edge clock.
Creating register for signal `\VexRiscv.\IBusCachedPlugin_decompressor_throw2BytesLatch' using process `\VexRiscv.$proc$vexriscv_imc.v:5107$978'.
  created $dff cell `$procdff$3109' with positive edge clock.
Creating register for signal `\VexRiscv.\_zz_IBusCachedPlugin_injector_decodeInput_payload_pc' using process `\VexRiscv.$proc$vexriscv_imc.v:5107$978'.
  created $dff cell `$procdff$3110' with positive edge clock.
Creating register for signal `\VexRiscv.\_zz_IBusCachedPlugin_injector_decodeInput_payload_rsp_error' using process `\VexRiscv.$proc$vexriscv_imc.v:5107$978'.
  created $dff cell `$procdff$3111' with positive edge clock.
Creating register for signal `\VexRiscv.\_zz_IBusCachedPlugin_injector_decodeInput_payload_rsp_inst' using process `\VexRiscv.$proc$vexriscv_imc.v:5107$978'.
  created $dff cell `$procdff$3112' with positive edge clock.
Creating register for signal `\VexRiscv.\_zz_IBusCachedPlugin_injector_decodeInput_payload_isRvc' using process `\VexRiscv.$proc$vexriscv_imc.v:5107$978'.
  created $dff cell `$procdff$3113' with positive edge clock.
Creating register for signal `\VexRiscv.\IBusCachedPlugin_injector_formal_rawInDecode' using process `\VexRiscv.$proc$vexriscv_imc.v:5107$978'.
  created $dff cell `$procdff$3114' with positive edge clock.
Creating register for signal `\VexRiscv.\IBusCachedPlugin_s1_tightlyCoupledHit' using process `\VexRiscv.$proc$vexriscv_imc.v:5107$978'.
  created $dff cell `$procdff$3115' with positive edge clock.
Creating register for signal `\VexRiscv.\HazardSimplePlugin_writeBackBuffer_payload_address' using process `\VexRiscv.$proc$vexriscv_imc.v:5107$978'.
  created $dff cell `$procdff$3116' with positive edge clock.
Creating register for signal `\VexRiscv.\HazardSimplePlugin_writeBackBuffer_payload_data' using process `\VexRiscv.$proc$vexriscv_imc.v:5107$978'.
  created $dff cell `$procdff$3117' with positive edge clock.
Creating register for signal `\VexRiscv.\CsrPlugin_mtvec_base' using process `\VexRiscv.$proc$vexriscv_imc.v:5107$978'.
  created $dff cell `$procdff$3118' with positive edge clock.
Creating register for signal `\VexRiscv.\CsrPlugin_mepc' using process `\VexRiscv.$proc$vexriscv_imc.v:5107$978'.
  created $dff cell `$procdff$3119' with positive edge clock.
Creating register for signal `\VexRiscv.\CsrPlugin_mip_MEIP' using process `\VexRiscv.$proc$vexriscv_imc.v:5107$978'.
  created $dff cell `$procdff$3120' with positive edge clock.
Creating register for signal `\VexRiscv.\CsrPlugin_mip_MTIP' using process `\VexRiscv.$proc$vexriscv_imc.v:5107$978'.
  created $dff cell `$procdff$3121' with positive edge clock.
Creating register for signal `\VexRiscv.\CsrPlugin_mip_MSIP' using process `\VexRiscv.$proc$vexriscv_imc.v:5107$978'.
  created $dff cell `$procdff$3122' with positive edge clock.
Creating register for signal `\VexRiscv.\CsrPlugin_mscratch' using process `\VexRiscv.$proc$vexriscv_imc.v:5107$978'.
  created $dff cell `$procdff$3123' with positive edge clock.
Creating register for signal `\VexRiscv.\CsrPlugin_mcause_interrupt' using process `\VexRiscv.$proc$vexriscv_imc.v:5107$978'.
  created $dff cell `$procdff$3124' with positive edge clock.
Creating register for signal `\VexRiscv.\CsrPlugin_mcause_exceptionCode' using process `\VexRiscv.$proc$vexriscv_imc.v:5107$978'.
  created $dff cell `$procdff$3125' with positive edge clock.
Creating register for signal `\VexRiscv.\CsrPlugin_mtval' using process `\VexRiscv.$proc$vexriscv_imc.v:5107$978'.
  created $dff cell `$procdff$3126' with positive edge clock.
Creating register for signal `\VexRiscv.\CsrPlugin_exceptionPortCtrl_exceptionContext_code' using process `\VexRiscv.$proc$vexriscv_imc.v:5107$978'.
  created $dff cell `$procdff$3127' with positive edge clock.
Creating register for signal `\VexRiscv.\CsrPlugin_exceptionPortCtrl_exceptionContext_badAddr' using process `\VexRiscv.$proc$vexriscv_imc.v:5107$978'.
  created $dff cell `$procdff$3128' with positive edge clock.
Creating register for signal `\VexRiscv.\CsrPlugin_interrupt_code' using process `\VexRiscv.$proc$vexriscv_imc.v:5107$978'.
  created $dff cell `$procdff$3129' with positive edge clock.
Creating register for signal `\VexRiscv.\CsrPlugin_interrupt_targetPrivilege' using process `\VexRiscv.$proc$vexriscv_imc.v:5107$978'.
  created $dff cell `$procdff$3130' with positive edge clock.
Creating register for signal `\VexRiscv.\memory_DivPlugin_rs1' using process `\VexRiscv.$proc$vexriscv_imc.v:5107$978'.
  created $dff cell `$procdff$3131' with positive edge clock.
Creating register for signal `\VexRiscv.\memory_DivPlugin_rs2' using process `\VexRiscv.$proc$vexriscv_imc.v:5107$978'.
  created $dff cell `$procdff$3132' with positive edge clock.
Creating register for signal `\VexRiscv.\memory_DivPlugin_accumulator' using process `\VexRiscv.$proc$vexriscv_imc.v:5107$978'.
  created $dff cell `$procdff$3133' with positive edge clock.
Creating register for signal `\VexRiscv.\memory_DivPlugin_div_needRevert' using process `\VexRiscv.$proc$vexriscv_imc.v:5107$978'.
  created $dff cell `$procdff$3134' with positive edge clock.
Creating register for signal `\VexRiscv.\memory_DivPlugin_div_done' using process `\VexRiscv.$proc$vexriscv_imc.v:5107$978'.
  created $dff cell `$procdff$3135' with positive edge clock.
Creating register for signal `\VexRiscv.\memory_DivPlugin_div_result' using process `\VexRiscv.$proc$vexriscv_imc.v:5107$978'.
  created $dff cell `$procdff$3136' with positive edge clock.
Creating register for signal `\VexRiscv.\externalInterruptArray_regNext' using process `\VexRiscv.$proc$vexriscv_imc.v:5107$978'.
  created $dff cell `$procdff$3137' with positive edge clock.
Creating register for signal `\VexRiscv.\decode_to_execute_PC' using process `\VexRiscv.$proc$vexriscv_imc.v:5107$978'.
  created $dff cell `$procdff$3138' with positive edge clock.
Creating register for signal `\VexRiscv.\execute_to_memory_PC' using process `\VexRiscv.$proc$vexriscv_imc.v:5107$978'.
  created $dff cell `$procdff$3139' with positive edge clock.
Creating register for signal `\VexRiscv.\memory_to_writeBack_PC' using process `\VexRiscv.$proc$vexriscv_imc.v:5107$978'.
  created $dff cell `$procdff$3140' with positive edge clock.
Creating register for signal `\VexRiscv.\decode_to_execute_INSTRUCTION' using process `\VexRiscv.$proc$vexriscv_imc.v:5107$978'.
  created $dff cell `$procdff$3141' with positive edge clock.
Creating register for signal `\VexRiscv.\execute_to_memory_INSTRUCTION' using process `\VexRiscv.$proc$vexriscv_imc.v:5107$978'.
  created $dff cell `$procdff$3142' with positive edge clock.
Creating register for signal `\VexRiscv.\memory_to_writeBack_INSTRUCTION' using process `\VexRiscv.$proc$vexriscv_imc.v:5107$978'.
  created $dff cell `$procdff$3143' with positive edge clock.
Creating register for signal `\VexRiscv.\decode_to_execute_IS_RVC' using process `\VexRiscv.$proc$vexriscv_imc.v:5107$978'.
  created $dff cell `$procdff$3144' with positive edge clock.
Creating register for signal `\VexRiscv.\decode_to_execute_FORMAL_PC_NEXT' using process `\VexRiscv.$proc$vexriscv_imc.v:5107$978'.
  created $dff cell `$procdff$3145' with positive edge clock.
Creating register for signal `\VexRiscv.\execute_to_memory_FORMAL_PC_NEXT' using process `\VexRiscv.$proc$vexriscv_imc.v:5107$978'.
  created $dff cell `$procdff$3146' with positive edge clock.
Creating register for signal `\VexRiscv.\memory_to_writeBack_FORMAL_PC_NEXT' using process `\VexRiscv.$proc$vexriscv_imc.v:5107$978'.
  created $dff cell `$procdff$3147' with positive edge clock.
Creating register for signal `\VexRiscv.\decode_to_execute_SRC1_CTRL' using process `\VexRiscv.$proc$vexriscv_imc.v:5107$978'.
  created $dff cell `$procdff$3148' with positive edge clock.
Creating register for signal `\VexRiscv.\decode_to_execute_SRC_USE_SUB_LESS' using process `\VexRiscv.$proc$vexriscv_imc.v:5107$978'.
  created $dff cell `$procdff$3149' with positive edge clock.
Creating register for signal `\VexRiscv.\decode_to_execute_MEMORY_ENABLE' using process `\VexRiscv.$proc$vexriscv_imc.v:5107$978'.
  created $dff cell `$procdff$3150' with positive edge clock.
Creating register for signal `\VexRiscv.\execute_to_memory_MEMORY_ENABLE' using process `\VexRiscv.$proc$vexriscv_imc.v:5107$978'.
  created $dff cell `$procdff$3151' with positive edge clock.
Creating register for signal `\VexRiscv.\memory_to_writeBack_MEMORY_ENABLE' using process `\VexRiscv.$proc$vexriscv_imc.v:5107$978'.
  created $dff cell `$procdff$3152' with positive edge clock.
Creating register for signal `\VexRiscv.\decode_to_execute_ALU_CTRL' using process `\VexRiscv.$proc$vexriscv_imc.v:5107$978'.
  created $dff cell `$procdff$3153' with positive edge clock.
Creating register for signal `\VexRiscv.\decode_to_execute_SRC2_CTRL' using process `\VexRiscv.$proc$vexriscv_imc.v:5107$978'.
  created $dff cell `$procdff$3154' with positive edge clock.
Creating register for signal `\VexRiscv.\decode_to_execute_REGFILE_WRITE_VALID' using process `\VexRiscv.$proc$vexriscv_imc.v:5107$978'.
  created $dff cell `$procdff$3155' with positive edge clock.
Creating register for signal `\VexRiscv.\execute_to_memory_REGFILE_WRITE_VALID' using process `\VexRiscv.$proc$vexriscv_imc.v:5107$978'.
  created $dff cell `$procdff$3156' with positive edge clock.
Creating register for signal `\VexRiscv.\memory_to_writeBack_REGFILE_WRITE_VALID' using process `\VexRiscv.$proc$vexriscv_imc.v:5107$978'.
  created $dff cell `$procdff$3157' with positive edge clock.
Creating register for signal `\VexRiscv.\decode_to_execute_BYPASSABLE_EXECUTE_STAGE' using process `\VexRiscv.$proc$vexriscv_imc.v:5107$978'.
  created $dff cell `$procdff$3158' with positive edge clock.
Creating register for signal `\VexRiscv.\decode_to_execute_BYPASSABLE_MEMORY_STAGE' using process `\VexRiscv.$proc$vexriscv_imc.v:5107$978'.
  created $dff cell `$procdff$3159' with positive edge clock.
Creating register for signal `\VexRiscv.\execute_to_memory_BYPASSABLE_MEMORY_STAGE' using process `\VexRiscv.$proc$vexriscv_imc.v:5107$978'.
  created $dff cell `$procdff$3160' with positive edge clock.
Creating register for signal `\VexRiscv.\decode_to_execute_MEMORY_STORE' using process `\VexRiscv.$proc$vexriscv_imc.v:5107$978'.
  created $dff cell `$procdff$3161' with positive edge clock.
Creating register for signal `\VexRiscv.\execute_to_memory_MEMORY_STORE' using process `\VexRiscv.$proc$vexriscv_imc.v:5107$978'.
  created $dff cell `$procdff$3162' with positive edge clock.
Creating register for signal `\VexRiscv.\memory_to_writeBack_MEMORY_STORE' using process `\VexRiscv.$proc$vexriscv_imc.v:5107$978'.
  created $dff cell `$procdff$3163' with positive edge clock.
Creating register for signal `\VexRiscv.\decode_to_execute_MEMORY_ATOMIC' using process `\VexRiscv.$proc$vexriscv_imc.v:5107$978'.
  created $dff cell `$procdff$3164' with positive edge clock.
Creating register for signal `\VexRiscv.\execute_to_memory_MEMORY_ATOMIC' using process `\VexRiscv.$proc$vexriscv_imc.v:5107$978'.
  created $dff cell `$procdff$3165' with positive edge clock.
Creating register for signal `\VexRiscv.\memory_to_writeBack_MEMORY_ATOMIC' using process `\VexRiscv.$proc$vexriscv_imc.v:5107$978'.
  created $dff cell `$procdff$3166' with positive edge clock.
Creating register for signal `\VexRiscv.\decode_to_execute_SRC_LESS_UNSIGNED' using process `\VexRiscv.$proc$vexriscv_imc.v:5107$978'.
  created $dff cell `$procdff$3167' with positive edge clock.
Creating register for signal `\VexRiscv.\decode_to_execute_ALU_BITWISE_CTRL' using process `\VexRiscv.$proc$vexriscv_imc.v:5107$978'.
  created $dff cell `$procdff$3168' with positive edge clock.
Creating register for signal `\VexRiscv.\decode_to_execute_SHIFT_CTRL' using process `\VexRiscv.$proc$vexriscv_imc.v:5107$978'.
  created $dff cell `$procdff$3169' with positive edge clock.
Creating register for signal `\VexRiscv.\execute_to_memory_SHIFT_CTRL' using process `\VexRiscv.$proc$vexriscv_imc.v:5107$978'.
  created $dff cell `$procdff$3170' with positive edge clock.
Creating register for signal `\VexRiscv.\decode_to_execute_BRANCH_CTRL' using process `\VexRiscv.$proc$vexriscv_imc.v:5107$978'.
  created $dff cell `$procdff$3171' with positive edge clock.
Creating register for signal `\VexRiscv.\decode_to_execute_IS_CSR' using process `\VexRiscv.$proc$vexriscv_imc.v:5107$978'.
  created $dff cell `$procdff$3172' with positive edge clock.
Creating register for signal `\VexRiscv.\decode_to_execute_ENV_CTRL' using process `\VexRiscv.$proc$vexriscv_imc.v:5107$978'.
  created $dff cell `$procdff$3173' with positive edge clock.
Creating register for signal `\VexRiscv.\execute_to_memory_ENV_CTRL' using process `\VexRiscv.$proc$vexriscv_imc.v:5107$978'.
  created $dff cell `$procdff$3174' with positive edge clock.
Creating register for signal `\VexRiscv.\memory_to_writeBack_ENV_CTRL' using process `\VexRiscv.$proc$vexriscv_imc.v:5107$978'.
  created $dff cell `$procdff$3175' with positive edge clock.
Creating register for signal `\VexRiscv.\decode_to_execute_IS_MUL' using process `\VexRiscv.$proc$vexriscv_imc.v:5107$978'.
  created $dff cell `$procdff$3176' with positive edge clock.
Creating register for signal `\VexRiscv.\execute_to_memory_IS_MUL' using process `\VexRiscv.$proc$vexriscv_imc.v:5107$978'.
  created $dff cell `$procdff$3177' with positive edge clock.
Creating register for signal `\VexRiscv.\memory_to_writeBack_IS_MUL' using process `\VexRiscv.$proc$vexriscv_imc.v:5107$978'.
  created $dff cell `$procdff$3178' with positive edge clock.
Creating register for signal `\VexRiscv.\decode_to_execute_IS_DIV' using process `\VexRiscv.$proc$vexriscv_imc.v:5107$978'.
  created $dff cell `$procdff$3179' with positive edge clock.
Creating register for signal `\VexRiscv.\execute_to_memory_IS_DIV' using process `\VexRiscv.$proc$vexriscv_imc.v:5107$978'.
  created $dff cell `$procdff$3180' with positive edge clock.
Creating register for signal `\VexRiscv.\decode_to_execute_IS_RS1_SIGNED' using process `\VexRiscv.$proc$vexriscv_imc.v:5107$978'.
  created $dff cell `$procdff$3181' with positive edge clock.
Creating register for signal `\VexRiscv.\decode_to_execute_IS_RS2_SIGNED' using process `\VexRiscv.$proc$vexriscv_imc.v:5107$978'.
  created $dff cell `$procdff$3182' with positive edge clock.
Creating register for signal `\VexRiscv.\decode_to_execute_RS1' using process `\VexRiscv.$proc$vexriscv_imc.v:5107$978'.
  created $dff cell `$procdff$3183' with positive edge clock.
Creating register for signal `\VexRiscv.\decode_to_execute_RS2' using process `\VexRiscv.$proc$vexriscv_imc.v:5107$978'.
  created $dff cell `$procdff$3184' with positive edge clock.
Creating register for signal `\VexRiscv.\decode_to_execute_SRC2_FORCE_ZERO' using process `\VexRiscv.$proc$vexriscv_imc.v:5107$978'.
  created $dff cell `$procdff$3185' with positive edge clock.
Creating register for signal `\VexRiscv.\decode_to_execute_PREDICTION_HAD_BRANCHED2' using process `\VexRiscv.$proc$vexriscv_imc.v:5107$978'.
  created $dff cell `$procdff$3186' with positive edge clock.
Creating register for signal `\VexRiscv.\decode_to_execute_CSR_WRITE_OPCODE' using process `\VexRiscv.$proc$vexriscv_imc.v:5107$978'.
  created $dff cell `$procdff$3187' with positive edge clock.
Creating register for signal `\VexRiscv.\decode_to_execute_CSR_READ_OPCODE' using process `\VexRiscv.$proc$vexriscv_imc.v:5107$978'.
  created $dff cell `$procdff$3188' with positive edge clock.
Creating register for signal `\VexRiscv.\execute_to_memory_ALIGNEMENT_FAULT' using process `\VexRiscv.$proc$vexriscv_imc.v:5107$978'.
  created $dff cell `$procdff$3189' with positive edge clock.
Creating register for signal `\VexRiscv.\execute_to_memory_MEMORY_ADDRESS_LOW' using process `\VexRiscv.$proc$vexriscv_imc.v:5107$978'.
  created $dff cell `$procdff$3190' with positive edge clock.
Creating register for signal `\VexRiscv.\memory_to_writeBack_MEMORY_ADDRESS_LOW' using process `\VexRiscv.$proc$vexriscv_imc.v:5107$978'.
  created $dff cell `$procdff$3191' with positive edge clock.
Creating register for signal `\VexRiscv.\execute_to_memory_ATOMIC_HIT' using process `\VexRiscv.$proc$vexriscv_imc.v:5107$978'.
  created $dff cell `$procdff$3192' with positive edge clock.
Creating register for signal `\VexRiscv.\memory_to_writeBack_ATOMIC_HIT' using process `\VexRiscv.$proc$vexriscv_imc.v:5107$978'.
  created $dff cell `$procdff$3193' with positive edge clock.
Creating register for signal `\VexRiscv.\execute_to_memory_REGFILE_WRITE_DATA' using process `\VexRiscv.$proc$vexriscv_imc.v:5107$978'.
  created $dff cell `$procdff$3194' with positive edge clock.
Creating register for signal `\VexRiscv.\memory_to_writeBack_REGFILE_WRITE_DATA' using process `\VexRiscv.$proc$vexriscv_imc.v:5107$978'.
  created $dff cell `$procdff$3195' with positive edge clock.
Creating register for signal `\VexRiscv.\execute_to_memory_SHIFT_RIGHT' using process `\VexRiscv.$proc$vexriscv_imc.v:5107$978'.
  created $dff cell `$procdff$3196' with positive edge clock.
Creating register for signal `\VexRiscv.\execute_to_memory_BRANCH_DO' using process `\VexRiscv.$proc$vexriscv_imc.v:5107$978'.
  created $dff cell `$procdff$3197' with positive edge clock.
Creating register for signal `\VexRiscv.\execute_to_memory_BRANCH_CALC' using process `\VexRiscv.$proc$vexriscv_imc.v:5107$978'.
  created $dff cell `$procdff$3198' with positive edge clock.
Creating register for signal `\VexRiscv.\execute_to_memory_MUL_LL' using process `\VexRiscv.$proc$vexriscv_imc.v:5107$978'.
  created $dff cell `$procdff$3199' with positive edge clock.
Creating register for signal `\VexRiscv.\execute_to_memory_MUL_LH' using process `\VexRiscv.$proc$vexriscv_imc.v:5107$978'.
  created $dff cell `$procdff$3200' with positive edge clock.
Creating register for signal `\VexRiscv.\execute_to_memory_MUL_HL' using process `\VexRiscv.$proc$vexriscv_imc.v:5107$978'.
  created $dff cell `$procdff$3201' with positive edge clock.
Creating register for signal `\VexRiscv.\execute_to_memory_MUL_HH' using process `\VexRiscv.$proc$vexriscv_imc.v:5107$978'.
  created $dff cell `$procdff$3202' with positive edge clock.
Creating register for signal `\VexRiscv.\memory_to_writeBack_MUL_HH' using process `\VexRiscv.$proc$vexriscv_imc.v:5107$978'.
  created $dff cell `$procdff$3203' with positive edge clock.
Creating register for signal `\VexRiscv.\memory_to_writeBack_MEMORY_READ_DATA' using process `\VexRiscv.$proc$vexriscv_imc.v:5107$978'.
  created $dff cell `$procdff$3204' with positive edge clock.
Creating register for signal `\VexRiscv.\memory_to_writeBack_MUL_LOW' using process `\VexRiscv.$proc$vexriscv_imc.v:5107$978'.
  created $dff cell `$procdff$3205' with positive edge clock.
Creating register for signal `\VexRiscv.\execute_CsrPlugin_csr_3857' using process `\VexRiscv.$proc$vexriscv_imc.v:5107$978'.
  created $dff cell `$procdff$3206' with positive edge clock.
Creating register for signal `\VexRiscv.\execute_CsrPlugin_csr_3858' using process `\VexRiscv.$proc$vexriscv_imc.v:5107$978'.
  created $dff cell `$procdff$3207' with positive edge clock.
Creating register for signal `\VexRiscv.\execute_CsrPlugin_csr_3859' using process `\VexRiscv.$proc$vexriscv_imc.v:5107$978'.
  created $dff cell `$procdff$3208' with positive edge clock.
Creating register for signal `\VexRiscv.\execute_CsrPlugin_csr_3860' using process `\VexRiscv.$proc$vexriscv_imc.v:5107$978'.
  created $dff cell `$procdff$3209' with positive edge clock.
Creating register for signal `\VexRiscv.\execute_CsrPlugin_csr_769' using process `\VexRiscv.$proc$vexriscv_imc.v:5107$978'.
  created $dff cell `$procdff$3210' with positive edge clock.
Creating register for signal `\VexRiscv.\execute_CsrPlugin_csr_768' using process `\VexRiscv.$proc$vexriscv_imc.v:5107$978'.
  created $dff cell `$procdff$3211' with positive edge clock.
Creating register for signal `\VexRiscv.\execute_CsrPlugin_csr_836' using process `\VexRiscv.$proc$vexriscv_imc.v:5107$978'.
  created $dff cell `$procdff$3212' with positive edge clock.
Creating register for signal `\VexRiscv.\execute_CsrPlugin_csr_772' using process `\VexRiscv.$proc$vexriscv_imc.v:5107$978'.
  created $dff cell `$procdff$3213' with positive edge clock.
Creating register for signal `\VexRiscv.\execute_CsrPlugin_csr_773' using process `\VexRiscv.$proc$vexriscv_imc.v:5107$978'.
  created $dff cell `$procdff$3214' with positive edge clock.
Creating register for signal `\VexRiscv.\execute_CsrPlugin_csr_833' using process `\VexRiscv.$proc$vexriscv_imc.v:5107$978'.
  created $dff cell `$procdff$3215' with positive edge clock.
Creating register for signal `\VexRiscv.\execute_CsrPlugin_csr_832' using process `\VexRiscv.$proc$vexriscv_imc.v:5107$978'.
  created $dff cell `$procdff$3216' with positive edge clock.
Creating register for signal `\VexRiscv.\execute_CsrPlugin_csr_834' using process `\VexRiscv.$proc$vexriscv_imc.v:5107$978'.
  created $dff cell `$procdff$3217' with positive edge clock.
Creating register for signal `\VexRiscv.\execute_CsrPlugin_csr_835' using process `\VexRiscv.$proc$vexriscv_imc.v:5107$978'.
  created $dff cell `$procdff$3218' with positive edge clock.
Creating register for signal `\VexRiscv.\execute_CsrPlugin_csr_2816' using process `\VexRiscv.$proc$vexriscv_imc.v:5107$978'.
  created $dff cell `$procdff$3219' with positive edge clock.
Creating register for signal `\VexRiscv.\execute_CsrPlugin_csr_2944' using process `\VexRiscv.$proc$vexriscv_imc.v:5107$978'.
  created $dff cell `$procdff$3220' with positive edge clock.
Creating register for signal `\VexRiscv.\execute_CsrPlugin_csr_2818' using process `\VexRiscv.$proc$vexriscv_imc.v:5107$978'.
  created $dff cell `$procdff$3221' with positive edge clock.
Creating register for signal `\VexRiscv.\execute_CsrPlugin_csr_2946' using process `\VexRiscv.$proc$vexriscv_imc.v:5107$978'.
  created $dff cell `$procdff$3222' with positive edge clock.
Creating register for signal `\VexRiscv.\execute_CsrPlugin_csr_3072' using process `\VexRiscv.$proc$vexriscv_imc.v:5107$978'.
  created $dff cell `$procdff$3223' with positive edge clock.
Creating register for signal `\VexRiscv.\execute_CsrPlugin_csr_3200' using process `\VexRiscv.$proc$vexriscv_imc.v:5107$978'.
  created $dff cell `$procdff$3224' with positive edge clock.
Creating register for signal `\VexRiscv.\execute_CsrPlugin_csr_3074' using process `\VexRiscv.$proc$vexriscv_imc.v:5107$978'.
  created $dff cell `$procdff$3225' with positive edge clock.
Creating register for signal `\VexRiscv.\execute_CsrPlugin_csr_3202' using process `\VexRiscv.$proc$vexriscv_imc.v:5107$978'.
  created $dff cell `$procdff$3226' with positive edge clock.
Creating register for signal `\VexRiscv.\execute_CsrPlugin_csr_3008' using process `\VexRiscv.$proc$vexriscv_imc.v:5107$978'.
  created $dff cell `$procdff$3227' with positive edge clock.
Creating register for signal `\VexRiscv.\execute_CsrPlugin_csr_4032' using process `\VexRiscv.$proc$vexriscv_imc.v:5107$978'.
  created $dff cell `$procdff$3228' with positive edge clock.
Creating register for signal `\VexRiscv.\iBusWishbone_DAT_MISO_regNext' using process `\VexRiscv.$proc$vexriscv_imc.v:5107$978'.
  created $dff cell `$procdff$3229' with positive edge clock.
Creating register for signal `\VexRiscv.\dBus_cmd_rData_wr' using process `\VexRiscv.$proc$vexriscv_imc.v:5107$978'.
  created $dff cell `$procdff$3230' with positive edge clock.
Creating register for signal `\VexRiscv.\dBus_cmd_rData_address' using process `\VexRiscv.$proc$vexriscv_imc.v:5107$978'.
  created $dff cell `$procdff$3231' with positive edge clock.
Creating register for signal `\VexRiscv.\dBus_cmd_rData_data' using process `\VexRiscv.$proc$vexriscv_imc.v:5107$978'.
  created $dff cell `$procdff$3232' with positive edge clock.
Creating register for signal `\VexRiscv.\dBus_cmd_rData_size' using process `\VexRiscv.$proc$vexriscv_imc.v:5107$978'.
  created $dff cell `$procdff$3233' with positive edge clock.
Creating register for signal `\VexRiscv.\execute_arbitration_isValid' using process `\VexRiscv.$proc$vexriscv_imc.v:4810$954'.
  created $dff cell `$procdff$3234' with positive edge clock.
Creating register for signal `\VexRiscv.\memory_arbitration_isValid' using process `\VexRiscv.$proc$vexriscv_imc.v:4810$954'.
  created $dff cell `$procdff$3235' with positive edge clock.
Creating register for signal `\VexRiscv.\writeBack_arbitration_isValid' using process `\VexRiscv.$proc$vexriscv_imc.v:4810$954'.
  created $dff cell `$procdff$3236' with positive edge clock.
Creating register for signal `\VexRiscv.\IBusCachedPlugin_fetchPc_pcReg' using process `\VexRiscv.$proc$vexriscv_imc.v:4810$954'.
  created $dff cell `$procdff$3237' with positive edge clock.
Creating register for signal `\VexRiscv.\IBusCachedPlugin_fetchPc_correctionReg' using process `\VexRiscv.$proc$vexriscv_imc.v:4810$954'.
  created $dff cell `$procdff$3238' with positive edge clock.
Creating register for signal `\VexRiscv.\IBusCachedPlugin_fetchPc_booted' using process `\VexRiscv.$proc$vexriscv_imc.v:4810$954'.
  created $dff cell `$procdff$3239' with positive edge clock.
Creating register for signal `\VexRiscv.\IBusCachedPlugin_fetchPc_inc' using process `\VexRiscv.$proc$vexriscv_imc.v:4810$954'.
  created $dff cell `$procdff$3240' with positive edge clock.
Creating register for signal `\VexRiscv.\IBusCachedPlugin_decodePc_pcReg' using process `\VexRiscv.$proc$vexriscv_imc.v:4810$954'.
  created $dff cell `$procdff$3241' with positive edge clock.
Creating register for signal `\VexRiscv.\_zz_IBusCachedPlugin_iBusRsp_stages_1_input_valid_1' using process `\VexRiscv.$proc$vexriscv_imc.v:4810$954'.
  created $dff cell `$procdff$3242' with positive edge clock.
Creating register for signal `\VexRiscv.\IBusCachedPlugin_decompressor_bufferValid' using process `\VexRiscv.$proc$vexriscv_imc.v:4810$954'.
  created $dff cell `$procdff$3243' with positive edge clock.
Creating register for signal `\VexRiscv.\IBusCachedPlugin_decompressor_throw2BytesReg' using process `\VexRiscv.$proc$vexriscv_imc.v:4810$954'.
  created $dff cell `$procdff$3244' with positive edge clock.
Creating register for signal `\VexRiscv.\_zz_IBusCachedPlugin_injector_decodeInput_valid' using process `\VexRiscv.$proc$vexriscv_imc.v:4810$954'.
  created $dff cell `$procdff$3245' with positive edge clock.
Creating register for signal `\VexRiscv.\IBusCachedPlugin_injector_nextPcCalc_valids_0' using process `\VexRiscv.$proc$vexriscv_imc.v:4810$954'.
  created $dff cell `$procdff$3246' with positive edge clock.
Creating register for signal `\VexRiscv.\IBusCachedPlugin_injector_nextPcCalc_valids_1' using process `\VexRiscv.$proc$vexriscv_imc.v:4810$954'.
  created $dff cell `$procdff$3247' with positive edge clock.
Creating register for signal `\VexRiscv.\IBusCachedPlugin_injector_nextPcCalc_valids_2' using process `\VexRiscv.$proc$vexriscv_imc.v:4810$954'.
  created $dff cell `$procdff$3248' with positive edge clock.
Creating register for signal `\VexRiscv.\IBusCachedPlugin_injector_nextPcCalc_valids_3' using process `\VexRiscv.$proc$vexriscv_imc.v:4810$954'.
  created $dff cell `$procdff$3249' with positive edge clock.
Creating register for signal `\VexRiscv.\IBusCachedPlugin_rspCounter' using process `\VexRiscv.$proc$vexriscv_imc.v:4810$954'.
  created $dff cell `$procdff$3250' with positive edge clock.
Creating register for signal `\VexRiscv.\execute_DBusSimplePlugin_atomic_reserved' using process `\VexRiscv.$proc$vexriscv_imc.v:4810$954'.
  created $dff cell `$procdff$3251' with positive edge clock.
Creating register for signal `\VexRiscv.\_zz_5' using process `\VexRiscv.$proc$vexriscv_imc.v:4810$954'.
  created $dff cell `$procdff$3252' with positive edge clock.
Creating register for signal `\VexRiscv.\HazardSimplePlugin_writeBackBuffer_valid' using process `\VexRiscv.$proc$vexriscv_imc.v:4810$954'.
  created $dff cell `$procdff$3253' with positive edge clock.
Creating register for signal `\VexRiscv.\CsrPlugin_mstatus_MIE' using process `\VexRiscv.$proc$vexriscv_imc.v:4810$954'.
  created $dff cell `$procdff$3254' with positive edge clock.
Creating register for signal `\VexRiscv.\CsrPlugin_mstatus_MPIE' using process `\VexRiscv.$proc$vexriscv_imc.v:4810$954'.
  created $dff cell `$procdff$3255' with positive edge clock.
Creating register for signal `\VexRiscv.\CsrPlugin_mstatus_MPP' using process `\VexRiscv.$proc$vexriscv_imc.v:4810$954'.
  created $dff cell `$procdff$3256' with positive edge clock.
Creating register for signal `\VexRiscv.\CsrPlugin_mie_MEIE' using process `\VexRiscv.$proc$vexriscv_imc.v:4810$954'.
  created $dff cell `$procdff$3257' with positive edge clock.
Creating register for signal `\VexRiscv.\CsrPlugin_mie_MTIE' using process `\VexRiscv.$proc$vexriscv_imc.v:4810$954'.
  created $dff cell `$procdff$3258' with positive edge clock.
Creating register for signal `\VexRiscv.\CsrPlugin_mie_MSIE' using process `\VexRiscv.$proc$vexriscv_imc.v:4810$954'.
  created $dff cell `$procdff$3259' with positive edge clock.
Creating register for signal `\VexRiscv.\CsrPlugin_mcycle' using process `\VexRiscv.$proc$vexriscv_imc.v:4810$954'.
  created $dff cell `$procdff$3260' with positive edge clock.
Creating register for signal `\VexRiscv.\CsrPlugin_minstret' using process `\VexRiscv.$proc$vexriscv_imc.v:4810$954'.
  created $dff cell `$procdff$3261' with positive edge clock.
Creating register for signal `\VexRiscv.\CsrPlugin_exceptionPortCtrl_exceptionValidsRegs_decode' using process `\VexRiscv.$proc$vexriscv_imc.v:4810$954'.
  created $dff cell `$procdff$3262' with positive edge clock.
Creating register for signal `\VexRiscv.\CsrPlugin_exceptionPortCtrl_exceptionValidsRegs_execute' using process `\VexRiscv.$proc$vexriscv_imc.v:4810$954'.
  created $dff cell `$procdff$3263' with positive edge clock.
Creating register for signal `\VexRiscv.\CsrPlugin_exceptionPortCtrl_exceptionValidsRegs_memory' using process `\VexRiscv.$proc$vexriscv_imc.v:4810$954'.
  created $dff cell `$procdff$3264' with positive edge clock.
Creating register for signal `\VexRiscv.\CsrPlugin_exceptionPortCtrl_exceptionValidsRegs_writeBack' using process `\VexRiscv.$proc$vexriscv_imc.v:4810$954'.
  created $dff cell `$procdff$3265' with positive edge clock.
Creating register for signal `\VexRiscv.\CsrPlugin_interrupt_valid' using process `\VexRiscv.$proc$vexriscv_imc.v:4810$954'.
  created $dff cell `$procdff$3266' with positive edge clock.
Creating register for signal `\VexRiscv.\CsrPlugin_lastStageWasWfi' using process `\VexRiscv.$proc$vexriscv_imc.v:4810$954'.
  created $dff cell `$procdff$3267' with positive edge clock.
Creating register for signal `\VexRiscv.\CsrPlugin_pipelineLiberator_pcValids_0' using process `\VexRiscv.$proc$vexriscv_imc.v:4810$954'.
  created $dff cell `$procdff$3268' with positive edge clock.
Creating register for signal `\VexRiscv.\CsrPlugin_pipelineLiberator_pcValids_1' using process `\VexRiscv.$proc$vexriscv_imc.v:4810$954'.
  created $dff cell `$procdff$3269' with positive edge clock.
Creating register for signal `\VexRiscv.\CsrPlugin_pipelineLiberator_pcValids_2' using process `\VexRiscv.$proc$vexriscv_imc.v:4810$954'.
  created $dff cell `$procdff$3270' with positive edge clock.
Creating register for signal `\VexRiscv.\CsrPlugin_hadException' using process `\VexRiscv.$proc$vexriscv_imc.v:4810$954'.
  created $dff cell `$procdff$3271' with positive edge clock.
Creating register for signal `\VexRiscv.\execute_CsrPlugin_wfiWake' using process `\VexRiscv.$proc$vexriscv_imc.v:4810$954'.
  created $dff cell `$procdff$3272' with positive edge clock.
Creating register for signal `\VexRiscv.\memory_DivPlugin_div_counter_value' using process `\VexRiscv.$proc$vexriscv_imc.v:4810$954'.
  created $dff cell `$procdff$3273' with positive edge clock.
Creating register for signal `\VexRiscv.\_zz_CsrPlugin_csrMapping_readDataInit' using process `\VexRiscv.$proc$vexriscv_imc.v:4810$954'.
  created $dff cell `$procdff$3274' with positive edge clock.
Creating register for signal `\VexRiscv.\_zz_iBusWishbone_ADR' using process `\VexRiscv.$proc$vexriscv_imc.v:4810$954'.
  created $dff cell `$procdff$3275' with positive edge clock.
Creating register for signal `\VexRiscv.\_zz_iBus_rsp_valid' using process `\VexRiscv.$proc$vexriscv_imc.v:4810$954'.
  created $dff cell `$procdff$3276' with positive edge clock.
Creating register for signal `\VexRiscv.\dBus_cmd_rValid' using process `\VexRiscv.$proc$vexriscv_imc.v:4810$954'.
  created $dff cell `$procdff$3277' with positive edge clock.
Creating register for signal `\VexRiscv.$memwr$\RegFilePlugin_regFile$vexriscv_imc.v:1647$1_ADDR' using process `\VexRiscv.$proc$vexriscv_imc.v:1645$209'.
  created $dff cell `$procdff$3278' with positive edge clock.
Creating register for signal `\VexRiscv.$memwr$\RegFilePlugin_regFile$vexriscv_imc.v:1647$1_DATA' using process `\VexRiscv.$proc$vexriscv_imc.v:1645$209'.
  created $dff cell `$procdff$3279' with positive edge clock.
Creating register for signal `\VexRiscv.$memwr$\RegFilePlugin_regFile$vexriscv_imc.v:1647$1_EN' using process `\VexRiscv.$proc$vexriscv_imc.v:1645$209'.
  created $dff cell `$procdff$3280' with positive edge clock.
Creating register for signal `\VexRiscv.\_zz_RegFilePlugin_regFile_port1' using process `\VexRiscv.$proc$vexriscv_imc.v:1639$207'.
  created $dff cell `$procdff$3281' with positive edge clock.
Creating register for signal `\VexRiscv.\_zz_RegFilePlugin_regFile_port0' using process `\VexRiscv.$proc$vexriscv_imc.v:1633$205'.
  created $dff cell `$procdff$3282' with positive edge clock.

3.4.10. Executing PROC_MEMWR pass (convert process memory writes to cells).

3.4.11. Executing PROC_CLEAN pass (remove empty switches from decision trees).
Found and cleaned up 1 empty switch in `\top.decoder.$6'.
Removing empty process `top.decoder.$6'.
Found and cleaned up 1 empty switch in `\top.decoder.$5'.
Removing empty process `top.decoder.$5'.
Found and cleaned up 1 empty switch in `\top.decoder.$4'.
Removing empty process `top.decoder.$4'.
Found and cleaned up 1 empty switch in `\top.decoder.$3'.
Removing empty process `top.decoder.$3'.
Found and cleaned up 3 empty switches in `\top.ram.$34'.
Removing empty process `top.ram.$34'.
Found and cleaned up 1 empty switch in `\top.ram.$33'.
Removing empty process `top.ram.$33'.
Found and cleaned up 2 empty switches in `\top.ram.$32'.
Removing empty process `top.ram.$32'.
Removing empty process `top.ram.$31'.
Found and cleaned up 5 empty switches in `\top.clocking.usb_reset.$23'.
Removing empty process `top.clocking.usb_reset.$23'.
Found and cleaned up 4 empty switches in `\top.clocking.usb_reset.$21'.
Removing empty process `top.clocking.usb_reset.$21'.
Found and cleaned up 3 empty switches in `\InstructionCache.$proc$vexriscv_imc.v:5754$1081'.
Removing empty process `InstructionCache.$proc$vexriscv_imc.v:5754$1081'.
Found and cleaned up 10 empty switches in `\InstructionCache.$proc$vexriscv_imc.v:5716$1079'.
Removing empty process `InstructionCache.$proc$vexriscv_imc.v:5716$1079'.
Found and cleaned up 1 empty switch in `\InstructionCache.$proc$vexriscv_imc.v:5676$1054'.
Removing empty process `InstructionCache.$proc$vexriscv_imc.v:5676$1054'.
Found and cleaned up 3 empty switches in `\InstructionCache.$proc$vexriscv_imc.v:5655$1043'.
Removing empty process `InstructionCache.$proc$vexriscv_imc.v:5655$1043'.
Found and cleaned up 2 empty switches in `\InstructionCache.$proc$vexriscv_imc.v:5646$1042'.
Removing empty process `InstructionCache.$proc$vexriscv_imc.v:5646$1042'.
Found and cleaned up 1 empty switch in `\InstructionCache.$proc$vexriscv_imc.v:5639$1041'.
Removing empty process `InstructionCache.$proc$vexriscv_imc.v:5639$1041'.
Found and cleaned up 1 empty switch in `\InstructionCache.$proc$vexriscv_imc.v:5632$1040'.
Removing empty process `InstructionCache.$proc$vexriscv_imc.v:5632$1040'.
Found and cleaned up 1 empty switch in `\InstructionCache.$proc$vexriscv_imc.v:5626$1038'.
Removing empty process `InstructionCache.$proc$vexriscv_imc.v:5626$1038'.
Found and cleaned up 1 empty switch in `\InstructionCache.$proc$vexriscv_imc.v:5620$1031'.
Removing empty process `InstructionCache.$proc$vexriscv_imc.v:5620$1031'.
Found and cleaned up 1 empty switch in `\InstructionCache.$proc$vexriscv_imc.v:5614$1029'.
Removing empty process `InstructionCache.$proc$vexriscv_imc.v:5614$1029'.
Found and cleaned up 1 empty switch in `\InstructionCache.$proc$vexriscv_imc.v:5608$1022'.
Removing empty process `InstructionCache.$proc$vexriscv_imc.v:5608$1022'.
Found and cleaned up 127 empty switches in `\VexRiscv.$proc$vexriscv_imc.v:5107$978'.
Removing empty process `VexRiscv.$proc$vexriscv_imc.v:5107$978'.
Found and cleaned up 75 empty switches in `\VexRiscv.$proc$vexriscv_imc.v:4810$954'.
Removing empty process `VexRiscv.$proc$vexriscv_imc.v:4810$954'.
Found and cleaned up 1 empty switch in `\VexRiscv.$proc$vexriscv_imc.v:4794$947'.
Removing empty process `VexRiscv.$proc$vexriscv_imc.v:4794$947'.
Found and cleaned up 1 empty switch in `\VexRiscv.$proc$vexriscv_imc.v:4780$946'.
Removing empty process `VexRiscv.$proc$vexriscv_imc.v:4780$946'.
Found and cleaned up 1 empty switch in `\VexRiscv.$proc$vexriscv_imc.v:4758$939'.
Removing empty process `VexRiscv.$proc$vexriscv_imc.v:4758$939'.
Found and cleaned up 1 empty switch in `\VexRiscv.$proc$vexriscv_imc.v:4751$938'.
Removing empty process `VexRiscv.$proc$vexriscv_imc.v:4751$938'.
Found and cleaned up 1 empty switch in `\VexRiscv.$proc$vexriscv_imc.v:4736$931'.
Removing empty process `VexRiscv.$proc$vexriscv_imc.v:4736$931'.
Found and cleaned up 1 empty switch in `\VexRiscv.$proc$vexriscv_imc.v:4725$888'.
Removing empty process `VexRiscv.$proc$vexriscv_imc.v:4725$888'.
Found and cleaned up 1 empty switch in `\VexRiscv.$proc$vexriscv_imc.v:4718$887'.
Removing empty process `VexRiscv.$proc$vexriscv_imc.v:4718$887'.
Found and cleaned up 1 empty switch in `\VexRiscv.$proc$vexriscv_imc.v:4711$886'.
Removing empty process `VexRiscv.$proc$vexriscv_imc.v:4711$886'.
Found and cleaned up 1 empty switch in `\VexRiscv.$proc$vexriscv_imc.v:4704$885'.
Removing empty process `VexRiscv.$proc$vexriscv_imc.v:4704$885'.
Found and cleaned up 1 empty switch in `\VexRiscv.$proc$vexriscv_imc.v:4697$884'.
Removing empty process `VexRiscv.$proc$vexriscv_imc.v:4697$884'.
Found and cleaned up 1 empty switch in `\VexRiscv.$proc$vexriscv_imc.v:4690$883'.
Removing empty process `VexRiscv.$proc$vexriscv_imc.v:4690$883'.
Found and cleaned up 1 empty switch in `\VexRiscv.$proc$vexriscv_imc.v:4683$882'.
Removing empty process `VexRiscv.$proc$vexriscv_imc.v:4683$882'.
Found and cleaned up 1 empty switch in `\VexRiscv.$proc$vexriscv_imc.v:4676$881'.
Removing empty process `VexRiscv.$proc$vexriscv_imc.v:4676$881'.
Found and cleaned up 1 empty switch in `\VexRiscv.$proc$vexriscv_imc.v:4669$880'.
Removing empty process `VexRiscv.$proc$vexriscv_imc.v:4669$880'.
Found and cleaned up 1 empty switch in `\VexRiscv.$proc$vexriscv_imc.v:4662$879'.
Removing empty process `VexRiscv.$proc$vexriscv_imc.v:4662$879'.
Found and cleaned up 1 empty switch in `\VexRiscv.$proc$vexriscv_imc.v:4655$878'.
Removing empty process `VexRiscv.$proc$vexriscv_imc.v:4655$878'.
Found and cleaned up 1 empty switch in `\VexRiscv.$proc$vexriscv_imc.v:4647$877'.
Removing empty process `VexRiscv.$proc$vexriscv_imc.v:4647$877'.
Found and cleaned up 1 empty switch in `\VexRiscv.$proc$vexriscv_imc.v:4640$876'.
Removing empty process `VexRiscv.$proc$vexriscv_imc.v:4640$876'.
Found and cleaned up 1 empty switch in `\VexRiscv.$proc$vexriscv_imc.v:4633$875'.
Removing empty process `VexRiscv.$proc$vexriscv_imc.v:4633$875'.
Found and cleaned up 1 empty switch in `\VexRiscv.$proc$vexriscv_imc.v:4626$874'.
Removing empty process `VexRiscv.$proc$vexriscv_imc.v:4626$874'.
Found and cleaned up 1 empty switch in `\VexRiscv.$proc$vexriscv_imc.v:4617$873'.
Removing empty process `VexRiscv.$proc$vexriscv_imc.v:4617$873'.
Found and cleaned up 1 empty switch in `\VexRiscv.$proc$vexriscv_imc.v:4608$872'.
Removing empty process `VexRiscv.$proc$vexriscv_imc.v:4608$872'.
Found and cleaned up 1 empty switch in `\VexRiscv.$proc$vexriscv_imc.v:4599$871'.
Removing empty process `VexRiscv.$proc$vexriscv_imc.v:4599$871'.
Found and cleaned up 1 empty switch in `\VexRiscv.$proc$vexriscv_imc.v:4590$870'.
Removing empty process `VexRiscv.$proc$vexriscv_imc.v:4590$870'.
Found and cleaned up 1 empty switch in `\VexRiscv.$proc$vexriscv_imc.v:4583$869'.
Removing empty process `VexRiscv.$proc$vexriscv_imc.v:4583$869'.
Found and cleaned up 1 empty switch in `\VexRiscv.$proc$vexriscv_imc.v:4576$868'.
Removing empty process `VexRiscv.$proc$vexriscv_imc.v:4576$868'.
Found and cleaned up 1 empty switch in `\VexRiscv.$proc$vexriscv_imc.v:4569$867'.
Removing empty process `VexRiscv.$proc$vexriscv_imc.v:4569$867'.
Removing empty process `VexRiscv.$proc$vexriscv_imc.v:4418$702'.
Found and cleaned up 2 empty switches in `\VexRiscv.$proc$vexriscv_imc.v:4392$682'.
Removing empty process `VexRiscv.$proc$vexriscv_imc.v:4392$682'.
Found and cleaned up 1 empty switch in `\VexRiscv.$proc$vexriscv_imc.v:4383$679'.
Removing empty process `VexRiscv.$proc$vexriscv_imc.v:4383$679'.
Found and cleaned up 2 empty switches in `\VexRiscv.$proc$vexriscv_imc.v:4374$678'.
Removing empty process `VexRiscv.$proc$vexriscv_imc.v:4374$678'.
Found and cleaned up 1 empty switch in `\VexRiscv.$proc$vexriscv_imc.v:4350$673'.
Removing empty process `VexRiscv.$proc$vexriscv_imc.v:4350$673'.
Found and cleaned up 1 empty switch in `\VexRiscv.$proc$vexriscv_imc.v:4336$672'.
Removing empty process `VexRiscv.$proc$vexriscv_imc.v:4336$672'.
Found and cleaned up 1 empty switch in `\VexRiscv.$proc$vexriscv_imc.v:4318$664'.
Removing empty process `VexRiscv.$proc$vexriscv_imc.v:4318$664'.
Found and cleaned up 1 empty switch in `\VexRiscv.$proc$vexriscv_imc.v:4306$656'.
Removing empty process `VexRiscv.$proc$vexriscv_imc.v:4306$656'.
Found and cleaned up 1 empty switch in `\VexRiscv.$proc$vexriscv_imc.v:4299$653'.
Removing empty process `VexRiscv.$proc$vexriscv_imc.v:4299$653'.
Found and cleaned up 4 empty switches in `\VexRiscv.$proc$vexriscv_imc.v:4273$643'.
Removing empty process `VexRiscv.$proc$vexriscv_imc.v:4273$643'.
Found and cleaned up 3 empty switches in `\VexRiscv.$proc$vexriscv_imc.v:4260$642'.
Removing empty process `VexRiscv.$proc$vexriscv_imc.v:4260$642'.
Found and cleaned up 2 empty switches in `\VexRiscv.$proc$vexriscv_imc.v:4251$641'.
Removing empty process `VexRiscv.$proc$vexriscv_imc.v:4251$641'.
Found and cleaned up 35 empty switches in `\VexRiscv.$proc$vexriscv_imc.v:4151$640'.
Removing empty process `VexRiscv.$proc$vexriscv_imc.v:4151$640'.
Found and cleaned up 1 empty switch in `\VexRiscv.$proc$vexriscv_imc.v:4130$623'.
Removing empty process `VexRiscv.$proc$vexriscv_imc.v:4130$623'.
Found and cleaned up 1 empty switch in `\VexRiscv.$proc$vexriscv_imc.v:4119$622'.
Removing empty process `VexRiscv.$proc$vexriscv_imc.v:4119$622'.
Found and cleaned up 1 empty switch in `\VexRiscv.$proc$vexriscv_imc.v:4111$621'.
Removing empty process `VexRiscv.$proc$vexriscv_imc.v:4111$621'.
Found and cleaned up 1 empty switch in `\VexRiscv.$proc$vexriscv_imc.v:4104$620'.
Removing empty process `VexRiscv.$proc$vexriscv_imc.v:4104$620'.
Found and cleaned up 2 empty switches in `\VexRiscv.$proc$vexriscv_imc.v:4092$616'.
Removing empty process `VexRiscv.$proc$vexriscv_imc.v:4092$616'.
Found and cleaned up 1 empty switch in `\VexRiscv.$proc$vexriscv_imc.v:4066$594'.
Removing empty process `VexRiscv.$proc$vexriscv_imc.v:4066$594'.
Found and cleaned up 2 empty switches in `\VexRiscv.$proc$vexriscv_imc.v:4056$593'.
Removing empty process `VexRiscv.$proc$vexriscv_imc.v:4056$593'.
Found and cleaned up 2 empty switches in `\VexRiscv.$proc$vexriscv_imc.v:4046$592'.
Removing empty process `VexRiscv.$proc$vexriscv_imc.v:4046$592'.
Found and cleaned up 2 empty switches in `\VexRiscv.$proc$vexriscv_imc.v:4036$591'.
Removing empty process `VexRiscv.$proc$vexriscv_imc.v:4036$591'.
Found and cleaned up 1 empty switch in `\VexRiscv.$proc$vexriscv_imc.v:4020$585'.
Removing empty process `VexRiscv.$proc$vexriscv_imc.v:4020$585'.
Removing empty process `VexRiscv.$proc$vexriscv_imc.v:3994$581'.
Removing empty process `VexRiscv.$proc$vexriscv_imc.v:3979$580'.
Found and cleaned up 2 empty switches in `\VexRiscv.$proc$vexriscv_imc.v:3964$577'.
Removing empty process `VexRiscv.$proc$vexriscv_imc.v:3964$577'.
Removing empty process `VexRiscv.$proc$vexriscv_imc.v:3941$576'.
Found and cleaned up 1 empty switch in `\VexRiscv.$proc$vexriscv_imc.v:3929$575'.
Removing empty process `VexRiscv.$proc$vexriscv_imc.v:3929$575'.
Found and cleaned up 1 empty switch in `\VexRiscv.$proc$vexriscv_imc.v:3911$574'.
Removing empty process `VexRiscv.$proc$vexriscv_imc.v:3911$574'.
Found and cleaned up 1 empty switch in `\VexRiscv.$proc$vexriscv_imc.v:3891$570'.
Removing empty process `VexRiscv.$proc$vexriscv_imc.v:3891$570'.
Found and cleaned up 10 empty switches in `\VexRiscv.$proc$vexriscv_imc.v:3837$543'.
Removing empty process `VexRiscv.$proc$vexriscv_imc.v:3837$543'.
Found and cleaned up 10 empty switches in `\VexRiscv.$proc$vexriscv_imc.v:3809$542'.
Removing empty process `VexRiscv.$proc$vexriscv_imc.v:3809$542'.
Removing empty process `VexRiscv.$proc$vexriscv_imc.v:3774$541'.
Removing empty process `VexRiscv.$proc$vexriscv_imc.v:3738$538'.
Found and cleaned up 1 empty switch in `\VexRiscv.$proc$vexriscv_imc.v:3729$534'.
Removing empty process `VexRiscv.$proc$vexriscv_imc.v:3729$534'.
Found and cleaned up 1 empty switch in `\VexRiscv.$proc$vexriscv_imc.v:3712$533'.
Removing empty process `VexRiscv.$proc$vexriscv_imc.v:3712$533'.
Removing empty process `VexRiscv.$proc$vexriscv_imc.v:3689$532'.
Removing empty process `VexRiscv.$proc$vexriscv_imc.v:3665$531'.
Found and cleaned up 1 empty switch in `\VexRiscv.$proc$vexriscv_imc.v:3647$530'.
Removing empty process `VexRiscv.$proc$vexriscv_imc.v:3647$530'.
Found and cleaned up 1 empty switch in `\VexRiscv.$proc$vexriscv_imc.v:3633$529'.
Removing empty process `VexRiscv.$proc$vexriscv_imc.v:3633$529'.
Found and cleaned up 1 empty switch in `\VexRiscv.$proc$vexriscv_imc.v:3619$525'.
Removing empty process `VexRiscv.$proc$vexriscv_imc.v:3619$525'.
Found and cleaned up 1 empty switch in `\VexRiscv.$proc$vexriscv_imc.v:3612$524'.
Removing empty process `VexRiscv.$proc$vexriscv_imc.v:3612$524'.
Found and cleaned up 1 empty switch in `\VexRiscv.$proc$vexriscv_imc.v:3605$523'.
Removing empty process `VexRiscv.$proc$vexriscv_imc.v:3605$523'.
Found and cleaned up 1 empty switch in `\VexRiscv.$proc$vexriscv_imc.v:3598$521'.
Removing empty process `VexRiscv.$proc$vexriscv_imc.v:3598$521'.
Found and cleaned up 1 empty switch in `\VexRiscv.$proc$vexriscv_imc.v:3542$493'.
Removing empty process `VexRiscv.$proc$vexriscv_imc.v:3542$493'.
Removing empty process `VexRiscv.$proc$vexriscv_imc.v:3522$492'.
Removing empty process `VexRiscv.$proc$vexriscv_imc.v:3493$489'.
Found and cleaned up 1 empty switch in `\VexRiscv.$proc$vexriscv_imc.v:3474$486'.
Removing empty process `VexRiscv.$proc$vexriscv_imc.v:3474$486'.
Found and cleaned up 2 empty switches in `\VexRiscv.$proc$vexriscv_imc.v:3461$477'.
Removing empty process `VexRiscv.$proc$vexriscv_imc.v:3461$477'.
Found and cleaned up 3 empty switches in `\VexRiscv.$proc$vexriscv_imc.v:3448$476'.
Removing empty process `VexRiscv.$proc$vexriscv_imc.v:3448$476'.
Found and cleaned up 1 empty switch in `\VexRiscv.$proc$vexriscv_imc.v:3429$461'.
Removing empty process `VexRiscv.$proc$vexriscv_imc.v:3429$461'.
Found and cleaned up 1 empty switch in `\VexRiscv.$proc$vexriscv_imc.v:3413$453'.
Removing empty process `VexRiscv.$proc$vexriscv_imc.v:3413$453'.
Found and cleaned up 2 empty switches in `\VexRiscv.$proc$vexriscv_imc.v:3400$443'.
Removing empty process `VexRiscv.$proc$vexriscv_imc.v:3400$443'.
Found and cleaned up 2 empty switches in `\VexRiscv.$proc$vexriscv_imc.v:3378$428'.
Removing empty process `VexRiscv.$proc$vexriscv_imc.v:3378$428'.
Found and cleaned up 2 empty switches in `\VexRiscv.$proc$vexriscv_imc.v:3368$427'.
Removing empty process `VexRiscv.$proc$vexriscv_imc.v:3368$427'.
Found and cleaned up 1 empty switch in `\VexRiscv.$proc$vexriscv_imc.v:3361$424'.
Removing empty process `VexRiscv.$proc$vexriscv_imc.v:3361$424'.
Found and cleaned up 2 empty switches in `\VexRiscv.$proc$vexriscv_imc.v:3351$423'.
Removing empty process `VexRiscv.$proc$vexriscv_imc.v:3351$423'.
Removing empty process `VexRiscv.$proc$vexriscv_imc.v:3333$414'.
Removing empty process `VexRiscv.$proc$vexriscv_imc.v:3309$410'.
Removing empty process `VexRiscv.$proc$vexriscv_imc.v:3294$409'.
Removing empty process `VexRiscv.$proc$vexriscv_imc.v:3269$403'.
Found and cleaned up 1 empty switch in `\VexRiscv.$proc$vexriscv_imc.v:3261$402'.
Removing empty process `VexRiscv.$proc$vexriscv_imc.v:3261$402'.
Removing empty process `VexRiscv.$proc$vexriscv_imc.v:3226$360'.
Found and cleaned up 1 empty switch in `\VexRiscv.$proc$vexriscv_imc.v:3208$359'.
Removing empty process `VexRiscv.$proc$vexriscv_imc.v:3208$359'.
Found and cleaned up 1 empty switch in `\VexRiscv.$proc$vexriscv_imc.v:3191$358'.
Removing empty process `VexRiscv.$proc$vexriscv_imc.v:3191$358'.
Removing empty process `VexRiscv.$proc$vexriscv_imc.v:3174$355'.
Removing empty process `VexRiscv.$proc$vexriscv_imc.v:3159$354'.
Removing empty process `VexRiscv.$proc$vexriscv_imc.v:3152$353'.
Removing empty process `VexRiscv.$proc$vexriscv_imc.v:3133$352'.
Removing empty process `VexRiscv.$proc$vexriscv_imc.v:3118$351'.
Removing empty process `VexRiscv.$proc$vexriscv_imc.v:3106$350'.
Found and cleaned up 2 empty switches in `\VexRiscv.$proc$vexriscv_imc.v:3046$334'.
Removing empty process `VexRiscv.$proc$vexriscv_imc.v:3046$334'.
Found and cleaned up 1 empty switch in `\VexRiscv.$proc$vexriscv_imc.v:3022$322'.
Removing empty process `VexRiscv.$proc$vexriscv_imc.v:3022$322'.
Found and cleaned up 1 empty switch in `\VexRiscv.$proc$vexriscv_imc.v:3009$317'.
Removing empty process `VexRiscv.$proc$vexriscv_imc.v:3009$317'.
Found and cleaned up 2 empty switches in `\VexRiscv.$proc$vexriscv_imc.v:2994$313'.
Removing empty process `VexRiscv.$proc$vexriscv_imc.v:2994$313'.
Found and cleaned up 1 empty switch in `\VexRiscv.$proc$vexriscv_imc.v:2983$309'.
Removing empty process `VexRiscv.$proc$vexriscv_imc.v:2983$309'.
Found and cleaned up 1 empty switch in `\VexRiscv.$proc$vexriscv_imc.v:2973$308'.
Removing empty process `VexRiscv.$proc$vexriscv_imc.v:2973$308'.
Found and cleaned up 1 empty switch in `\VexRiscv.$proc$vexriscv_imc.v:2962$301'.
Removing empty process `VexRiscv.$proc$vexriscv_imc.v:2962$301'.
Found and cleaned up 2 empty switches in `\VexRiscv.$proc$vexriscv_imc.v:2949$295'.
Removing empty process `VexRiscv.$proc$vexriscv_imc.v:2949$295'.
Found and cleaned up 3 empty switches in `\VexRiscv.$proc$vexriscv_imc.v:2935$293'.
Removing empty process `VexRiscv.$proc$vexriscv_imc.v:2935$293'.
Found and cleaned up 1 empty switch in `\VexRiscv.$proc$vexriscv_imc.v:2926$289'.
Removing empty process `VexRiscv.$proc$vexriscv_imc.v:2926$289'.
Found and cleaned up 2 empty switches in `\VexRiscv.$proc$vexriscv_imc.v:2914$286'.
Removing empty process `VexRiscv.$proc$vexriscv_imc.v:2914$286'.
Found and cleaned up 3 empty switches in `\VexRiscv.$proc$vexriscv_imc.v:2886$281'.
Removing empty process `VexRiscv.$proc$vexriscv_imc.v:2886$281'.
Found and cleaned up 2 empty switches in `\VexRiscv.$proc$vexriscv_imc.v:2876$280'.
Removing empty process `VexRiscv.$proc$vexriscv_imc.v:2876$280'.
Found and cleaned up 1 empty switch in `\VexRiscv.$proc$vexriscv_imc.v:2868$279'.
Removing empty process `VexRiscv.$proc$vexriscv_imc.v:2868$279'.
Found and cleaned up 2 empty switches in `\VexRiscv.$proc$vexriscv_imc.v:2856$278'.
Removing empty process `VexRiscv.$proc$vexriscv_imc.v:2856$278'.
Found and cleaned up 2 empty switches in `\VexRiscv.$proc$vexriscv_imc.v:2845$277'.
Removing empty process `VexRiscv.$proc$vexriscv_imc.v:2845$277'.
Found and cleaned up 3 empty switches in `\VexRiscv.$proc$vexriscv_imc.v:2831$276'.
Removing empty process `VexRiscv.$proc$vexriscv_imc.v:2831$276'.
Found and cleaned up 2 empty switches in `\VexRiscv.$proc$vexriscv_imc.v:2817$275'.
Removing empty process `VexRiscv.$proc$vexriscv_imc.v:2817$275'.
Found and cleaned up 1 empty switch in `\VexRiscv.$proc$vexriscv_imc.v:2809$274'.
Removing empty process `VexRiscv.$proc$vexriscv_imc.v:2809$274'.
Found and cleaned up 2 empty switches in `\VexRiscv.$proc$vexriscv_imc.v:2797$273'.
Removing empty process `VexRiscv.$proc$vexriscv_imc.v:2797$273'.
Found and cleaned up 2 empty switches in `\VexRiscv.$proc$vexriscv_imc.v:2786$272'.
Removing empty process `VexRiscv.$proc$vexriscv_imc.v:2786$272'.
Found and cleaned up 3 empty switches in `\VexRiscv.$proc$vexriscv_imc.v:2773$271'.
Removing empty process `VexRiscv.$proc$vexriscv_imc.v:2773$271'.
Found and cleaned up 1 empty switch in `\VexRiscv.$proc$vexriscv_imc.v:2766$270'.
Removing empty process `VexRiscv.$proc$vexriscv_imc.v:2766$270'.
Found and cleaned up 2 empty switches in `\VexRiscv.$proc$vexriscv_imc.v:2755$269'.
Removing empty process `VexRiscv.$proc$vexriscv_imc.v:2755$269'.
Found and cleaned up 5 empty switches in `\VexRiscv.$proc$vexriscv_imc.v:2737$268'.
Removing empty process `VexRiscv.$proc$vexriscv_imc.v:2737$268'.
Found and cleaned up 2 empty switches in `\VexRiscv.$proc$vexriscv_imc.v:2727$267'.
Removing empty process `VexRiscv.$proc$vexriscv_imc.v:2727$267'.
Found and cleaned up 2 empty switches in `\VexRiscv.$proc$vexriscv_imc.v:2716$266'.
Removing empty process `VexRiscv.$proc$vexriscv_imc.v:2716$266'.
Found and cleaned up 3 empty switches in `\VexRiscv.$proc$vexriscv_imc.v:2703$265'.
Removing empty process `VexRiscv.$proc$vexriscv_imc.v:2703$265'.
Found and cleaned up 1 empty switch in `\VexRiscv.$proc$vexriscv_imc.v:2690$264'.
Removing empty process `VexRiscv.$proc$vexriscv_imc.v:2690$264'.
Found and cleaned up 1 empty switch in `\VexRiscv.$proc$vexriscv_imc.v:2683$263'.
Removing empty process `VexRiscv.$proc$vexriscv_imc.v:2683$263'.
Found and cleaned up 1 empty switch in `\VexRiscv.$proc$vexriscv_imc.v:2675$262'.
Removing empty process `VexRiscv.$proc$vexriscv_imc.v:2675$262'.
Found and cleaned up 1 empty switch in `\VexRiscv.$proc$vexriscv_imc.v:2668$261'.
Removing empty process `VexRiscv.$proc$vexriscv_imc.v:2668$261'.
Found and cleaned up 1 empty switch in `\VexRiscv.$proc$vexriscv_imc.v:2661$260'.
Removing empty process `VexRiscv.$proc$vexriscv_imc.v:2661$260'.
Found and cleaned up 1 empty switch in `\VexRiscv.$proc$vexriscv_imc.v:2654$259'.
Removing empty process `VexRiscv.$proc$vexriscv_imc.v:2654$259'.
Found and cleaned up 4 empty switches in `\VexRiscv.$proc$vexriscv_imc.v:2618$251'.
Removing empty process `VexRiscv.$proc$vexriscv_imc.v:2618$251'.
Found and cleaned up 1 empty switch in `\VexRiscv.$proc$vexriscv_imc.v:2607$242'.
Removing empty process `VexRiscv.$proc$vexriscv_imc.v:2607$242'.
Found and cleaned up 1 empty switch in `\VexRiscv.$proc$vexriscv_imc.v:2599$240'.
Removing empty process `VexRiscv.$proc$vexriscv_imc.v:2599$240'.
Found and cleaned up 3 empty switches in `\VexRiscv.$proc$vexriscv_imc.v:2561$239'.
Removing empty process `VexRiscv.$proc$vexriscv_imc.v:2561$239'.
Found and cleaned up 11 empty switches in `\VexRiscv.$proc$vexriscv_imc.v:2530$238'.
Removing empty process `VexRiscv.$proc$vexriscv_imc.v:2530$238'.
Found and cleaned up 11 empty switches in `\VexRiscv.$proc$vexriscv_imc.v:2500$237'.
Removing empty process `VexRiscv.$proc$vexriscv_imc.v:2500$237'.
Found and cleaned up 1 empty switch in `\VexRiscv.$proc$vexriscv_imc.v:2487$236'.
Removing empty process `VexRiscv.$proc$vexriscv_imc.v:2487$236'.
Found and cleaned up 1 empty switch in `\VexRiscv.$proc$vexriscv_imc.v:1693$216'.
Removing empty process `VexRiscv.$proc$vexriscv_imc.v:1693$216'.
Found and cleaned up 1 empty switch in `\VexRiscv.$proc$vexriscv_imc.v:1645$209'.
Removing empty process `VexRiscv.$proc$vexriscv_imc.v:1645$209'.
Found and cleaned up 1 empty switch in `\VexRiscv.$proc$vexriscv_imc.v:1639$207'.
Removing empty process `VexRiscv.$proc$vexriscv_imc.v:1639$207'.
Found and cleaned up 1 empty switch in `\VexRiscv.$proc$vexriscv_imc.v:1633$205'.
Removing empty process `VexRiscv.$proc$vexriscv_imc.v:1633$205'.
Cleaned up 492 empty switches.

3.4.12. Executing OPT_EXPR pass (perform const folding).
Optimizing module top.pin_pseudo_gnd_0.buf.buf.
Optimizing module top.pin_pseudo_gnd_0.buf.
<suppressed ~2 debug messages>
Optimizing module top.pin_pseudo_gnd_0.
Optimizing module top.pin_pseudo_vccio_0.buf.buf.
Optimizing module top.pin_pseudo_vccio_0.buf.
<suppressed ~2 debug messages>
Optimizing module top.pin_pseudo_vccio_0.
Optimizing module top.pin_clk_60MHz_0.buf.buf.
Optimizing module top.pin_clk_60MHz_0.buf.
<suppressed ~1 debug messages>
Optimizing module top.pin_clk_60MHz_0.
Optimizing module top.decoder.
<suppressed ~4 debug messages>
Optimizing module top.ram.
<suppressed ~3 debug messages>
Optimizing module top.cpu.
<suppressed ~1 debug messages>
Optimizing module top.clocking.usb_reset.
<suppressed ~3 debug messages>
Optimizing module top.clocking.
Optimizing module top.
Optimizing module InstructionCache.
<suppressed ~10 debug messages>
Optimizing module VexRiscv.
<suppressed ~413 debug messages>

3.5. Executing CHECK pass (checking for obvious problems).
Checking module top.pin_pseudo_gnd_0.buf.buf...
Checking module top.pin_pseudo_gnd_0.buf...
Checking module top.pin_pseudo_gnd_0...
Checking module top.pin_pseudo_vccio_0.buf.buf...
Checking module top.pin_pseudo_vccio_0.buf...
Checking module top.pin_pseudo_vccio_0...
Checking module top.pin_clk_60MHz_0.buf.buf...
Checking module top.pin_clk_60MHz_0.buf...
Checking module top.pin_clk_60MHz_0...
Checking module top.decoder...
Checking module top.ram...
Checking module top.cpu...
Checking module top.clocking.usb_reset...
Checking module top.clocking...
Checking module top...
Checking module InstructionCache...
Warning: Wire InstructionCache.\io_cpu_decode_physicalAddress [31] is used but has no driver.
Warning: Wire InstructionCache.\io_cpu_decode_physicalAddress [30] is used but has no driver.
Warning: Wire InstructionCache.\io_cpu_decode_physicalAddress [29] is used but has no driver.
Warning: Wire InstructionCache.\io_cpu_decode_physicalAddress [28] is used but has no driver.
Warning: Wire InstructionCache.\io_cpu_decode_physicalAddress [27] is used but has no driver.
Warning: Wire InstructionCache.\io_cpu_decode_physicalAddress [26] is used but has no driver.
Warning: Wire InstructionCache.\io_cpu_decode_physicalAddress [25] is used but has no driver.
Warning: Wire InstructionCache.\io_cpu_decode_physicalAddress [24] is used but has no driver.
Warning: Wire InstructionCache.\io_cpu_decode_physicalAddress [23] is used but has no driver.
Warning: Wire InstructionCache.\io_cpu_decode_physicalAddress [22] is used but has no driver.
Warning: Wire InstructionCache.\io_cpu_decode_physicalAddress [21] is used but has no driver.
Warning: Wire InstructionCache.\io_cpu_decode_physicalAddress [20] is used but has no driver.
Warning: Wire InstructionCache.\io_cpu_decode_physicalAddress [19] is used but has no driver.
Warning: Wire InstructionCache.\io_cpu_decode_physicalAddress [18] is used but has no driver.
Warning: Wire InstructionCache.\io_cpu_decode_physicalAddress [17] is used but has no driver.
Warning: Wire InstructionCache.\io_cpu_decode_physicalAddress [16] is used but has no driver.
Warning: Wire InstructionCache.\io_cpu_decode_physicalAddress [15] is used but has no driver.
Warning: Wire InstructionCache.\io_cpu_decode_physicalAddress [14] is used but has no driver.
Warning: Wire InstructionCache.\io_cpu_decode_physicalAddress [13] is used but has no driver.
Warning: Wire InstructionCache.\io_cpu_decode_physicalAddress [12] is used but has no driver.
Warning: Wire InstructionCache.\io_cpu_decode_physicalAddress [11] is used but has no driver.
Warning: Wire InstructionCache.\io_cpu_decode_physicalAddress [10] is used but has no driver.
Warning: Wire InstructionCache.\io_cpu_decode_physicalAddress [9] is used but has no driver.
Warning: Wire InstructionCache.\io_cpu_decode_physicalAddress [8] is used but has no driver.
Warning: Wire InstructionCache.\io_cpu_decode_physicalAddress [7] is used but has no driver.
Warning: Wire InstructionCache.\io_cpu_decode_physicalAddress [6] is used but has no driver.
Warning: Wire InstructionCache.\io_cpu_decode_physicalAddress [5] is used but has no driver.
Warning: Wire InstructionCache.\io_cpu_decode_physicalAddress [4] is used but has no driver.
Warning: Wire InstructionCache.\io_cpu_decode_physicalAddress [3] is used but has no driver.
Warning: Wire InstructionCache.\io_cpu_decode_physicalAddress [2] is used but has no driver.
Warning: Wire InstructionCache.\io_cpu_decode_physicalAddress [1] is used but has no driver.
Warning: Wire InstructionCache.\io_cpu_decode_physicalAddress [0] is used but has no driver.
Warning: Wire InstructionCache.\io_cpu_decode_data [31] is used but has no driver.
Warning: Wire InstructionCache.\io_cpu_decode_data [30] is used but has no driver.
Warning: Wire InstructionCache.\io_cpu_decode_data [29] is used but has no driver.
Warning: Wire InstructionCache.\io_cpu_decode_data [28] is used but has no driver.
Warning: Wire InstructionCache.\io_cpu_decode_data [27] is used but has no driver.
Warning: Wire InstructionCache.\io_cpu_decode_data [26] is used but has no driver.
Warning: Wire InstructionCache.\io_cpu_decode_data [25] is used but has no driver.
Warning: Wire InstructionCache.\io_cpu_decode_data [24] is used but has no driver.
Warning: Wire InstructionCache.\io_cpu_decode_data [23] is used but has no driver.
Warning: Wire InstructionCache.\io_cpu_decode_data [22] is used but has no driver.
Warning: Wire InstructionCache.\io_cpu_decode_data [21] is used but has no driver.
Warning: Wire InstructionCache.\io_cpu_decode_data [20] is used but has no driver.
Warning: Wire InstructionCache.\io_cpu_decode_data [19] is used but has no driver.
Warning: Wire InstructionCache.\io_cpu_decode_data [18] is used but has no driver.
Warning: Wire InstructionCache.\io_cpu_decode_data [17] is used but has no driver.
Warning: Wire InstructionCache.\io_cpu_decode_data [16] is used but has no driver.
Warning: Wire InstructionCache.\io_cpu_decode_data [15] is used but has no driver.
Warning: Wire InstructionCache.\io_cpu_decode_data [14] is used but has no driver.
Warning: Wire InstructionCache.\io_cpu_decode_data [13] is used but has no driver.
Warning: Wire InstructionCache.\io_cpu_decode_data [12] is used but has no driver.
Warning: Wire InstructionCache.\io_cpu_decode_data [11] is used but has no driver.
Warning: Wire InstructionCache.\io_cpu_decode_data [10] is used but has no driver.
Warning: Wire InstructionCache.\io_cpu_decode_data [9] is used but has no driver.
Warning: Wire InstructionCache.\io_cpu_decode_data [8] is used but has no driver.
Warning: Wire InstructionCache.\io_cpu_decode_data [7] is used but has no driver.
Warning: Wire InstructionCache.\io_cpu_decode_data [6] is used but has no driver.
Warning: Wire InstructionCache.\io_cpu_decode_data [5] is used but has no driver.
Warning: Wire InstructionCache.\io_cpu_decode_data [4] is used but has no driver.
Warning: Wire InstructionCache.\io_cpu_decode_data [3] is used but has no driver.
Warning: Wire InstructionCache.\io_cpu_decode_data [2] is used but has no driver.
Warning: Wire InstructionCache.\io_cpu_decode_data [1] is used but has no driver.
Warning: Wire InstructionCache.\io_cpu_decode_data [0] is used but has no driver.
Checking module VexRiscv...
Warning: Wire VexRiscv.\IBusCachedPlugin_cache_io_cpu_fetch_isRemoved is used but has no driver.
Warning: Wire VexRiscv.\IBusCachedPlugin_mmuBus_rsp_bypassTranslation is used but has no driver.
Warning: Wire VexRiscv.\IBusCachedPlugin_cache_io_cpu_decode_isValid is used but has no driver.
Warning: Wire VexRiscv.\IBusCachedPlugin_cache_io_cpu_decode_isStuck is used but has no driver.
Warning: Wire VexRiscv.\IBusCachedPlugin_cache_io_cpu_decode_pc [31] is used but has no driver.
Warning: Wire VexRiscv.\IBusCachedPlugin_cache_io_cpu_decode_pc [30] is used but has no driver.
Warning: Wire VexRiscv.\IBusCachedPlugin_cache_io_cpu_decode_pc [29] is used but has no driver.
Warning: Wire VexRiscv.\IBusCachedPlugin_cache_io_cpu_decode_pc [28] is used but has no driver.
Warning: Wire VexRiscv.\IBusCachedPlugin_cache_io_cpu_decode_pc [27] is used but has no driver.
Warning: Wire VexRiscv.\IBusCachedPlugin_cache_io_cpu_decode_pc [26] is used but has no driver.
Warning: Wire VexRiscv.\IBusCachedPlugin_cache_io_cpu_decode_pc [25] is used but has no driver.
Warning: Wire VexRiscv.\IBusCachedPlugin_cache_io_cpu_decode_pc [24] is used but has no driver.
Warning: Wire VexRiscv.\IBusCachedPlugin_cache_io_cpu_decode_pc [23] is used but has no driver.
Warning: Wire VexRiscv.\IBusCachedPlugin_cache_io_cpu_decode_pc [22] is used but has no driver.
Warning: Wire VexRiscv.\IBusCachedPlugin_cache_io_cpu_decode_pc [21] is used but has no driver.
Warning: Wire VexRiscv.\IBusCachedPlugin_cache_io_cpu_decode_pc [20] is used but has no driver.
Warning: Wire VexRiscv.\IBusCachedPlugin_cache_io_cpu_decode_pc [19] is used but has no driver.
Warning: Wire VexRiscv.\IBusCachedPlugin_cache_io_cpu_decode_pc [18] is used but has no driver.
Warning: Wire VexRiscv.\IBusCachedPlugin_cache_io_cpu_decode_pc [17] is used but has no driver.
Warning: Wire VexRiscv.\IBusCachedPlugin_cache_io_cpu_decode_pc [16] is used but has no driver.
Warning: Wire VexRiscv.\IBusCachedPlugin_cache_io_cpu_decode_pc [15] is used but has no driver.
Warning: Wire VexRiscv.\IBusCachedPlugin_cache_io_cpu_decode_pc [14] is used but has no driver.
Warning: Wire VexRiscv.\IBusCachedPlugin_cache_io_cpu_decode_pc [13] is used but has no driver.
Warning: Wire VexRiscv.\IBusCachedPlugin_cache_io_cpu_decode_pc [12] is used but has no driver.
Warning: Wire VexRiscv.\IBusCachedPlugin_cache_io_cpu_decode_pc [11] is used but has no driver.
Warning: Wire VexRiscv.\IBusCachedPlugin_cache_io_cpu_decode_pc [10] is used but has no driver.
Warning: Wire VexRiscv.\IBusCachedPlugin_cache_io_cpu_decode_pc [9] is used but has no driver.
Warning: Wire VexRiscv.\IBusCachedPlugin_cache_io_cpu_decode_pc [8] is used but has no driver.
Warning: Wire VexRiscv.\IBusCachedPlugin_cache_io_cpu_decode_pc [7] is used but has no driver.
Warning: Wire VexRiscv.\IBusCachedPlugin_cache_io_cpu_decode_pc [6] is used but has no driver.
Warning: Wire VexRiscv.\IBusCachedPlugin_cache_io_cpu_decode_pc [5] is used but has no driver.
Warning: Wire VexRiscv.\IBusCachedPlugin_cache_io_cpu_decode_pc [4] is used but has no driver.
Warning: Wire VexRiscv.\IBusCachedPlugin_cache_io_cpu_decode_pc [3] is used but has no driver.
Warning: Wire VexRiscv.\IBusCachedPlugin_cache_io_cpu_decode_pc [2] is used but has no driver.
Warning: Wire VexRiscv.\IBusCachedPlugin_cache_io_cpu_decode_pc [1] is used but has no driver.
Warning: Wire VexRiscv.\IBusCachedPlugin_cache_io_cpu_decode_pc [0] is used but has no driver.
Warning: Wire VexRiscv.\IBusCachedPlugin_decompressor_output_payload_rsp_error is used but has no driver.
Warning: Wire VexRiscv.\CsrPlugin_mtvec_mode [1] is used but has no driver.
Warning: Wire VexRiscv.\CsrPlugin_mtvec_mode [0] is used but has no driver.
Found and reported 103 problems.

3.6. Executing FLATTEN pass (flatten design).
Deleting now unused module top.pin_pseudo_gnd_0.buf.buf.
Deleting now unused module top.pin_pseudo_gnd_0.buf.
Deleting now unused module top.pin_pseudo_gnd_0.
Deleting now unused module top.pin_pseudo_vccio_0.buf.buf.
Deleting now unused module top.pin_pseudo_vccio_0.buf.
Deleting now unused module top.pin_pseudo_vccio_0.
Deleting now unused module top.pin_clk_60MHz_0.buf.buf.
Deleting now unused module top.pin_clk_60MHz_0.buf.
Deleting now unused module top.pin_clk_60MHz_0.
Deleting now unused module top.decoder.
Deleting now unused module top.ram.
Deleting now unused module top.cpu.
Deleting now unused module top.clocking.usb_reset.
Deleting now unused module top.clocking.
Deleting now unused module InstructionCache.
Deleting now unused module VexRiscv.
<suppressed ~16 debug messages>

3.7. Executing TRIBUF pass.

3.8. Executing DEMINOUT pass (demote inout ports to input or output).

3.9. Executing OPT_EXPR pass (perform const folding).
Optimizing module top.
<suppressed ~93 debug messages>

3.10. Executing OPT_CLEAN pass (remove unused cells and wires).
Finding unused cells or wires in module \top..
Removed 251 unused cells and 2356 unused wires.
<suppressed ~455 debug messages>

3.11. Executing CHECK pass (checking for obvious problems).
Checking module top...
Found and reported 0 problems.

3.12. Executing OPT pass (performing simple optimizations).

3.12.1. Executing OPT_EXPR pass (perform const folding).
Optimizing module top.
<suppressed ~4 debug messages>

3.12.2. Executing OPT_MERGE pass (detect identical cells).
Finding identical cells in module `\top'.
Computing hashes of 1400 cells of `\top'.
Finding duplicate cells in `\top'.
Computing hashes of 1331 cells of `\top'.
Finding duplicate cells in `\top'.
Computing hashes of 1327 cells of `\top'.
Finding duplicate cells in `\top'.
Computing hashes of 1326 cells of `\top'.
Finding duplicate cells in `\top'.
<suppressed ~222 debug messages>
Removed a total of 74 cells.

3.12.3. Executing OPT_MUXTREE pass (detect dead branches in mux trees).
Running muxtree optimizer on module \top..
  Creating internal representation of mux trees.
  Evaluating internal representation of mux trees.
      Replacing known input bits on port B of cell $flatten\cpu.\vexriscv.\IBusCachedPlugin_cache.$procmux$1344: \cpu.vexriscv.IBusCachedPlugin_cache.lineLoader_flushCounter -> { 1'1 \cpu.vexriscv.IBusCachedPlugin_cache.lineLoader_flushCounter [6:0] }
  Analyzing evaluation results.
    dead port 2/2 on $mux $flatten\cpu.\vexriscv.$procmux$2393.
    dead port 2/2 on $mux $flatten\cpu.\vexriscv.$procmux$2384.
    dead port 2/2 on $mux $flatten\cpu.\vexriscv.$procmux$2375.
    dead port 2/2 on $mux $flatten\cpu.\vexriscv.$procmux$2366.
    dead port 2/2 on $mux $flatten\cpu.\vexriscv.$procmux$2318.
    dead port 2/2 on $mux $flatten\cpu.\vexriscv.$procmux$2309.
    dead port 2/2 on $mux $flatten\cpu.\vexriscv.$procmux$2300.
    dead port 2/2 on $mux $flatten\cpu.\vexriscv.$procmux$2291.
    dead port 2/2 on $mux $flatten\cpu.\vexriscv.$procmux$2279.
    dead port 2/2 on $mux $flatten\cpu.\vexriscv.$procmux$2261.
    dead port 2/2 on $mux $flatten\cpu.\vexriscv.$procmux$2240.
    dead port 2/2 on $mux $flatten\cpu.\vexriscv.$procmux$2211.
    dead port 2/2 on $mux $flatten\cpu.\vexriscv.$procmux$2700.
    dead port 2/2 on $mux $flatten\cpu.\vexriscv.$procmux$2571.
    dead port 2/2 on $mux $flatten\cpu.\vexriscv.$procmux$2912.
    dead port 2/2 on $mux $flatten\cpu.\vexriscv.$procmux$2553.
    dead port 2/2 on $mux $flatten\cpu.\vexriscv.$procmux$2921.
    dead port 2/2 on $mux $flatten\cpu.\vexriscv.$procmux$2950.
    dead port 2/2 on $mux $flatten\cpu.\vexriscv.$procmux$2952.
    dead port 2/2 on $mux $flatten\cpu.\vexriscv.$procmux$2958.
    dead port 2/2 on $mux $flatten\cpu.\vexriscv.$procmux$2547.
    dead port 1/2 on $mux $flatten\cpu.\vexriscv.$procmux$2545.
    dead port 2/2 on $mux $flatten\cpu.\vexriscv.$procmux$2968.
    dead port 2/2 on $mux $flatten\cpu.\vexriscv.$procmux$2970.
    dead port 2/2 on $mux $flatten\cpu.\vexriscv.$procmux$2768.
    dead port 2/2 on $mux $flatten\cpu.\vexriscv.$procmux$2535.
    dead port 2/2 on $mux $flatten\cpu.\vexriscv.$procmux$2976.
    dead port 2/2 on $mux $flatten\cpu.\vexriscv.$procmux$2529.
    dead port 1/2 on $mux $flatten\cpu.\vexriscv.$procmux$2527.
    dead port 2/2 on $mux $flatten\cpu.\vexriscv.$procmux$2831.
    dead port 2/2 on $mux $flatten\cpu.\vexriscv.$procmux$2514.
    dead port 2/2 on $mux $flatten\cpu.\vexriscv.$procmux$2852.
    dead port 2/2 on $mux $flatten\cpu.\vexriscv.$procmux$2988.
    dead port 2/2 on $mux $flatten\cpu.\vexriscv.$procmux$2994.
    dead port 2/2 on $mux $flatten\cpu.\vexriscv.$procmux$2861.
    dead port 2/2 on $mux $flatten\cpu.\vexriscv.$procmux$3003.
    dead port 2/2 on $mux $flatten\cpu.\vexriscv.\IBusCachedPlugin_cache.$procmux$1401.
    dead port 2/2 on $mux $flatten\cpu.\vexriscv.$procmux$3013.
    dead port 2/2 on $mux $flatten\cpu.\vexriscv.$procmux$3015.
    dead port 2/2 on $mux $flatten\cpu.\vexriscv.$procmux$3021.
    dead port 2/2 on $mux $flatten\cpu.\vexriscv.$procmux$3031.
    dead port 2/2 on $mux $flatten\cpu.\vexriscv.$procmux$3033.
    dead port 2/2 on $mux $flatten\cpu.\vexriscv.$procmux$3039.
    dead port 2/2 on $mux $flatten\cpu.\vexriscv.$procmux$2496.
    dead port 2/2 on $mux $flatten\cpu.\vexriscv.$procmux$2490.
    dead port 1/2 on $mux $flatten\cpu.\vexriscv.$procmux$2488.
    dead port 2/2 on $mux $flatten\cpu.\vexriscv.$procmux$3051.
    dead port 2/2 on $mux $flatten\cpu.\vexriscv.$procmux$2940.
    dead port 2/2 on $mux $flatten\cpu.\vexriscv.$procmux$3057.
    dead port 2/2 on $mux $flatten\cpu.\vexriscv.$procmux$3066.
    dead port 2/2 on $mux $flatten\cpu.\vexriscv.$procmux$2478.
    dead port 2/2 on $mux $flatten\cpu.\vexriscv.$procmux$2472.
    dead port 1/2 on $mux $flatten\cpu.\vexriscv.$procmux$2470.
    dead port 1/2 on $mux $flatten\cpu.\vexriscv.$procmux$2443.
Removed 54 multiplexer ports.
<suppressed ~1918 debug messages>

3.12.4. Executing OPT_REDUCE pass (consolidate $*mux and $reduce_* inputs).
  Optimizing cells in module \top.
    New ctrl vector for $pmux cell $flatten\cpu.\vexriscv.$procmux$2221: $auto$opt_reduce.cc:135:opt_pmux$3303
    New ctrl vector for $pmux cell $flatten\cpu.\vexriscv.$procmux$2673: { $flatten\cpu.\vexriscv.$procmux$2674_CMP $auto$opt_reduce.cc:135:opt_pmux$3305 }
    Consolidated identical input bits for $mux cell $flatten\cpu.\vexriscv.\IBusCachedPlugin_cache.$procmux$1426:
      Old ports: A=0, B=32'11111111111111111111111111111111, Y=$flatten\cpu.\vexriscv.\IBusCachedPlugin_cache.$0$memwr$\banks_0$vexriscv_imc.v:5610$1020_EN[31:0]$1025
      New ports: A=1'0, B=1'1, Y=$flatten\cpu.\vexriscv.\IBusCachedPlugin_cache.$0$memwr$\banks_0$vexriscv_imc.v:5610$1020_EN[31:0]$1025 [0]
      New connections: $flatten\cpu.\vexriscv.\IBusCachedPlugin_cache.$0$memwr$\banks_0$vexriscv_imc.v:5610$1020_EN[31:0]$1025 [31:1] = { $flatten\cpu.\vexriscv.\IBusCachedPlugin_cache.$0$memwr$\banks_0$vexriscv_imc.v:5610$1020_EN[31:0]$1025 [0] $flatten\cpu.\vexriscv.\IBusCachedPlugin_cache.$0$memwr$\banks_0$vexriscv_imc.v:5610$1020_EN[31:0]$1025 [0] $flatten\cpu.\vexriscv.\IBusCachedPlugin_cache.$0$memwr$\banks_0$vexriscv_imc.v:5610$1020_EN[31:0]$1025 [0] $flatten\cpu.\vexriscv.\IBusCachedPlugin_cache.$0$memwr$\banks_0$vexriscv_imc.v:5610$1020_EN[31:0]$1025 [0] $flatten\cpu.\vexriscv.\IBusCachedPlugin_cache.$0$memwr$\banks_0$vexriscv_imc.v:5610$1020_EN[31:0]$1025 [0] $flatten\cpu.\vexriscv.\IBusCachedPlugin_cache.$0$memwr$\banks_0$vexriscv_imc.v:5610$1020_EN[31:0]$1025 [0] $flatten\cpu.\vexriscv.\IBusCachedPlugin_cache.$0$memwr$\banks_0$vexriscv_imc.v:5610$1020_EN[31:0]$1025 [0] $flatten\cpu.\vexriscv.\IBusCachedPlugin_cache.$0$memwr$\banks_0$vexriscv_imc.v:5610$1020_EN[31:0]$1025 [0] $flatten\cpu.\vexriscv.\IBusCachedPlugin_cache.$0$memwr$\banks_0$vexriscv_imc.v:5610$1020_EN[31:0]$1025 [0] $flatten\cpu.\vexriscv.\IBusCachedPlugin_cache.$0$memwr$\banks_0$vexriscv_imc.v:5610$1020_EN[31:0]$1025 [0] $flatten\cpu.\vexriscv.\IBusCachedPlugin_cache.$0$memwr$\banks_0$vexriscv_imc.v:5610$1020_EN[31:0]$1025 [0] $flatten\cpu.\vexriscv.\IBusCachedPlugin_cache.$0$memwr$\banks_0$vexriscv_imc.v:5610$1020_EN[31:0]$1025 [0] $flatten\cpu.\vexriscv.\IBusCachedPlugin_cache.$0$memwr$\banks_0$vexriscv_imc.v:5610$1020_EN[31:0]$1025 [0] $flatten\cpu.\vexriscv.\IBusCachedPlugin_cache.$0$memwr$\banks_0$vexriscv_imc.v:5610$1020_EN[31:0]$1025 [0] $flatten\cpu.\vexriscv.\IBusCachedPlugin_cache.$0$memwr$\banks_0$vexriscv_imc.v:5610$1020_EN[31:0]$1025 [0] $flatten\cpu.\vexriscv.\IBusCachedPlugin_cache.$0$memwr$\banks_0$vexriscv_imc.v:5610$1020_EN[31:0]$1025 [0] $flatten\cpu.\vexriscv.\IBusCachedPlugin_cache.$0$memwr$\banks_0$vexriscv_imc.v:5610$1020_EN[31:0]$1025 [0] $flatten\cpu.\vexriscv.\IBusCachedPlugin_cache.$0$memwr$\banks_0$vexriscv_imc.v:5610$1020_EN[31:0]$1025 [0] $flatten\cpu.\vexriscv.\IBusCachedPlugin_cache.$0$memwr$\banks_0$vexriscv_imc.v:5610$1020_EN[31:0]$1025 [0] $flatten\cpu.\vexriscv.\IBusCachedPlugin_cache.$0$memwr$\banks_0$vexriscv_imc.v:5610$1020_EN[31:0]$1025 [0] $flatten\cpu.\vexriscv.\IBusCachedPlugin_cache.$0$memwr$\banks_0$vexriscv_imc.v:5610$1020_EN[31:0]$1025 [0] $flatten\cpu.\vexriscv.\IBusCachedPlugin_cache.$0$memwr$\banks_0$vexriscv_imc.v:5610$1020_EN[31:0]$1025 [0] $flatten\cpu.\vexriscv.\IBusCachedPlugin_cache.$0$memwr$\banks_0$vexriscv_imc.v:5610$1020_EN[31:0]$1025 [0] $flatten\cpu.\vexriscv.\IBusCachedPlugin_cache.$0$memwr$\banks_0$vexriscv_imc.v:5610$1020_EN[31:0]$1025 [0] $flatten\cpu.\vexriscv.\IBusCachedPlugin_cache.$0$memwr$\banks_0$vexriscv_imc.v:5610$1020_EN[31:0]$1025 [0] $flatten\cpu.\vexriscv.\IBusCachedPlugin_cache.$0$memwr$\banks_0$vexriscv_imc.v:5610$1020_EN[31:0]$1025 [0] $flatten\cpu.\vexriscv.\IBusCachedPlugin_cache.$0$memwr$\banks_0$vexriscv_imc.v:5610$1020_EN[31:0]$1025 [0] $flatten\cpu.\vexriscv.\IBusCachedPlugin_cache.$0$memwr$\banks_0$vexriscv_imc.v:5610$1020_EN[31:0]$1025 [0] $flatten\cpu.\vexriscv.\IBusCachedPlugin_cache.$0$memwr$\banks_0$vexriscv_imc.v:5610$1020_EN[31:0]$1025 [0] $flatten\cpu.\vexriscv.\IBusCachedPlugin_cache.$0$memwr$\banks_0$vexriscv_imc.v:5610$1020_EN[31:0]$1025 [0] $flatten\cpu.\vexriscv.\IBusCachedPlugin_cache.$0$memwr$\banks_0$vexriscv_imc.v:5610$1020_EN[31:0]$1025 [0] }
    Consolidated identical input bits for $mux cell $flatten\cpu.\vexriscv.\IBusCachedPlugin_cache.$procmux$1415:
      Old ports: A=22'0000000000000000000000, B=22'1111111111111111111111, Y=$flatten\cpu.\vexriscv.\IBusCachedPlugin_cache.$0$memwr$\ways_0_tags$vexriscv_imc.v:5622$1021_EN[21:0]$1034
      New ports: A=1'0, B=1'1, Y=$flatten\cpu.\vexriscv.\IBusCachedPlugin_cache.$0$memwr$\ways_0_tags$vexriscv_imc.v:5622$1021_EN[21:0]$1034 [0]
      New connections: $flatten\cpu.\vexriscv.\IBusCachedPlugin_cache.$0$memwr$\ways_0_tags$vexriscv_imc.v:5622$1021_EN[21:0]$1034 [21:1] = { $flatten\cpu.\vexriscv.\IBusCachedPlugin_cache.$0$memwr$\ways_0_tags$vexriscv_imc.v:5622$1021_EN[21:0]$1034 [0] $flatten\cpu.\vexriscv.\IBusCachedPlugin_cache.$0$memwr$\ways_0_tags$vexriscv_imc.v:5622$1021_EN[21:0]$1034 [0] $flatten\cpu.\vexriscv.\IBusCachedPlugin_cache.$0$memwr$\ways_0_tags$vexriscv_imc.v:5622$1021_EN[21:0]$1034 [0] $flatten\cpu.\vexriscv.\IBusCachedPlugin_cache.$0$memwr$\ways_0_tags$vexriscv_imc.v:5622$1021_EN[21:0]$1034 [0] $flatten\cpu.\vexriscv.\IBusCachedPlugin_cache.$0$memwr$\ways_0_tags$vexriscv_imc.v:5622$1021_EN[21:0]$1034 [0] $flatten\cpu.\vexriscv.\IBusCachedPlugin_cache.$0$memwr$\ways_0_tags$vexriscv_imc.v:5622$1021_EN[21:0]$1034 [0] $flatten\cpu.\vexriscv.\IBusCachedPlugin_cache.$0$memwr$\ways_0_tags$vexriscv_imc.v:5622$1021_EN[21:0]$1034 [0] $flatten\cpu.\vexriscv.\IBusCachedPlugin_cache.$0$memwr$\ways_0_tags$vexriscv_imc.v:5622$1021_EN[21:0]$1034 [0] $flatten\cpu.\vexriscv.\IBusCachedPlugin_cache.$0$memwr$\ways_0_tags$vexriscv_imc.v:5622$1021_EN[21:0]$1034 [0] $flatten\cpu.\vexriscv.\IBusCachedPlugin_cache.$0$memwr$\ways_0_tags$vexriscv_imc.v:5622$1021_EN[21:0]$1034 [0] $flatten\cpu.\vexriscv.\IBusCachedPlugin_cache.$0$memwr$\ways_0_tags$vexriscv_imc.v:5622$1021_EN[21:0]$1034 [0] $flatten\cpu.\vexriscv.\IBusCachedPlugin_cache.$0$memwr$\ways_0_tags$vexriscv_imc.v:5622$1021_EN[21:0]$1034 [0] $flatten\cpu.\vexriscv.\IBusCachedPlugin_cache.$0$memwr$\ways_0_tags$vexriscv_imc.v:5622$1021_EN[21:0]$1034 [0] $flatten\cpu.\vexriscv.\IBusCachedPlugin_cache.$0$memwr$\ways_0_tags$vexriscv_imc.v:5622$1021_EN[21:0]$1034 [0] $flatten\cpu.\vexriscv.\IBusCachedPlugin_cache.$0$memwr$\ways_0_tags$vexriscv_imc.v:5622$1021_EN[21:0]$1034 [0] $flatten\cpu.\vexriscv.\IBusCachedPlugin_cache.$0$memwr$\ways_0_tags$vexriscv_imc.v:5622$1021_EN[21:0]$1034 [0] $flatten\cpu.\vexriscv.\IBusCachedPlugin_cache.$0$memwr$\ways_0_tags$vexriscv_imc.v:5622$1021_EN[21:0]$1034 [0] $flatten\cpu.\vexriscv.\IBusCachedPlugin_cache.$0$memwr$\ways_0_tags$vexriscv_imc.v:5622$1021_EN[21:0]$1034 [0] $flatten\cpu.\vexriscv.\IBusCachedPlugin_cache.$0$memwr$\ways_0_tags$vexriscv_imc.v:5622$1021_EN[21:0]$1034 [0] $flatten\cpu.\vexriscv.\IBusCachedPlugin_cache.$0$memwr$\ways_0_tags$vexriscv_imc.v:5622$1021_EN[21:0]$1034 [0] $flatten\cpu.\vexriscv.\IBusCachedPlugin_cache.$0$memwr$\ways_0_tags$vexriscv_imc.v:5622$1021_EN[21:0]$1034 [0] }
    Consolidated identical input bits for $mux cell $flatten\cpu.\vexriscv.$procmux$3079:
      Old ports: A=0, B=32'11111111111111111111111111111111, Y=$flatten\cpu.\vexriscv.$0$memwr$\RegFilePlugin_regFile$vexriscv_imc.v:1647$1_EN[31:0]$212
      New ports: A=1'0, B=1'1, Y=$flatten\cpu.\vexriscv.$0$memwr$\RegFilePlugin_regFile$vexriscv_imc.v:1647$1_EN[31:0]$212 [0]
      New connections: $flatten\cpu.\vexriscv.$0$memwr$\RegFilePlugin_regFile$vexriscv_imc.v:1647$1_EN[31:0]$212 [31:1] = { $flatten\cpu.\vexriscv.$0$memwr$\RegFilePlugin_regFile$vexriscv_imc.v:1647$1_EN[31:0]$212 [0] $flatten\cpu.\vexriscv.$0$memwr$\RegFilePlugin_regFile$vexriscv_imc.v:1647$1_EN[31:0]$212 [0] $flatten\cpu.\vexriscv.$0$memwr$\RegFilePlugin_regFile$vexriscv_imc.v:1647$1_EN[31:0]$212 [0] $flatten\cpu.\vexriscv.$0$memwr$\RegFilePlugin_regFile$vexriscv_imc.v:1647$1_EN[31:0]$212 [0] $flatten\cpu.\vexriscv.$0$memwr$\RegFilePlugin_regFile$vexriscv_imc.v:1647$1_EN[31:0]$212 [0] $flatten\cpu.\vexriscv.$0$memwr$\RegFilePlugin_regFile$vexriscv_imc.v:1647$1_EN[31:0]$212 [0] $flatten\cpu.\vexriscv.$0$memwr$\RegFilePlugin_regFile$vexriscv_imc.v:1647$1_EN[31:0]$212 [0] $flatten\cpu.\vexriscv.$0$memwr$\RegFilePlugin_regFile$vexriscv_imc.v:1647$1_EN[31:0]$212 [0] $flatten\cpu.\vexriscv.$0$memwr$\RegFilePlugin_regFile$vexriscv_imc.v:1647$1_EN[31:0]$212 [0] $flatten\cpu.\vexriscv.$0$memwr$\RegFilePlugin_regFile$vexriscv_imc.v:1647$1_EN[31:0]$212 [0] $flatten\cpu.\vexriscv.$0$memwr$\RegFilePlugin_regFile$vexriscv_imc.v:1647$1_EN[31:0]$212 [0] $flatten\cpu.\vexriscv.$0$memwr$\RegFilePlugin_regFile$vexriscv_imc.v:1647$1_EN[31:0]$212 [0] $flatten\cpu.\vexriscv.$0$memwr$\RegFilePlugin_regFile$vexriscv_imc.v:1647$1_EN[31:0]$212 [0] $flatten\cpu.\vexriscv.$0$memwr$\RegFilePlugin_regFile$vexriscv_imc.v:1647$1_EN[31:0]$212 [0] $flatten\cpu.\vexriscv.$0$memwr$\RegFilePlugin_regFile$vexriscv_imc.v:1647$1_EN[31:0]$212 [0] $flatten\cpu.\vexriscv.$0$memwr$\RegFilePlugin_regFile$vexriscv_imc.v:1647$1_EN[31:0]$212 [0] $flatten\cpu.\vexriscv.$0$memwr$\RegFilePlugin_regFile$vexriscv_imc.v:1647$1_EN[31:0]$212 [0] $flatten\cpu.\vexriscv.$0$memwr$\RegFilePlugin_regFile$vexriscv_imc.v:1647$1_EN[31:0]$212 [0] $flatten\cpu.\vexriscv.$0$memwr$\RegFilePlugin_regFile$vexriscv_imc.v:1647$1_EN[31:0]$212 [0] $flatten\cpu.\vexriscv.$0$memwr$\RegFilePlugin_regFile$vexriscv_imc.v:1647$1_EN[31:0]$212 [0] $flatten\cpu.\vexriscv.$0$memwr$\RegFilePlugin_regFile$vexriscv_imc.v:1647$1_EN[31:0]$212 [0] $flatten\cpu.\vexriscv.$0$memwr$\RegFilePlugin_regFile$vexriscv_imc.v:1647$1_EN[31:0]$212 [0] $flatten\cpu.\vexriscv.$0$memwr$\RegFilePlugin_regFile$vexriscv_imc.v:1647$1_EN[31:0]$212 [0] $flatten\cpu.\vexriscv.$0$memwr$\RegFilePlugin_regFile$vexriscv_imc.v:1647$1_EN[31:0]$212 [0] $flatten\cpu.\vexriscv.$0$memwr$\RegFilePlugin_regFile$vexriscv_imc.v:1647$1_EN[31:0]$212 [0] $flatten\cpu.\vexriscv.$0$memwr$\RegFilePlugin_regFile$vexriscv_imc.v:1647$1_EN[31:0]$212 [0] $flatten\cpu.\vexriscv.$0$memwr$\RegFilePlugin_regFile$vexriscv_imc.v:1647$1_EN[31:0]$212 [0] $flatten\cpu.\vexriscv.$0$memwr$\RegFilePlugin_regFile$vexriscv_imc.v:1647$1_EN[31:0]$212 [0] $flatten\cpu.\vexriscv.$0$memwr$\RegFilePlugin_regFile$vexriscv_imc.v:1647$1_EN[31:0]$212 [0] $flatten\cpu.\vexriscv.$0$memwr$\RegFilePlugin_regFile$vexriscv_imc.v:1647$1_EN[31:0]$212 [0] $flatten\cpu.\vexriscv.$0$memwr$\RegFilePlugin_regFile$vexriscv_imc.v:1647$1_EN[31:0]$212 [0] }
    New ctrl vector for $pmux cell $flatten\cpu.\vexriscv.$procmux$2457: { $auto$opt_reduce.cc:135:opt_pmux$3307 $flatten\cpu.\vexriscv.$procmux$2460_CMP $flatten\cpu.\vexriscv.$procmux$2461_CMP }
    New ctrl vector for $pmux cell $flatten\cpu.\vexriscv.$procmux$2452: { $auto$opt_reduce.cc:135:opt_pmux$3309 $flatten\cpu.\vexriscv.$procmux$2455_CMP }
  Optimizing cells in module \top.
Performed a total of 7 changes.

3.12.5. Executing OPT_MERGE pass (detect identical cells).
Finding identical cells in module `\top'.
Computing hashes of 1276 cells of `\top'.
Finding duplicate cells in `\top'.
Computing hashes of 1266 cells of `\top'.
Finding duplicate cells in `\top'.
Computing hashes of 1265 cells of `\top'.
Finding duplicate cells in `\top'.
<suppressed ~33 debug messages>
Removed a total of 11 cells.

3.12.6. Executing OPT_DFF pass (perform DFF optimizations).
Setting constant 0-bit at position 0 on $flatten\cpu.\vexriscv.$procdff$3137 ($dff) from module top.
Setting constant 0-bit at position 1 on $flatten\cpu.\vexriscv.$procdff$3137 ($dff) from module top.
Setting constant 0-bit at position 2 on $flatten\cpu.\vexriscv.$procdff$3137 ($dff) from module top.
Setting constant 0-bit at position 3 on $flatten\cpu.\vexriscv.$procdff$3137 ($dff) from module top.
Setting constant 0-bit at position 4 on $flatten\cpu.\vexriscv.$procdff$3137 ($dff) from module top.
Setting constant 0-bit at position 5 on $flatten\cpu.\vexriscv.$procdff$3137 ($dff) from module top.
Setting constant 0-bit at position 6 on $flatten\cpu.\vexriscv.$procdff$3137 ($dff) from module top.
Setting constant 0-bit at position 7 on $flatten\cpu.\vexriscv.$procdff$3137 ($dff) from module top.
Setting constant 0-bit at position 8 on $flatten\cpu.\vexriscv.$procdff$3137 ($dff) from module top.
Setting constant 0-bit at position 9 on $flatten\cpu.\vexriscv.$procdff$3137 ($dff) from module top.
Setting constant 0-bit at position 10 on $flatten\cpu.\vexriscv.$procdff$3137 ($dff) from module top.
Setting constant 0-bit at position 11 on $flatten\cpu.\vexriscv.$procdff$3137 ($dff) from module top.
Setting constant 0-bit at position 12 on $flatten\cpu.\vexriscv.$procdff$3137 ($dff) from module top.
Setting constant 0-bit at position 13 on $flatten\cpu.\vexriscv.$procdff$3137 ($dff) from module top.
Setting constant 0-bit at position 14 on $flatten\cpu.\vexriscv.$procdff$3137 ($dff) from module top.
Setting constant 0-bit at position 15 on $flatten\cpu.\vexriscv.$procdff$3137 ($dff) from module top.
Setting constant 0-bit at position 16 on $flatten\cpu.\vexriscv.$procdff$3137 ($dff) from module top.
Setting constant 0-bit at position 17 on $flatten\cpu.\vexriscv.$procdff$3137 ($dff) from module top.
Setting constant 0-bit at position 18 on $flatten\cpu.\vexriscv.$procdff$3137 ($dff) from module top.
Setting constant 0-bit at position 19 on $flatten\cpu.\vexriscv.$procdff$3137 ($dff) from module top.
Setting constant 0-bit at position 20 on $flatten\cpu.\vexriscv.$procdff$3137 ($dff) from module top.
Setting constant 0-bit at position 21 on $flatten\cpu.\vexriscv.$procdff$3137 ($dff) from module top.
Setting constant 0-bit at position 22 on $flatten\cpu.\vexriscv.$procdff$3137 ($dff) from module top.
Setting constant 0-bit at position 23 on $flatten\cpu.\vexriscv.$procdff$3137 ($dff) from module top.
Setting constant 0-bit at position 24 on $flatten\cpu.\vexriscv.$procdff$3137 ($dff) from module top.
Setting constant 0-bit at position 25 on $flatten\cpu.\vexriscv.$procdff$3137 ($dff) from module top.
Setting constant 0-bit at position 26 on $flatten\cpu.\vexriscv.$procdff$3137 ($dff) from module top.
Setting constant 0-bit at position 27 on $flatten\cpu.\vexriscv.$procdff$3137 ($dff) from module top.
Setting constant 0-bit at position 28 on $flatten\cpu.\vexriscv.$procdff$3137 ($dff) from module top.
Setting constant 0-bit at position 29 on $flatten\cpu.\vexriscv.$procdff$3137 ($dff) from module top.
Setting constant 0-bit at position 30 on $flatten\cpu.\vexriscv.$procdff$3137 ($dff) from module top.
Setting constant 0-bit at position 31 on $flatten\cpu.\vexriscv.$procdff$3137 ($dff) from module top.
Setting constant 0-bit at position 0 on $flatten\cpu.\vexriscv.$procdff$3121 ($dff) from module top.

3.12.7. Executing OPT_CLEAN pass (remove unused cells and wires).
Finding unused cells or wires in module \top..
Removed 0 unused cells and 126 unused wires.
<suppressed ~1 debug messages>

3.12.8. Executing OPT_EXPR pass (perform const folding).
Optimizing module top.
<suppressed ~12 debug messages>

3.12.9. Rerunning OPT passes. (Maybe there is more to do..)

3.12.10. Executing OPT_MUXTREE pass (detect dead branches in mux trees).
Running muxtree optimizer on module \top..
  Creating internal representation of mux trees.
  Evaluating internal representation of mux trees.
  Analyzing evaluation results.
Removed 0 multiplexer ports.
<suppressed ~1506 debug messages>

3.12.11. Executing OPT_REDUCE pass (consolidate $*mux and $reduce_* inputs).
  Optimizing cells in module \top.
    New input vector for $reduce_or cell $flatten\cpu.\vexriscv.$reduce_or$vexriscv_imc.v:5027$974: { \cpu.vexriscv._zz_when_CsrPlugin_l1302_2 \cpu.vexriscv._zz_when_CsrPlugin_l1302_1 }
    New ctrl vector for $pmux cell $flatten\cpu.\vexriscv.$procmux$2615: $auto$opt_reduce.cc:135:opt_pmux$3311
  Optimizing cells in module \top.
Performed a total of 2 changes.

3.12.12. Executing OPT_MERGE pass (detect identical cells).
Finding identical cells in module `\top'.
Computing hashes of 1252 cells of `\top'.
Finding duplicate cells in `\top'.
Removed a total of 0 cells.

3.12.13. Executing OPT_DFF pass (perform DFF optimizations).
Setting constant 0-bit at position 0 on $flatten\cpu.\vexriscv.$procdff$3120 ($dff) from module top.

3.12.14. Executing OPT_CLEAN pass (remove unused cells and wires).
Finding unused cells or wires in module \top..
Removed 0 unused cells and 5 unused wires.
<suppressed ~1 debug messages>

3.12.15. Executing OPT_EXPR pass (perform const folding).
Optimizing module top.
<suppressed ~8 debug messages>

3.12.16. Rerunning OPT passes. (Maybe there is more to do..)

3.12.17. Executing OPT_MUXTREE pass (detect dead branches in mux trees).
Running muxtree optimizer on module \top..
  Creating internal representation of mux trees.
  Evaluating internal representation of mux trees.
  Analyzing evaluation results.
Removed 0 multiplexer ports.
<suppressed ~1499 debug messages>

3.12.18. Executing OPT_REDUCE pass (consolidate $*mux and $reduce_* inputs).
  Optimizing cells in module \top.
    New ctrl vector for $pmux cell $flatten\cpu.\vexriscv.$procmux$2607: $auto$opt_reduce.cc:135:opt_pmux$3313
  Optimizing cells in module \top.
Performed a total of 1 changes.

3.12.19. Executing OPT_MERGE pass (detect identical cells).
Finding identical cells in module `\top'.
Computing hashes of 1244 cells of `\top'.
Finding duplicate cells in `\top'.
Removed a total of 0 cells.

3.12.20. Executing OPT_DFF pass (perform DFF optimizations).

3.12.21. Executing OPT_CLEAN pass (remove unused cells and wires).
Finding unused cells or wires in module \top..
Removed 8 unused cells and 14 unused wires.
<suppressed ~13 debug messages>

3.12.22. Executing OPT_EXPR pass (perform const folding).
Optimizing module top.
<suppressed ~1 debug messages>

3.12.23. Rerunning OPT passes. (Maybe there is more to do..)

3.12.24. Executing OPT_MUXTREE pass (detect dead branches in mux trees).
Running muxtree optimizer on module \top..
  Creating internal representation of mux trees.
  Evaluating internal representation of mux trees.
  Analyzing evaluation results.
Removed 0 multiplexer ports.
<suppressed ~1496 debug messages>

3.12.25. Executing OPT_REDUCE pass (consolidate $*mux and $reduce_* inputs).
  Optimizing cells in module \top.
Performed a total of 0 changes.

3.12.26. Executing OPT_MERGE pass (detect identical cells).
Finding identical cells in module `\top'.
Computing hashes of 1235 cells of `\top'.
Finding duplicate cells in `\top'.
Removed a total of 0 cells.

3.12.27. Executing OPT_DFF pass (perform DFF optimizations).

3.12.28. Executing OPT_CLEAN pass (remove unused cells and wires).
Finding unused cells or wires in module \top..
Removed 2 unused cells and 2 unused wires.
<suppressed ~3 debug messages>

3.12.29. Executing OPT_EXPR pass (perform const folding).
Optimizing module top.

3.12.30. Rerunning OPT passes. (Maybe there is more to do..)

3.12.31. Executing OPT_MUXTREE pass (detect dead branches in mux trees).
Running muxtree optimizer on module \top..
  Creating internal representation of mux trees.
  Evaluating internal representation of mux trees.
  Analyzing evaluation results.
Removed 0 multiplexer ports.
<suppressed ~1496 debug messages>

3.12.32. Executing OPT_REDUCE pass (consolidate $*mux and $reduce_* inputs).
  Optimizing cells in module \top.
Performed a total of 0 changes.

3.12.33. Executing OPT_MERGE pass (detect identical cells).
Finding identical cells in module `\top'.
Computing hashes of 1233 cells of `\top'.
Finding duplicate cells in `\top'.
Removed a total of 0 cells.

3.12.34. Executing OPT_DFF pass (perform DFF optimizations).

3.12.35. Executing OPT_CLEAN pass (remove unused cells and wires).
Finding unused cells or wires in module \top..

3.12.36. Executing OPT_EXPR pass (perform const folding).
Optimizing module top.

3.12.37. Finished fast OPT passes. (There is nothing left to do.)

3.13. Executing FSM pass (extract and optimize FSM).

3.13.1. Executing FSM_DETECT pass (finding FSMs in design).
Not marking top.cpu.vexriscv.CsrPlugin_interrupt_targetPrivilege as FSM state register:
    Users of register don't seem to benefit from recoding.
Not marking top.cpu.vexriscv.CsrPlugin_interrupt_code as FSM state register:
    Users of register don't seem to benefit from recoding.
Not marking top.cpu.vexriscv.CsrPlugin_exceptionPortCtrl_exceptionContext_code as FSM state register:
    Users of register don't seem to benefit from recoding.
Not marking top.cpu.vexriscv.CsrPlugin_mstatus_MPP as FSM state register:
    Users of register don't seem to benefit from recoding.

3.13.2. Executing FSM_EXTRACT pass (extracting FSM from design).

3.13.3. Executing FSM_OPT pass (simple optimizations of FSMs).

3.13.4. Executing OPT_CLEAN pass (remove unused cells and wires).
Finding unused cells or wires in module \top..

3.13.5. Executing FSM_OPT pass (simple optimizations of FSMs).

3.13.6. Executing FSM_RECODE pass (re-assigning FSM state encoding).

3.13.7. Executing FSM_INFO pass (dumping all available information on FSM cells).

3.13.8. Executing FSM_MAP pass (mapping FSMs to basic logic).

3.14. Executing OPT pass (performing simple optimizations).

3.14.1. Executing OPT_EXPR pass (perform const folding).
Optimizing module top.

3.14.2. Executing OPT_MERGE pass (detect identical cells).
Finding identical cells in module `\top'.
Computing hashes of 1233 cells of `\top'.
Finding duplicate cells in `\top'.
Removed a total of 0 cells.

3.14.3. Executing OPT_MUXTREE pass (detect dead branches in mux trees).
Running muxtree optimizer on module \top..
  Creating internal representation of mux trees.
  Evaluating internal representation of mux trees.
  Analyzing evaluation results.
Removed 0 multiplexer ports.
<suppressed ~1496 debug messages>

3.14.4. Executing OPT_REDUCE pass (consolidate $*mux and $reduce_* inputs).
  Optimizing cells in module \top.
Performed a total of 0 changes.

3.14.5. Executing OPT_MERGE pass (detect identical cells).
Finding identical cells in module `\top'.
Computing hashes of 1233 cells of `\top'.
Finding duplicate cells in `\top'.
Removed a total of 0 cells.

3.14.6. Executing OPT_DFF pass (perform DFF optimizations).
Adding SRST signal on $flatten\cpu.\vexriscv.$procdff$3259 ($dff) from module top (D = $flatten\cpu.\vexriscv.$procmux$1897_Y, Q = \cpu.vexriscv.CsrPlugin_mie_MSIE, rval = 1'0).
Adding EN signal on $auto$ff.cc:337:slice$3314 ($sdff) from module top (D = \cpu.vexriscv._zz_CsrPlugin_csrMapping_writeDataSignal [3], Q = \cpu.vexriscv.CsrPlugin_mie_MSIE).
Adding SRST signal on $flatten\cpu.\vexriscv.$procdff$3258 ($dff) from module top (D = $flatten\cpu.\vexriscv.$procmux$1904_Y, Q = \cpu.vexriscv.CsrPlugin_mie_MTIE, rval = 1'0).
Adding EN signal on $auto$ff.cc:337:slice$3318 ($sdff) from module top (D = \cpu.vexriscv._zz_CsrPlugin_csrMapping_writeDataSignal [7], Q = \cpu.vexriscv.CsrPlugin_mie_MTIE).
Adding SRST signal on $flatten\cpu.\vexriscv.$procdff$3251 ($dff) from module top (D = $flatten\cpu.\vexriscv.$procmux$1973_Y, Q = \cpu.vexriscv.execute_DBusSimplePlugin_atomic_reserved, rval = 1'0).
Adding EN signal on $auto$ff.cc:337:slice$3322 ($sdff) from module top (D = $flatten\cpu.\vexriscv.$procmux$1971_Y, Q = \cpu.vexriscv.execute_DBusSimplePlugin_atomic_reserved).
Adding SRST signal on $flatten\cpu.\vexriscv.$procdff$3266 ($dff) from module top (D = $flatten\cpu.\vexriscv.$procmux$1793_Y, Q = \cpu.vexriscv.CsrPlugin_interrupt_valid, rval = 1'0).
Adding SRST signal on $flatten\cpu.\vexriscv.$procdff$3277 ($dff) from module top (D = $flatten\cpu.\vexriscv.$procmux$1840_Y, Q = \cpu.vexriscv.dBus_cmd_rValid, rval = 1'0).
Adding EN signal on $auto$ff.cc:337:slice$3335 ($sdff) from module top (D = 1'1, Q = \cpu.vexriscv.dBus_cmd_rValid).
Adding SRST signal on $flatten\cpu.\vexriscv.$procdff$3276 ($dff) from module top (D = $flatten\cpu.\vexriscv.$logic_and$vexriscv_imc.v:5097$977_Y, Q = \cpu.vexriscv._zz_iBus_rsp_valid, rval = 1'0).
Adding SRST signal on $flatten\cpu.\vexriscv.$procdff$3274 ($dff) from module top (D = $flatten\cpu.\vexriscv.$procmux$1856_Y, Q = \cpu.vexriscv._zz_CsrPlugin_csrMapping_readDataInit, rval = 0).
Adding EN signal on $auto$ff.cc:337:slice$3338 ($sdff) from module top (D = \cpu.vexriscv._zz_CsrPlugin_csrMapping_writeDataSignal, Q = \cpu.vexriscv._zz_CsrPlugin_csrMapping_readDataInit).
Adding SRST signal on $flatten\cpu.\vexriscv.$procdff$3273 ($dff) from module top (D = $flatten\cpu.\vexriscv.$add$vexriscv_imc.v:4396$683_Y, Q = \cpu.vexriscv.memory_DivPlugin_div_counter_value, rval = 6'000000).
Adding SRST signal on $flatten\cpu.\vexriscv.$procdff$3272 ($dff) from module top (D = \cpu.vexriscv._zz_when_CsrPlugin_l1302_1, Q = \cpu.vexriscv.execute_CsrPlugin_wfiWake, rval = 1'0).
Adding SRST signal on $flatten\cpu.\vexriscv.$procdff$3275 ($dff) from module top (D = $flatten\cpu.\vexriscv.$procmux$1849_Y, Q = \cpu.vexriscv._zz_iBusWishbone_ADR, rval = 3'000).
Adding EN signal on $auto$ff.cc:337:slice$3350 ($sdff) from module top (D = $flatten\cpu.\vexriscv.$add$vexriscv_imc.v:5094$976_Y, Q = \cpu.vexriscv._zz_iBusWishbone_ADR).
Adding SRST signal on $flatten\cpu.\vexriscv.$procdff$3271 ($dff) from module top (D = \cpu.vexriscv.CsrPlugin_exceptionPortCtrl_exceptionValidsRegs_writeBack, Q = \cpu.vexriscv.CsrPlugin_hadException, rval = 1'0).
Adding SRST signal on $flatten\cpu.\vexriscv.$procdff$3270 ($dff) from module top (D = $flatten\cpu.\vexriscv.$procmux$1863_Y, Q = \cpu.vexriscv.CsrPlugin_pipelineLiberator_pcValids_2, rval = 1'0).
Adding EN signal on $auto$ff.cc:337:slice$3355 ($sdff) from module top (D = \cpu.vexriscv.CsrPlugin_pipelineLiberator_pcValids_1, Q = \cpu.vexriscv.CsrPlugin_pipelineLiberator_pcValids_2).
Adding SRST signal on $flatten\cpu.\vexriscv.$procdff$3269 ($dff) from module top (D = $flatten\cpu.\vexriscv.$procmux$1872_Y, Q = \cpu.vexriscv.CsrPlugin_pipelineLiberator_pcValids_1, rval = 1'0).
Adding EN signal on $auto$ff.cc:337:slice$3361 ($sdff) from module top (D = \cpu.vexriscv.CsrPlugin_pipelineLiberator_pcValids_0, Q = \cpu.vexriscv.CsrPlugin_pipelineLiberator_pcValids_1).
Adding SRST signal on $flatten\cpu.\vexriscv.$procdff$3268 ($dff) from module top (D = $flatten\cpu.\vexriscv.$procmux$1881_Y, Q = \cpu.vexriscv.CsrPlugin_pipelineLiberator_pcValids_0, rval = 1'0).
Adding EN signal on $auto$ff.cc:337:slice$3371 ($sdff) from module top (D = 1'1, Q = \cpu.vexriscv.CsrPlugin_pipelineLiberator_pcValids_0).
Adding SRST signal on $flatten\cpu.\vexriscv.$procdff$3135 ($dff) from module top (D = $flatten\cpu.\vexriscv.$procmux$1640_Y, Q = \cpu.vexriscv.memory_DivPlugin_div_done, rval = 1'0).
Adding EN signal on $auto$ff.cc:337:slice$3381 ($sdff) from module top (D = 1'1, Q = \cpu.vexriscv.memory_DivPlugin_div_done).
Adding SRST signal on $flatten\cpu.\vexriscv.$procdff$3245 ($dff) from module top (D = $flatten\cpu.\vexriscv.$procmux$2013_Y, Q = \cpu.vexriscv._zz_IBusCachedPlugin_injector_decodeInput_valid, rval = 1'0).
Adding EN signal on $auto$ff.cc:337:slice$3383 ($sdff) from module top (D = $flatten\cpu.\vexriscv.$procmux$2013_Y, Q = \cpu.vexriscv._zz_IBusCachedPlugin_injector_decodeInput_valid).
Adding SRST signal on $flatten\cpu.\vexriscv.$procdff$3241 ($dff) from module top (D = $flatten\cpu.\vexriscv.$procmux$2045_Y, Q = \cpu.vexriscv.IBusCachedPlugin_decodePc_pcReg, rval = 0).
Adding EN signal on $auto$ff.cc:337:slice$3387 ($sdff) from module top (D = $flatten\cpu.\vexriscv.$procmux$2045_Y, Q = \cpu.vexriscv.IBusCachedPlugin_decodePc_pcReg).
Adding SRST signal on $flatten\cpu.\vexriscv.$procdff$3243 ($dff) from module top (D = $flatten\cpu.\vexriscv.$procmux$2029_Y, Q = \cpu.vexriscv.IBusCachedPlugin_decompressor_bufferValid, rval = 1'0).
Adding SRST signal on $flatten\cpu.\vexriscv.$procdff$3244 ($dff) from module top (D = $flatten\cpu.\vexriscv.$procmux$2018_Y, Q = \cpu.vexriscv.IBusCachedPlugin_decompressor_throw2BytesReg, rval = 1'0).
Adding EN signal on $auto$ff.cc:337:slice$3396 ($sdff) from module top (D = $flatten\cpu.\vexriscv.$logic_or$vexriscv_imc.v:4889$960_Y, Q = \cpu.vexriscv.IBusCachedPlugin_decompressor_throw2BytesReg).
Adding SRST signal on $flatten\cpu.\vexriscv.$procdff$3242 ($dff) from module top (D = $flatten\cpu.\vexriscv.$procmux$2038_Y, Q = \cpu.vexriscv._zz_IBusCachedPlugin_iBusRsp_stages_1_input_valid_1, rval = 1'0).
Adding EN signal on $auto$ff.cc:337:slice$3402 ($sdff) from module top (D = $flatten\cpu.\vexriscv.$procmux$2038_Y, Q = \cpu.vexriscv._zz_IBusCachedPlugin_iBusRsp_stages_1_input_valid_1).
Adding SRST signal on $flatten\cpu.\vexriscv.$procdff$3240 ($dff) from module top (D = $flatten\cpu.\vexriscv.$procmux$2052_Y, Q = \cpu.vexriscv.IBusCachedPlugin_fetchPc_inc, rval = 1'0).
Adding EN signal on $auto$ff.cc:337:slice$3406 ($sdff) from module top (D = $flatten\cpu.\vexriscv.$procmux$2052_Y, Q = \cpu.vexriscv.IBusCachedPlugin_fetchPc_inc).
Adding SRST signal on $flatten\cpu.\vexriscv.$procdff$3254 ($dff) from module top (D = $flatten\cpu.\vexriscv.$procmux$1964_Y, Q = \cpu.vexriscv.CsrPlugin_mstatus_MIE, rval = 1'0).
Adding SRST signal on $flatten\cpu.\vexriscv.$procdff$3237 ($dff) from module top (D = $flatten\cpu.\vexriscv.$procmux$2066_Y, Q = \cpu.vexriscv.IBusCachedPlugin_fetchPc_pcReg, rval = 0).
Adding EN signal on $auto$ff.cc:337:slice$3415 ($sdff) from module top (D = { \cpu.vexriscv.IBusCachedPlugin_cache._zz_fetchStage_read_banksValue_0_dataMem 1'0 }, Q = { \cpu.vexriscv.IBusCachedPlugin_fetchPc_pcReg [11:2] \cpu.vexriscv.IBusCachedPlugin_fetchPc_pcReg [0] }).
Adding EN signal on $auto$ff.cc:337:slice$3415 ($sdff) from module top (D = \cpu.vexriscv.IBusCachedPlugin_fetchPc_pc [31:12], Q = \cpu.vexriscv.IBusCachedPlugin_fetchPc_pcReg [31:12]).
Adding EN signal on $auto$ff.cc:337:slice$3415 ($sdff) from module top (D = \cpu.vexriscv.IBusCachedPlugin_fetchPc_pc [1], Q = \cpu.vexriscv.IBusCachedPlugin_fetchPc_pcReg [1]).
Adding SRST signal on $flatten\cpu.\vexriscv.$procdff$3257 ($dff) from module top (D = $flatten\cpu.\vexriscv.$procmux$1911_Y, Q = \cpu.vexriscv.CsrPlugin_mie_MEIE, rval = 1'0).
Adding EN signal on $auto$ff.cc:337:slice$3427 ($sdff) from module top (D = \cpu.vexriscv._zz_CsrPlugin_csrMapping_writeDataSignal [11], Q = \cpu.vexriscv.CsrPlugin_mie_MEIE).
Adding SRST signal on $flatten\cpu.\vexriscv.$procdff$3255 ($dff) from module top (D = $flatten\cpu.\vexriscv.$procmux$1947_Y, Q = \cpu.vexriscv.CsrPlugin_mstatus_MPIE, rval = 1'0).
Adding SRST signal on $flatten\cpu.\vexriscv.$procdff$3236 ($dff) from module top (D = \cpu.vexriscv.memory_arbitration_isValid, Q = \cpu.vexriscv.writeBack_arbitration_isValid, rval = 1'0).
Adding SRST signal on $flatten\cpu.\vexriscv.$procdff$3235 ($dff) from module top (D = $flatten\cpu.\vexriscv.$procmux$2080_Y, Q = \cpu.vexriscv.memory_arbitration_isValid, rval = 1'0).
Adding EN signal on $auto$ff.cc:337:slice$3435 ($sdff) from module top (D = $flatten\cpu.\vexriscv.$procmux$2080_Y, Q = \cpu.vexriscv.memory_arbitration_isValid).
Adding SRST signal on $flatten\cpu.\vexriscv.$procdff$3234 ($dff) from module top (D = $flatten\cpu.\vexriscv.$procmux$2087_Y, Q = \cpu.vexriscv.execute_arbitration_isValid, rval = 1'0).
Adding EN signal on $auto$ff.cc:337:slice$3439 ($sdff) from module top (D = $flatten\cpu.\vexriscv.$procmux$2087_Y, Q = \cpu.vexriscv.execute_arbitration_isValid).
Adding SRST signal on $flatten\cpu.\vexriscv.$procdff$3229 ($dff) from module top (D = \ram.bus__dat_r, Q = \cpu.vexriscv.iBusWishbone_DAT_MISO_regNext, rval = 0).
Adding EN signal on $flatten\cpu.\vexriscv.$procdff$3228 ($dff) from module top (D = $flatten\cpu.\vexriscv.$eq$vexriscv_imc.v:5469$1019_Y, Q = \cpu.vexriscv.execute_CsrPlugin_csr_4032).
Adding EN signal on $flatten\cpu.\vexriscv.$procdff$3222 ($dff) from module top (D = $flatten\cpu.\vexriscv.$eq$vexriscv_imc.v:5451$1013_Y, Q = \cpu.vexriscv.execute_CsrPlugin_csr_2946).
Adding EN signal on $flatten\cpu.\vexriscv.$procdff$3226 ($dff) from module top (D = $flatten\cpu.\vexriscv.$eq$vexriscv_imc.v:5463$1017_Y, Q = \cpu.vexriscv.execute_CsrPlugin_csr_3202).
Adding EN signal on $flatten\cpu.\vexriscv.$procdff$3225 ($dff) from module top (D = $flatten\cpu.\vexriscv.$eq$vexriscv_imc.v:5460$1016_Y, Q = \cpu.vexriscv.execute_CsrPlugin_csr_3074).
Adding EN signal on $flatten\cpu.\vexriscv.$procdff$3224 ($dff) from module top (D = $flatten\cpu.\vexriscv.$eq$vexriscv_imc.v:5457$1015_Y, Q = \cpu.vexriscv.execute_CsrPlugin_csr_3200).
Adding EN signal on $flatten\cpu.\vexriscv.$procdff$3223 ($dff) from module top (D = $flatten\cpu.\vexriscv.$eq$vexriscv_imc.v:5454$1014_Y, Q = \cpu.vexriscv.execute_CsrPlugin_csr_3072).
Adding EN signal on $flatten\cpu.\vexriscv.$procdff$3219 ($dff) from module top (D = $flatten\cpu.\vexriscv.$eq$vexriscv_imc.v:5442$1010_Y, Q = \cpu.vexriscv.execute_CsrPlugin_csr_2816).
Adding EN signal on $flatten\cpu.\vexriscv.$procdff$3218 ($dff) from module top (D = $flatten\cpu.\vexriscv.$eq$vexriscv_imc.v:5439$1009_Y, Q = \cpu.vexriscv.execute_CsrPlugin_csr_835).
Adding EN signal on $flatten\cpu.\vexriscv.$procdff$3217 ($dff) from module top (D = $flatten\cpu.\vexriscv.$eq$vexriscv_imc.v:5436$1008_Y, Q = \cpu.vexriscv.execute_CsrPlugin_csr_834).
Adding SRST signal on $flatten\ram.$35 ($dff) from module top (D = $flatten\ram.$13, Q = \ram.bus__ack, rval = 1'0).
Adding EN signal on $flatten\cpu.\vexriscv.$procdff$3220 ($dff) from module top (D = $flatten\cpu.\vexriscv.$eq$vexriscv_imc.v:5445$1011_Y, Q = \cpu.vexriscv.execute_CsrPlugin_csr_2944).
Adding EN signal on $flatten\cpu.\vexriscv.$procdff$3221 ($dff) from module top (D = $flatten\cpu.\vexriscv.$eq$vexriscv_imc.v:5448$1012_Y, Q = \cpu.vexriscv.execute_CsrPlugin_csr_2818).
Adding EN signal on $flatten\cpu.\vexriscv.$procdff$3214 ($dff) from module top (D = $flatten\cpu.\vexriscv.$eq$vexriscv_imc.v:5427$1005_Y, Q = \cpu.vexriscv.execute_CsrPlugin_csr_773).
Adding EN signal on $flatten\cpu.\vexriscv.$procdff$3216 ($dff) from module top (D = $flatten\cpu.\vexriscv.$eq$vexriscv_imc.v:5433$1007_Y, Q = \cpu.vexriscv.execute_CsrPlugin_csr_832).
Adding EN signal on $flatten\cpu.\vexriscv.$procdff$3213 ($dff) from module top (D = $flatten\cpu.\vexriscv.$eq$vexriscv_imc.v:5424$1004_Y, Q = \cpu.vexriscv.execute_CsrPlugin_csr_772).
Adding EN signal on $flatten\cpu.\vexriscv.$procdff$3212 ($dff) from module top (D = $flatten\cpu.\vexriscv.$eq$vexriscv_imc.v:5421$1003_Y, Q = \cpu.vexriscv.execute_CsrPlugin_csr_836).
Adding EN signal on $flatten\cpu.\vexriscv.$procdff$3209 ($dff) from module top (D = $flatten\cpu.\vexriscv.$eq$vexriscv_imc.v:5412$1000_Y, Q = \cpu.vexriscv.execute_CsrPlugin_csr_3860).
Adding EN signal on $flatten\cpu.\vexriscv.$procdff$3196 ($dff) from module top (D = \cpu.vexriscv._zz_execute_SHIFT_RIGHT_1 [31:0], Q = \cpu.vexriscv.execute_to_memory_SHIFT_RIGHT).
Adding EN signal on $flatten\cpu.\vexriscv.$procdff$3194 ($dff) from module top (D = \cpu.vexriscv._zz_decode_RS2, Q = \cpu.vexriscv.execute_to_memory_REGFILE_WRITE_DATA).
Adding EN signal on $flatten\cpu.\vexriscv.$procdff$3211 ($dff) from module top (D = $flatten\cpu.\vexriscv.$eq$vexriscv_imc.v:5418$1002_Y, Q = \cpu.vexriscv.execute_CsrPlugin_csr_768).
Adding EN signal on $flatten\cpu.\vexriscv.$procdff$3208 ($dff) from module top (D = $flatten\cpu.\vexriscv.$eq$vexriscv_imc.v:5409$999_Y, Q = \cpu.vexriscv.execute_CsrPlugin_csr_3859).
Adding EN signal on $flatten\cpu.\vexriscv.$procdff$3207 ($dff) from module top (D = $flatten\cpu.\vexriscv.$eq$vexriscv_imc.v:5406$998_Y, Q = \cpu.vexriscv.execute_CsrPlugin_csr_3858).
Adding EN signal on $flatten\cpu.\vexriscv.$procdff$3206 ($dff) from module top (D = $flatten\cpu.\vexriscv.$eq$vexriscv_imc.v:5403$997_Y, Q = \cpu.vexriscv.execute_CsrPlugin_csr_3857).
Adding EN signal on $flatten\cpu.\vexriscv.$procdff$3200 ($dff) from module top (D = \cpu.vexriscv.execute_MUL_LH, Q = \cpu.vexriscv.execute_to_memory_MUL_LH).
Adding EN signal on $flatten\cpu.\vexriscv.$procdff$3198 ($dff) from module top (D = { \cpu.vexriscv.execute_BranchPlugin_branchAdder [31:1] 1'0 }, Q = \cpu.vexriscv.execute_to_memory_BRANCH_CALC).
Adding EN signal on $flatten\cpu.\vexriscv.$procdff$3197 ($dff) from module top (D = \cpu.vexriscv.execute_BRANCH_DO, Q = \cpu.vexriscv.execute_to_memory_BRANCH_DO).
Adding EN signal on $flatten\cpu.\vexriscv.$procdff$3202 ($dff) from module top (D = \cpu.vexriscv.execute_MUL_HH, Q = \cpu.vexriscv.execute_to_memory_MUL_HH).
Adding EN signal on $flatten\cpu.\vexriscv.$procdff$3201 ($dff) from module top (D = \cpu.vexriscv.execute_MUL_HL, Q = \cpu.vexriscv.execute_to_memory_MUL_HL).
Adding EN signal on $flatten\cpu.\vexriscv.$procdff$3182 ($dff) from module top (D = \cpu.vexriscv._zz_decode_IS_RS2_SIGNED_8, Q = \cpu.vexriscv.decode_to_execute_IS_RS2_SIGNED).
Adding EN signal on $flatten\cpu.\vexriscv.$procdff$3192 ($dff) from module top (D = \cpu.vexriscv.execute_DBusSimplePlugin_atomic_reserved, Q = \cpu.vexriscv.execute_to_memory_ATOMIC_HIT).
Adding EN signal on $flatten\cpu.\vexriscv.$procdff$3189 ($dff) from module top (D = \cpu.vexriscv.execute_ALIGNEMENT_FAULT, Q = \cpu.vexriscv.execute_to_memory_ALIGNEMENT_FAULT).
Adding EN signal on $flatten\cpu.\vexriscv.$procdff$3188 ($dff) from module top (D = \cpu.vexriscv.decode_CSR_READ_OPCODE, Q = \cpu.vexriscv.decode_to_execute_CSR_READ_OPCODE).
Adding EN signal on $flatten\cpu.\vexriscv.$procdff$3187 ($dff) from module top (D = \cpu.vexriscv.decode_CSR_WRITE_OPCODE, Q = \cpu.vexriscv.decode_to_execute_CSR_WRITE_OPCODE).
Adding EN signal on $flatten\cpu.\vexriscv.$procdff$3186 ($dff) from module top (D = \cpu.vexriscv.IBusCachedPlugin_decodePrediction_cmd_hadBranch, Q = \cpu.vexriscv.decode_to_execute_PREDICTION_HAD_BRANCHED2).
Adding EN signal on $flatten\cpu.\vexriscv.$procdff$3183 ($dff) from module top (D = \cpu.vexriscv.decode_RS1, Q = \cpu.vexriscv.decode_to_execute_RS1).
Adding EN signal on $flatten\cpu.\vexriscv.$procdff$3185 ($dff) from module top (D = \cpu.vexriscv.decode_SRC2_FORCE_ZERO, Q = \cpu.vexriscv.decode_to_execute_SRC2_FORCE_ZERO).
Adding EN signal on $flatten\cpu.\vexriscv.$procdff$3181 ($dff) from module top (D = \cpu.vexriscv._zz_decode_IS_RS2_SIGNED_8, Q = \cpu.vexriscv.decode_to_execute_IS_RS1_SIGNED).
Adding EN signal on $flatten\cpu.\vexriscv.$procdff$3180 ($dff) from module top (D = \cpu.vexriscv.decode_to_execute_IS_DIV, Q = \cpu.vexriscv.execute_to_memory_IS_DIV).
Adding SRST signal on $flatten\cpu.\vexriscv.$procdff$3265 ($dff) from module top (D = $flatten\cpu.\vexriscv.$logic_and$vexriscv_imc.v:4966$971_Y, Q = \cpu.vexriscv.CsrPlugin_exceptionPortCtrl_exceptionValidsRegs_writeBack, rval = 1'0).
Adding SRST signal on $flatten\cpu.\vexriscv.$procdff$3264 ($dff) from module top (D = $flatten\cpu.\vexriscv.$procmux$1811_Y, Q = \cpu.vexriscv.CsrPlugin_exceptionPortCtrl_exceptionValidsRegs_memory, rval = 1'0).
Adding SRST signal on $flatten\cpu.\vexriscv.$procdff$3263 ($dff) from module top (D = $flatten\cpu.\vexriscv.$procmux$1817_Y, Q = \cpu.vexriscv.CsrPlugin_exceptionPortCtrl_exceptionValidsRegs_execute, rval = 1'0).
Adding EN signal on $flatten\cpu.\vexriscv.$procdff$3165 ($dff) from module top (D = \cpu.vexriscv.decode_to_execute_MEMORY_ATOMIC, Q = \cpu.vexriscv.execute_to_memory_MEMORY_ATOMIC).
Adding SRST signal on $flatten\cpu.\vexriscv.$procdff$3122 ($dff) from module top (D = \cpu.vexriscv._zz_CsrPlugin_csrMapping_writeDataSignal [3], Q = \cpu.vexriscv.CsrPlugin_mip_MSIP, rval = 1'0).
Adding EN signal on $flatten\cpu.\vexriscv.$procdff$3123 ($dff) from module top (D = \cpu.vexriscv._zz_CsrPlugin_csrMapping_writeDataSignal, Q = \cpu.vexriscv.CsrPlugin_mscratch).
Adding EN signal on $flatten\cpu.\vexriscv.$procdff$3127 ($dff) from module top (D = $flatten\cpu.\vexriscv.$0\CsrPlugin_exceptionPortCtrl_exceptionContext_code[3:0], Q = \cpu.vexriscv.CsrPlugin_exceptionPortCtrl_exceptionContext_code).
Adding EN signal on $flatten\cpu.\vexriscv.$procdff$3118 ($dff) from module top (D = \cpu.vexriscv._zz_CsrPlugin_csrMapping_writeDataSignal [31:2], Q = \cpu.vexriscv.CsrPlugin_mtvec_base).
Adding SRST signal on $flatten\cpu.\vexriscv.$procdff$3261 ($dff) from module top (D = { $flatten\cpu.\vexriscv.$procmux$1758_Y $flatten\cpu.\vexriscv.$procmux$1767_Y }, Q = \cpu.vexriscv.CsrPlugin_minstret, rval = 64'0000000000000000000000000000000000000000000000000000000000000000).
Adding SRST signal on $flatten\cpu.\vexriscv.$procdff$3260 ($dff) from module top (D = { $flatten\cpu.\vexriscv.$procmux$1890_Y $flatten\cpu.\vexriscv.$procmux$1774_Y }, Q = \cpu.vexriscv.CsrPlugin_mcycle, rval = 64'0000000000000000000000000000000000000000000000000000000000000000).
Adding EN signal on $flatten\cpu.\vexriscv.$procdff$3115 ($dff) from module top (D = 1'0, Q = \cpu.vexriscv.IBusCachedPlugin_s1_tightlyCoupledHit).
Adding EN signal on $flatten\cpu.\vexriscv.$procdff$3164 ($dff) from module top (D = \cpu.vexriscv._zz_IBusCachedPlugin_injector_decodeInput_payload_rsp_inst [3], Q = \cpu.vexriscv.decode_to_execute_MEMORY_ATOMIC).
Adding EN signal on $flatten\cpu.\vexriscv.$procdff$3173 ($dff) from module top (D = { \cpu.vexriscv._zz__zz_decode_IS_RS2_SIGNED_3 \cpu.vexriscv._zz__zz_decode_IS_RS2_SIGNED_4 \cpu.vexriscv._zz__zz_decode_IS_RS2_SIGNED_9 }, Q = \cpu.vexriscv.decode_to_execute_ENV_CTRL).
Adding EN signal on $flatten\cpu.\vexriscv.$procdff$3144 ($dff) from module top (D = \cpu.vexriscv._zz_IBusCachedPlugin_injector_decodeInput_payload_isRvc, Q = \cpu.vexriscv.decode_to_execute_IS_RVC).
Adding EN signal on $flatten\cpu.\vexriscv.$procdff$3148 ($dff) from module top (D = { \cpu.vexriscv._zz__zz_decode_IS_RS2_SIGNED_142 \cpu.vexriscv._zz__zz_decode_IS_RS2_SIGNED_114 [1] }, Q = \cpu.vexriscv.decode_to_execute_SRC1_CTRL).
Adding EN signal on $flatten\cpu.\vexriscv.$procdff$3184 ($dff) from module top (D = \cpu.vexriscv.decode_RS2, Q = \cpu.vexriscv.decode_to_execute_RS2).
Adding SRST signal on $flatten\cpu.\vexriscv.$procdff$3256 ($dff) from module top (D = $flatten\cpu.\vexriscv.$procmux$1930_Y, Q = \cpu.vexriscv.CsrPlugin_mstatus_MPP, rval = 2'11).
Adding EN signal on $flatten\cpu.\vexriscv.$procdff$3215 ($dff) from module top (D = $flatten\cpu.\vexriscv.$eq$vexriscv_imc.v:5430$1006_Y, Q = \cpu.vexriscv.execute_CsrPlugin_csr_833).
Adding EN signal on $flatten\cpu.\vexriscv.$procdff$3199 ($dff) from module top (D = \cpu.vexriscv.execute_MUL_LL, Q = \cpu.vexriscv.execute_to_memory_MUL_LL).
Adding EN signal on $flatten\cpu.\vexriscv.$procdff$3210 ($dff) from module top (D = $flatten\cpu.\vexriscv.$eq$vexriscv_imc.v:5415$1001_Y, Q = \cpu.vexriscv.execute_CsrPlugin_csr_769).
Adding EN signal on $flatten\cpu.\vexriscv.$procdff$3227 ($dff) from module top (D = $flatten\cpu.\vexriscv.$eq$vexriscv_imc.v:5466$1018_Y, Q = \cpu.vexriscv.execute_CsrPlugin_csr_3008).
Adding EN signal on $flatten\cpu.\vexriscv.$procdff$3113 ($dff) from module top (D = \cpu.vexriscv.IBusCachedPlugin_decompressor_isRvc, Q = \cpu.vexriscv._zz_IBusCachedPlugin_injector_decodeInput_payload_isRvc).
Adding EN signal on $flatten\cpu.\vexriscv.$procdff$3112 ($dff) from module top (D = { \cpu.vexriscv.IBusCachedPlugin_decompressor_output_payload_rsp_inst [31:25] \cpu.vexriscv.IBusCachedPlugin_decompressor_output_payload_rsp_inst [14:0] }, Q = { \cpu.vexriscv._zz_IBusCachedPlugin_injector_decodeInput_payload_rsp_inst [31:25] \cpu.vexriscv._zz_IBusCachedPlugin_injector_decodeInput_payload_rsp_inst [14:0] }).
Adding EN signal on $flatten\cpu.\vexriscv.$procdff$3156 ($dff) from module top (D = \cpu.vexriscv.decode_to_execute_REGFILE_WRITE_VALID, Q = \cpu.vexriscv.execute_to_memory_REGFILE_WRITE_VALID).
Adding EN signal on $flatten\cpu.\vexriscv.$procdff$3158 ($dff) from module top (D = \cpu.vexriscv._zz__zz_decode_IS_RS2_SIGNED_76, Q = \cpu.vexriscv.decode_to_execute_BYPASSABLE_EXECUTE_STAGE).
Adding EN signal on $flatten\cpu.\vexriscv.$procdff$3159 ($dff) from module top (D = \cpu.vexriscv._zz__zz_decode_IS_RS2_SIGNED_63, Q = \cpu.vexriscv.decode_to_execute_BYPASSABLE_MEMORY_STAGE).
Adding SRST signal on $flatten\cpu.\vexriscv.$procdff$3253 ($dff) from module top (D = \cpu.vexriscv.HazardSimplePlugin_writeBackWrites_valid, Q = \cpu.vexriscv.HazardSimplePlugin_writeBackBuffer_valid, rval = 1'0).
Adding EN signal on $flatten\cpu.\vexriscv.$procdff$3160 ($dff) from module top (D = \cpu.vexriscv.decode_to_execute_BYPASSABLE_MEMORY_STAGE, Q = \cpu.vexriscv.execute_to_memory_BYPASSABLE_MEMORY_STAGE).
Adding EN signal on $flatten\cpu.\vexriscv.$procdff$3167 ($dff) from module top (D = \cpu.vexriscv.decode_SRC_LESS_UNSIGNED, Q = \cpu.vexriscv.decode_to_execute_SRC_LESS_UNSIGNED).
Adding EN signal on $flatten\cpu.\vexriscv.$procdff$3142 ($dff) from module top (D = \cpu.vexriscv.decode_to_execute_INSTRUCTION, Q = \cpu.vexriscv.execute_to_memory_INSTRUCTION).
Adding EN signal on $flatten\cpu.\vexriscv.$procdff$3168 ($dff) from module top (D = { \cpu.vexriscv._zz_IBusCachedPlugin_injector_decodeInput_payload_rsp_inst [12] \cpu.vexriscv._zz__zz_decode_IS_RS2_SIGNED_31 }, Q = \cpu.vexriscv.decode_to_execute_ALU_BITWISE_CTRL).
Adding EN signal on $flatten\cpu.\vexriscv.$procdff$3174 ($dff) from module top (D = \cpu.vexriscv.decode_to_execute_ENV_CTRL, Q = \cpu.vexriscv.execute_to_memory_ENV_CTRL).
Adding EN signal on $flatten\cpu.\vexriscv.\IBusCachedPlugin_cache.$procdff$3091 ($dff) from module top (D = \cpu.vexriscv.IBusCachedPlugin_fetchPc_pcReg, Q = \cpu.vexriscv.IBusCachedPlugin_cache.lineLoader_address).
Adding SRST signal on $flatten\cpu.\vexriscv.\IBusCachedPlugin_cache.$procdff$3092 ($dff) from module top (D = $flatten\cpu.\vexriscv.\IBusCachedPlugin_cache.$procmux$1344_Y, Q = \cpu.vexriscv.IBusCachedPlugin_cache.lineLoader_flushCounter, rval = 8'00000000).
Adding EN signal on $auto$ff.cc:337:slice$3524 ($sdff) from module top (D = $flatten\cpu.\vexriscv.\IBusCachedPlugin_cache.$add$vexriscv_imc.v:5759$1082_Y [6:0], Q = \cpu.vexriscv.IBusCachedPlugin_cache.lineLoader_flushCounter [6:0]).
Adding SRST signal on $flatten\cpu.\vexriscv.\IBusCachedPlugin_cache.$procdff$3094 ($dff) from module top (D = $flatten\cpu.\vexriscv.\IBusCachedPlugin_cache.$procmux$1380_Y, Q = \cpu.vexriscv.IBusCachedPlugin_cache.lineLoader_valid, rval = 1'0).
Adding EN signal on $auto$ff.cc:337:slice$3527 ($sdff) from module top (D = $flatten\cpu.\vexriscv.\IBusCachedPlugin_cache.$procmux$1380_Y, Q = \cpu.vexriscv.IBusCachedPlugin_cache.lineLoader_valid).
Adding SRST signal on $flatten\cpu.\vexriscv.\IBusCachedPlugin_cache.$procdff$3095 ($dff) from module top (D = $flatten\cpu.\vexriscv.\IBusCachedPlugin_cache.$procmux$1369_Y, Q = \cpu.vexriscv.IBusCachedPlugin_cache.lineLoader_hadError, rval = 1'0).
Adding EN signal on $auto$ff.cc:337:slice$3531 ($sdff) from module top (D = 1'0, Q = \cpu.vexriscv.IBusCachedPlugin_cache.lineLoader_hadError).
Adding SRST signal on $flatten\cpu.\vexriscv.\IBusCachedPlugin_cache.$procdff$3096 ($dff) from module top (D = $flatten\cpu.\vexriscv.\IBusCachedPlugin_cache.$procmux$1364_Y, Q = \cpu.vexriscv.IBusCachedPlugin_cache.lineLoader_flushPending, rval = 1'1).
Adding EN signal on $auto$ff.cc:337:slice$3533 ($sdff) from module top (D = $flatten\cpu.\vexriscv.\IBusCachedPlugin_cache.$procmux$1364_Y, Q = \cpu.vexriscv.IBusCachedPlugin_cache.lineLoader_flushPending).
Adding SRST signal on $flatten\cpu.\vexriscv.\IBusCachedPlugin_cache.$procdff$3097 ($dff) from module top (D = $flatten\cpu.\vexriscv.\IBusCachedPlugin_cache.$procmux$1355_Y, Q = \cpu.vexriscv.IBusCachedPlugin_cache.lineLoader_cmdSent, rval = 1'0).
Adding EN signal on $auto$ff.cc:337:slice$3537 ($sdff) from module top (D = 1'1, Q = \cpu.vexriscv.IBusCachedPlugin_cache.lineLoader_cmdSent).
Adding SRST signal on $flatten\cpu.\vexriscv.\IBusCachedPlugin_cache.$procdff$3098 ($dff) from module top (D = $flatten\cpu.\vexriscv.\IBusCachedPlugin_cache.$procmux$1350_Y, Q = \cpu.vexriscv.IBusCachedPlugin_cache.lineLoader_wordIndex, rval = 3'000).
Adding EN signal on $auto$ff.cc:337:slice$3543 ($sdff) from module top (D = $flatten\cpu.\vexriscv.\IBusCachedPlugin_cache.$add$vexriscv_imc.v:5746$1080_Y, Q = \cpu.vexriscv.IBusCachedPlugin_cache.lineLoader_wordIndex).
Adding EN signal on $flatten\cpu.\vexriscv.\IBusCachedPlugin_cache.$procdff$3099 ($dff) from module top (D = $flatten\cpu.\vexriscv.\IBusCachedPlugin_cache.$memrd$\ways_0_tags$vexriscv_imc.v:5628$1039_DATA, Q = \cpu.vexriscv.IBusCachedPlugin_cache._zz_ways_0_tags_port1).
Adding EN signal on $flatten\cpu.\vexriscv.$procdff$3155 ($dff) from module top (D = \cpu.vexriscv.decode_REGFILE_WRITE_VALID, Q = \cpu.vexriscv.decode_to_execute_REGFILE_WRITE_VALID).
Adding SRST signal on $auto$ff.cc:337:slice$3546 ($dffe) from module top (D = \cpu.vexriscv._zz__zz_decode_IS_RS2_SIGNED_12 [10], Q = \cpu.vexriscv.decode_to_execute_REGFILE_WRITE_VALID, rval = 1'0).
Adding EN signal on $flatten\cpu.\vexriscv.$procdff$3154 ($dff) from module top (D = { \cpu.vexriscv._zz__zz_decode_IS_RS2_SIGNED_105 \cpu.vexriscv._zz__zz_decode_IS_RS2_SIGNED_110 }, Q = \cpu.vexriscv.decode_to_execute_SRC2_CTRL).
Adding EN signal on $flatten\cpu.\vexriscv.\IBusCachedPlugin_cache.$procdff$3103 ($dff) from module top (D = $flatten\cpu.\vexriscv.\IBusCachedPlugin_cache.$memrd$\banks_0$vexriscv_imc.v:5616$1030_DATA, Q = \cpu.vexriscv.IBusCachedPlugin_cache._zz_banks_0_port1).
Adding EN signal on $flatten\cpu.\vexriscv.$procdff$3129 ($dff) from module top (D = 4'0011, Q = \cpu.vexriscv.CsrPlugin_interrupt_code).
Adding EN signal on $flatten\cpu.\vexriscv.$procdff$3128 ($dff) from module top (D = $flatten\cpu.\vexriscv.$0\CsrPlugin_exceptionPortCtrl_exceptionContext_badAddr[31:0], Q = \cpu.vexriscv.CsrPlugin_exceptionPortCtrl_exceptionContext_badAddr).
Adding EN signal on $flatten\cpu.\vexriscv.$procdff$3131 ($dff) from module top (D = $flatten\cpu.\vexriscv.$add$vexriscv_imc.v:5193$984_Y [32], Q = \cpu.vexriscv.memory_DivPlugin_rs1 [32]).
Adding EN signal on $flatten\cpu.\vexriscv.$procdff$3131 ($dff) from module top (D = $flatten\cpu.\vexriscv.$0\memory_DivPlugin_rs1[32:0] [31:0], Q = \cpu.vexriscv.memory_DivPlugin_rs1 [31:0]).
Adding EN signal on $flatten\cpu.\vexriscv.$procdff$3130 ($dff) from module top (D = 2'11, Q = \cpu.vexriscv.CsrPlugin_interrupt_targetPrivilege).
Adding EN signal on $flatten\cpu.\vexriscv.$procdff$3134 ($dff) from module top (D = $flatten\cpu.\vexriscv.$logic_and$vexriscv_imc.v:5195$996_Y, Q = \cpu.vexriscv.memory_DivPlugin_div_needRevert).
Adding SRST signal on $flatten\cpu.\vexriscv.$procdff$3133 ($dff) from module top (D = $flatten\cpu.\vexriscv.$procmux$1438_Y, Q = \cpu.vexriscv.memory_DivPlugin_accumulator [31:0], rval = 0).
Adding EN signal on $flatten\cpu.\vexriscv.$procdff$3133 ($dff) from module top (D = 33'000000000000000000000000000000000, Q = \cpu.vexriscv.memory_DivPlugin_accumulator [64:32]).
Adding EN signal on $auto$ff.cc:337:slice$3568 ($sdff) from module top (D = \cpu.vexriscv.memory_DivPlugin_div_stage_0_outRemainder, Q = \cpu.vexriscv.memory_DivPlugin_accumulator [31:0]).
Adding EN signal on $flatten\cpu.\vexriscv.$procdff$3132 ($dff) from module top (D = $flatten\cpu.\vexriscv.$add$vexriscv_imc.v:5194$987_Y, Q = \cpu.vexriscv.memory_DivPlugin_rs2).
Adding EN signal on $flatten\cpu.\vexriscv.$procdff$3136 ($dff) from module top (D = \cpu.vexriscv._zz_memory_DivPlugin_div_result_1 [31:0], Q = \cpu.vexriscv.memory_DivPlugin_div_result).
Adding EN signal on $flatten\cpu.\vexriscv.$procdff$3162 ($dff) from module top (D = \cpu.vexriscv.decode_to_execute_MEMORY_STORE, Q = \cpu.vexriscv.execute_to_memory_MEMORY_STORE).
Adding EN signal on $flatten\cpu.\vexriscv.$procdff$3161 ($dff) from module top (D = \cpu.vexriscv.decode_MEMORY_STORE, Q = \cpu.vexriscv.decode_to_execute_MEMORY_STORE).
Adding EN signal on $flatten\cpu.\vexriscv.$procdff$3149 ($dff) from module top (D = \cpu.vexriscv.decode_SRC_USE_SUB_LESS, Q = \cpu.vexriscv.decode_to_execute_SRC_USE_SUB_LESS).
Adding EN signal on $flatten\cpu.\vexriscv.$procdff$3153 ($dff) from module top (D = { \cpu.vexriscv._zz__zz_decode_IS_RS2_SIGNED_115 \cpu.vexriscv._zz__zz_decode_IS_RS2_SIGNED_118 }, Q = \cpu.vexriscv.decode_to_execute_ALU_CTRL).
Adding EN signal on $flatten\cpu.\vexriscv.$procdff$3171 ($dff) from module top (D = { \cpu.vexriscv.decode_BRANCH_CTRL [1] \cpu.vexriscv._zz__zz_decode_IS_RS2_SIGNED_20 }, Q = \cpu.vexriscv.decode_to_execute_BRANCH_CTRL).
Adding EN signal on $flatten\cpu.\vexriscv.$procdff$3170 ($dff) from module top (D = \cpu.vexriscv.decode_to_execute_SHIFT_CTRL, Q = \cpu.vexriscv.execute_to_memory_SHIFT_CTRL).
Adding EN signal on $flatten\cpu.\vexriscv.$procdff$3169 ($dff) from module top (D = { \cpu.vexriscv._zz__zz_decode_IS_RS2_SIGNED_23 \cpu.vexriscv._zz__zz_decode_IS_RS2_SIGNED_12 [21] }, Q = \cpu.vexriscv.decode_to_execute_SHIFT_CTRL).
Adding EN signal on $flatten\cpu.\vexriscv.$procdff$3177 ($dff) from module top (D = \cpu.vexriscv.decode_to_execute_IS_MUL, Q = \cpu.vexriscv.execute_to_memory_IS_MUL).
Adding EN signal on $flatten\cpu.\vexriscv.$procdff$3176 ($dff) from module top (D = \cpu.vexriscv._zz__zz_decode_IS_RS2_SIGNED_2, Q = \cpu.vexriscv.decode_to_execute_IS_MUL).
Adding EN signal on $flatten\cpu.\vexriscv.$procdff$3172 ($dff) from module top (D = \cpu.vexriscv.decode_IS_CSR, Q = \cpu.vexriscv.decode_to_execute_IS_CSR).
Adding EN signal on $flatten\cpu.\vexriscv.$procdff$3179 ($dff) from module top (D = \cpu.vexriscv.decode_IS_DIV, Q = \cpu.vexriscv.decode_to_execute_IS_DIV).
Adding EN signal on $flatten\cpu.\vexriscv.$procdff$3107 ($dff) from module top (D = \cpu.vexriscv.IBusCachedPlugin_cache._zz_banks_0_port1 [31:16], Q = \cpu.vexriscv.IBusCachedPlugin_decompressor_bufferData).
Adding EN signal on $flatten\cpu.\vexriscv.$procdff$3141 ($dff) from module top (D = \cpu.vexriscv._zz_IBusCachedPlugin_injector_decodeInput_payload_rsp_inst, Q = \cpu.vexriscv.decode_to_execute_INSTRUCTION).
Adding EN signal on $flatten\cpu.\vexriscv.$procdff$3140 ($dff) from module top (D = \cpu.vexriscv.execute_to_memory_PC, Q = \cpu.vexriscv.memory_to_writeBack_PC).
Adding EN signal on $flatten\cpu.\vexriscv.$procdff$3139 ($dff) from module top (D = \cpu.vexriscv.decode_to_execute_PC, Q = \cpu.vexriscv.execute_to_memory_PC).
Adding EN signal on $flatten\cpu.\vexriscv.$procdff$3138 ($dff) from module top (D = \cpu.vexriscv.IBusCachedPlugin_decodePc_pcReg, Q = \cpu.vexriscv.decode_to_execute_PC).
Adding EN signal on $flatten\cpu.\vexriscv.$procdff$3151 ($dff) from module top (D = \cpu.vexriscv.decode_to_execute_MEMORY_ENABLE, Q = \cpu.vexriscv.execute_to_memory_MEMORY_ENABLE).
Adding EN signal on $flatten\cpu.\vexriscv.$procdff$3150 ($dff) from module top (D = \cpu.vexriscv._zz__zz_decode_IS_RS2_SIGNED_131, Q = \cpu.vexriscv.decode_to_execute_MEMORY_ENABLE).
Adding SRST signal on $flatten\cpu.\vexriscv.$procdff$3262 ($dff) from module top (D = \cpu.vexriscv.CsrPlugin_exceptionPortCtrl_exceptionValids_decode, Q = \cpu.vexriscv.CsrPlugin_exceptionPortCtrl_exceptionValidsRegs_decode, rval = 1'0).
Setting constant 0-bit at position 0 on $auto$ff.cc:337:slice$3416 ($sdffe) from module top.
Setting constant 0-bit at position 0 on $auto$ff.cc:337:slice$3570 ($dffe) from module top.
Setting constant 0-bit at position 1 on $auto$ff.cc:337:slice$3570 ($dffe) from module top.
Setting constant 0-bit at position 2 on $auto$ff.cc:337:slice$3570 ($dffe) from module top.
Setting constant 0-bit at position 3 on $auto$ff.cc:337:slice$3570 ($dffe) from module top.
Setting constant 0-bit at position 4 on $auto$ff.cc:337:slice$3570 ($dffe) from module top.
Setting constant 0-bit at position 5 on $auto$ff.cc:337:slice$3570 ($dffe) from module top.
Setting constant 0-bit at position 6 on $auto$ff.cc:337:slice$3570 ($dffe) from module top.
Setting constant 0-bit at position 7 on $auto$ff.cc:337:slice$3570 ($dffe) from module top.
Setting constant 0-bit at position 8 on $auto$ff.cc:337:slice$3570 ($dffe) from module top.
Setting constant 0-bit at position 9 on $auto$ff.cc:337:slice$3570 ($dffe) from module top.
Setting constant 0-bit at position 10 on $auto$ff.cc:337:slice$3570 ($dffe) from module top.
Setting constant 0-bit at position 11 on $auto$ff.cc:337:slice$3570 ($dffe) from module top.
Setting constant 0-bit at position 12 on $auto$ff.cc:337:slice$3570 ($dffe) from module top.
Setting constant 0-bit at position 13 on $auto$ff.cc:337:slice$3570 ($dffe) from module top.
Setting constant 0-bit at position 14 on $auto$ff.cc:337:slice$3570 ($dffe) from module top.
Setting constant 0-bit at position 15 on $auto$ff.cc:337:slice$3570 ($dffe) from module top.
Setting constant 0-bit at position 16 on $auto$ff.cc:337:slice$3570 ($dffe) from module top.
Setting constant 0-bit at position 17 on $auto$ff.cc:337:slice$3570 ($dffe) from module top.
Setting constant 0-bit at position 18 on $auto$ff.cc:337:slice$3570 ($dffe) from module top.
Setting constant 0-bit at position 19 on $auto$ff.cc:337:slice$3570 ($dffe) from module top.
Setting constant 0-bit at position 20 on $auto$ff.cc:337:slice$3570 ($dffe) from module top.
Setting constant 0-bit at position 21 on $auto$ff.cc:337:slice$3570 ($dffe) from module top.
Setting constant 0-bit at position 22 on $auto$ff.cc:337:slice$3570 ($dffe) from module top.
Setting constant 0-bit at position 23 on $auto$ff.cc:337:slice$3570 ($dffe) from module top.
Setting constant 0-bit at position 24 on $auto$ff.cc:337:slice$3570 ($dffe) from module top.
Setting constant 0-bit at position 25 on $auto$ff.cc:337:slice$3570 ($dffe) from module top.
Setting constant 0-bit at position 26 on $auto$ff.cc:337:slice$3570 ($dffe) from module top.
Setting constant 0-bit at position 27 on $auto$ff.cc:337:slice$3570 ($dffe) from module top.
Setting constant 0-bit at position 28 on $auto$ff.cc:337:slice$3570 ($dffe) from module top.
Setting constant 0-bit at position 29 on $auto$ff.cc:337:slice$3570 ($dffe) from module top.
Setting constant 0-bit at position 30 on $auto$ff.cc:337:slice$3570 ($dffe) from module top.
Setting constant 0-bit at position 31 on $auto$ff.cc:337:slice$3570 ($dffe) from module top.
Setting constant 0-bit at position 32 on $auto$ff.cc:337:slice$3570 ($dffe) from module top.
Setting constant 1-bit at position 0 on $auto$ff.cc:337:slice$3564 ($dffe) from module top.
Setting constant 1-bit at position 1 on $auto$ff.cc:337:slice$3564 ($dffe) from module top.
Setting constant 1-bit at position 0 on $auto$ff.cc:337:slice$3550 ($dffe) from module top.
Setting constant 1-bit at position 1 on $auto$ff.cc:337:slice$3550 ($dffe) from module top.
Setting constant 0-bit at position 2 on $auto$ff.cc:337:slice$3550 ($dffe) from module top.
Setting constant 0-bit at position 3 on $auto$ff.cc:337:slice$3550 ($dffe) from module top.
Setting constant 0-bit at position 0 on $auto$ff.cc:337:slice$3532 ($sdffe) from module top.
Setting constant 0-bit at position 0 on $auto$ff.cc:337:slice$3500 ($dffe) from module top.
Setting constant 0-bit at position 0 on $auto$ff.cc:337:slice$3468 ($dffe) from module top.

3.14.7. Executing OPT_CLEAN pass (remove unused cells and wires).
Finding unused cells or wires in module \top..
Removed 186 unused cells and 185 unused wires.
<suppressed ~194 debug messages>

3.14.8. Executing OPT_EXPR pass (perform const folding).
Optimizing module top.
<suppressed ~22 debug messages>

3.14.9. Rerunning OPT passes. (Maybe there is more to do..)

3.14.10. Executing OPT_MUXTREE pass (detect dead branches in mux trees).
Running muxtree optimizer on module \top..
  Creating internal representation of mux trees.
  Evaluating internal representation of mux trees.
  Analyzing evaluation results.
Removed 0 multiplexer ports.
<suppressed ~1148 debug messages>

3.14.11. Executing OPT_REDUCE pass (consolidate $*mux and $reduce_* inputs).
  Optimizing cells in module \top.
    New input vector for $reduce_or cell $auto$opt_dff.cc:277:combine_resets$3400: { \cpu.vexriscv.CsrPlugin_jumpInterface_valid \cpu.vexriscv.memory_arbitration_flushNext \cpu.vexriscv.execute_arbitration_flushNext \cpu.vexriscv.decode_arbitration_flushNext $auto$rtlil.cc:3255:Not$3398 }
    New input vector for $reduce_or cell $auto$opt_dff.cc:277:combine_resets$3395: { \cpu.vexriscv.CsrPlugin_jumpInterface_valid \cpu.vexriscv.memory_arbitration_flushNext \cpu.vexriscv.execute_arbitration_flushNext \cpu.vexriscv.decode_arbitration_flushNext $auto$rtlil.cc:3255:Not$3393 }
  Optimizing cells in module \top.
Performed a total of 2 changes.

3.14.12. Executing OPT_MERGE pass (detect identical cells).
Finding identical cells in module `\top'.
Computing hashes of 1095 cells of `\top'.
Finding duplicate cells in `\top'.
Computing hashes of 1081 cells of `\top'.
Finding duplicate cells in `\top'.
Computing hashes of 1078 cells of `\top'.
Finding duplicate cells in `\top'.
<suppressed ~51 debug messages>
Removed a total of 17 cells.

3.14.13. Executing OPT_DFF pass (perform DFF optimizations).
Setting constant 0-bit at position 0 on $auto$ff.cc:337:slice$3523 ($dffe) from module top.

3.14.14. Executing OPT_CLEAN pass (remove unused cells and wires).
Finding unused cells or wires in module \top..
Removed 0 unused cells and 25 unused wires.
<suppressed ~1 debug messages>

3.14.15. Executing OPT_EXPR pass (perform const folding).
Optimizing module top.

3.14.16. Rerunning OPT passes. (Maybe there is more to do..)

3.14.17. Executing OPT_MUXTREE pass (detect dead branches in mux trees).
Running muxtree optimizer on module \top..
  Creating internal representation of mux trees.
  Evaluating internal representation of mux trees.
  Analyzing evaluation results.
Removed 0 multiplexer ports.
<suppressed ~1148 debug messages>

3.14.18. Executing OPT_REDUCE pass (consolidate $*mux and $reduce_* inputs).
  Optimizing cells in module \top.
Performed a total of 0 changes.

3.14.19. Executing OPT_MERGE pass (detect identical cells).
Finding identical cells in module `\top'.
Computing hashes of 1078 cells of `\top'.
Finding duplicate cells in `\top'.
Removed a total of 0 cells.

3.14.20. Executing OPT_DFF pass (perform DFF optimizations).

3.14.21. Executing OPT_CLEAN pass (remove unused cells and wires).
Finding unused cells or wires in module \top..

3.14.22. Executing OPT_EXPR pass (perform const folding).
Optimizing module top.

3.14.23. Finished fast OPT passes. (There is nothing left to do.)

3.15. Executing WREDUCE pass (reducing word size of cells).
Removed top 1 bits (of 2) from port B of cell top.$auto$opt_dff.cc:235:make_patterns_logic$3561 ($ne).
Removed top 1 bits (of 3) from port B of cell top.$auto$opt_dff.cc:235:make_patterns_logic$3424 ($ne).
Converting cell top.$flatten\cpu.\vexriscv.$add$vexriscv_imc.v:1378$3 ($add) from unsigned to signed.
Removed top 19 bits (of 52) from port A of cell top.$flatten\cpu.\vexriscv.$add$vexriscv_imc.v:1378$3 ($add).
Removed top 2 bits (of 52) from port B of cell top.$flatten\cpu.\vexriscv.$add$vexriscv_imc.v:1378$3 ($add).
Removed top 1 bits (of 52) from port Y of cell top.$flatten\cpu.\vexriscv.$add$vexriscv_imc.v:1378$3 ($add).
Removed top 1 bits (of 33) from port Y of cell top.$flatten\cpu.\vexriscv.$sshr$vexriscv_imc.v:1386$7 ($sshr).
Removed top 2 bits (of 3) from port B of cell top.$flatten\cpu.\vexriscv.$sub$vexriscv_imc.v:1391$11 ($sub).
Removed top 1 bits (of 3) from mux cell top.$flatten\cpu.\vexriscv.$ternary$vexriscv_imc.v:1403$13 ($mux).
Removed top 31 bits (of 32) from mux cell top.$flatten\cpu.\vexriscv.$ternary$vexriscv_imc.v:1413$20 ($mux).
Removed top 1 bits (of 2) from port Y of cell top.$flatten\cpu.\vexriscv.$and$vexriscv_imc.v:1417$23 ($and).
Removed top 1 bits (of 2) from port A of cell top.$flatten\cpu.\vexriscv.$and$vexriscv_imc.v:1417$23 ($and).
Removed top 1 bits (of 2) from port B of cell top.$flatten\cpu.\vexriscv.$and$vexriscv_imc.v:1417$23 ($and).
Removed top 1 bits (of 2) from port B of cell top.$flatten\cpu.\vexriscv.$sub$vexriscv_imc.v:1418$24 ($sub).
Removed top 32 bits (of 33) from port B of cell top.$flatten\cpu.\vexriscv.$add$vexriscv_imc.v:1431$29 ($add).
Removed top 1 bits (of 33) from port Y of cell top.$flatten\cpu.\vexriscv.$add$vexriscv_imc.v:1431$29 ($add).
Removed top 1 bits (of 33) from port A of cell top.$flatten\cpu.\vexriscv.$add$vexriscv_imc.v:1431$29 ($add).
Removed top 6 bits (of 8) from port B of cell top.$flatten\cpu.\vexriscv.$eq$vexriscv_imc.v:1447$36 ($eq).
Removed top 6 bits (of 8) from port B of cell top.$flatten\cpu.\vexriscv.$eq$vexriscv_imc.v:1447$38 ($eq).
Removed top 2 bits (of 8) from port B of cell top.$flatten\cpu.\vexriscv.$eq$vexriscv_imc.v:1447$40 ($eq).
Removed top 3 bits (of 8) from port B of cell top.$flatten\cpu.\vexriscv.$eq$vexriscv_imc.v:1447$42 ($eq).
Removed top 3 bits (of 9) from port B of cell top.$flatten\cpu.\vexriscv.$eq$vexriscv_imc.v:1451$45 ($eq).
Removed top 5 bits (of 9) from port B of cell top.$flatten\cpu.\vexriscv.$eq$vexriscv_imc.v:1452$47 ($eq).
Removed top 8 bits (of 15) from port B of cell top.$flatten\cpu.\vexriscv.$eq$vexriscv_imc.v:1453$48 ($eq).
Removed top 6 bits (of 15) from port B of cell top.$flatten\cpu.\vexriscv.$eq$vexriscv_imc.v:1453$50 ($eq).
Removed top 3 bits (of 15) from port B of cell top.$flatten\cpu.\vexriscv.$eq$vexriscv_imc.v:1453$52 ($eq).
Removed top 7 bits (of 13) from port B of cell top.$flatten\cpu.\vexriscv.$eq$vexriscv_imc.v:1453$54 ($eq).
Removed top 10 bits (of 16) from port B of cell top.$flatten\cpu.\vexriscv.$eq$vexriscv_imc.v:1457$57 ($eq).
Removed top 3 bits (of 20) from port B of cell top.$flatten\cpu.\vexriscv.$eq$vexriscv_imc.v:1458$59 ($eq).
Removed top 3 bits (of 32) from port B of cell top.$flatten\cpu.\vexriscv.$eq$vexriscv_imc.v:1459$61 ($eq).
Removed top 24 bits (of 31) from port B of cell top.$flatten\cpu.\vexriscv.$eq$vexriscv_imc.v:1459$63 ($eq).
Removed top 2 bits (of 31) from port B of cell top.$flatten\cpu.\vexriscv.$eq$vexriscv_imc.v:1459$65 ($eq).
Removed top 1 bits (of 6) from port B of cell top.$flatten\cpu.\vexriscv.$eq$vexriscv_imc.v:1477$74 ($eq).
Removed top 4 bits (of 6) from port B of cell top.$flatten\cpu.\vexriscv.$eq$vexriscv_imc.v:1478$75 ($eq).
Removed top 3 bits (of 5) from port B of cell top.$flatten\cpu.\vexriscv.$eq$vexriscv_imc.v:1479$78 ($eq).
Removed top 2 bits (of 3) from port B of cell top.$flatten\cpu.\vexriscv.$eq$vexriscv_imc.v:1489$89 ($eq).
Removed top 1 bits (of 7) from port B of cell top.$flatten\cpu.\vexriscv.$eq$vexriscv_imc.v:1499$97 ($eq).
Removed top 3 bits (of 7) from port B of cell top.$flatten\cpu.\vexriscv.$eq$vexriscv_imc.v:1500$99 ($eq).
Removed top 1 bits (of 2) from port B of cell top.$flatten\cpu.\vexriscv.$eq$vexriscv_imc.v:1510$111 ($eq).
Removed top 1 bits (of 3) from port B of cell top.$flatten\cpu.\vexriscv.$eq$vexriscv_imc.v:1511$113 ($eq).
Removed top 1 bits (of 3) from port B of cell top.$flatten\cpu.\vexriscv.$eq$vexriscv_imc.v:1517$122 ($eq).
Removed top 1 bits (of 2) from port B of cell top.$flatten\cpu.\vexriscv.$eq$vexriscv_imc.v:1551$148 ($eq).
Removed top 1 bits (of 2) from port B of cell top.$flatten\cpu.\vexriscv.$eq$vexriscv_imc.v:1552$149 ($eq).
Removed top 2 bits (of 3) from port B of cell top.$flatten\cpu.\vexriscv.$eq$vexriscv_imc.v:1555$152 ($eq).
Removed top 1 bits (of 3) from port B of cell top.$flatten\cpu.\vexriscv.$eq$vexriscv_imc.v:1560$154 ($eq).
Removed top 3 bits (of 4) from port B of cell top.$flatten\cpu.\vexriscv.$eq$vexriscv_imc.v:1572$160 ($eq).
Removed top 2 bits (of 5) from port B of cell top.$flatten\cpu.\vexriscv.$eq$vexriscv_imc.v:1573$162 ($eq).
Removed top 1 bits (of 4) from port B of cell top.$flatten\cpu.\vexriscv.$eq$vexriscv_imc.v:1583$172 ($eq).
Removed top 1 bits (of 2) from port B of cell top.$flatten\cpu.\vexriscv.$eq$vexriscv_imc.v:1592$177 ($eq).
Removed top 1 bits (of 3) from port B of cell top.$flatten\cpu.\vexriscv.$eq$vexriscv_imc.v:1607$189 ($eq).
Removed top 1 bits (of 3) from port B of cell top.$flatten\cpu.\vexriscv.$eq$vexriscv_imc.v:1608$191 ($eq).
Removed top 2 bits (of 3) from port B of cell top.$flatten\cpu.\vexriscv.$eq$vexriscv_imc.v:1616$199 ($eq).
Removed top 2 bits (of 3) from port B of cell top.$flatten\cpu.\vexriscv.$eq$vexriscv_imc.v:1617$200 ($eq).
Converting cell top.$flatten\cpu.\vexriscv.$add$vexriscv_imc.v:2407$217 ($add) from unsigned to signed.
Removed top 1 bits (of 52) from port A of cell top.$flatten\cpu.\vexriscv.$add$vexriscv_imc.v:2407$217 ($add).
Removed top 2 bits (of 52) from port B of cell top.$flatten\cpu.\vexriscv.$add$vexriscv_imc.v:2407$217 ($add).
Converting cell top.$flatten\cpu.\vexriscv.$mul$vexriscv_imc.v:2410$218 ($mul) from unsigned to signed.
Removed top 17 bits (of 34) from port A of cell top.$flatten\cpu.\vexriscv.$mul$vexriscv_imc.v:2410$218 ($mul).
Removed top 17 bits (of 34) from port B of cell top.$flatten\cpu.\vexriscv.$mul$vexriscv_imc.v:2410$218 ($mul).
Converting cell top.$flatten\cpu.\vexriscv.$mul$vexriscv_imc.v:2411$219 ($mul) from unsigned to signed.
Removed top 17 bits (of 34) from port A of cell top.$flatten\cpu.\vexriscv.$mul$vexriscv_imc.v:2411$219 ($mul).
Removed top 17 bits (of 34) from port B of cell top.$flatten\cpu.\vexriscv.$mul$vexriscv_imc.v:2411$219 ($mul).
Converting cell top.$flatten\cpu.\vexriscv.$mul$vexriscv_imc.v:2412$220 ($mul) from unsigned to signed.
Removed top 17 bits (of 34) from port A of cell top.$flatten\cpu.\vexriscv.$mul$vexriscv_imc.v:2412$220 ($mul).
Removed top 17 bits (of 34) from port B of cell top.$flatten\cpu.\vexriscv.$mul$vexriscv_imc.v:2412$220 ($mul).
Removed top 1 bits (of 7) from port B of cell top.$flatten\cpu.\vexriscv.$ne$vexriscv_imc.v:2422$224 ($ne).
Removed top 1 bits (of 2) from port B of cell top.$flatten\cpu.\vexriscv.$eq$vexriscv_imc.v:2423$225 ($eq).
Removed top 1 bits (of 6) from port B of cell top.$flatten\cpu.\vexriscv.$eq$vexriscv_imc.v:2614$249 ($eq).
Removed top 29 bits (of 32) from port B of cell top.$flatten\cpu.\vexriscv.$add$vexriscv_imc.v:2936$294 ($add).
Removed top 29 bits (of 32) from port B of cell top.$flatten\cpu.\vexriscv.$add$vexriscv_imc.v:2969$302 ($add).
Removed top 3 bits (of 5) from port B of cell top.$flatten\cpu.\vexriscv.$eq$vexriscv_imc.v:3071$335 ($eq).
Removed top 3 bits (of 32) from mux cell top.$flatten\cpu.\vexriscv.$ternary$vexriscv_imc.v:3071$336 ($mux).
Removed top 1 bits (of 7) from mux cell top.$flatten\cpu.\vexriscv.$ternary$vexriscv_imc.v:3074$337 ($mux).
Removed top 4 bits (of 5) from mux cell top.$flatten\cpu.\vexriscv.$ternary$vexriscv_imc.v:3092$346 ($mux).
Removed top 7 bits (of 32) from mux cell top.$flatten\cpu.\vexriscv.$ternary$vexriscv_imc.v:3092$348 ($mux).
Removed top 7 bits (of 32) from mux cell top.$flatten\cpu.\vexriscv.$ternary$vexriscv_imc.v:3092$349 ($mux).
Removed top 1 bits (of 2) from port B of cell top.$flatten\cpu.\vexriscv.$eq$vexriscv_imc.v:3291$405 ($eq).
Removed top 12 bits (of 32) from mux cell top.$flatten\cpu.\vexriscv.$ternary$vexriscv_imc.v:3331$412 ($mux).
Removed top 1 bits (of 2) from port B of cell top.$flatten\cpu.\vexriscv.$eq$vexriscv_imc.v:3572$507 ($eq).
Removed top 1 bits (of 2) from port B of cell top.$flatten\cpu.\vexriscv.$eq$vexriscv_imc.v:3773$539 ($eq).
Removed top 12 bits (of 32) from mux cell top.$flatten\cpu.\vexriscv.$ternary$vexriscv_imc.v:3970$579 ($mux).
Removed top 1 bits (of 2) from port B of cell top.$flatten\cpu.\vexriscv.$procmux$3076_CMP0 ($eq).
Removed top 1 bits (of 3) from port B of cell top.$flatten\cpu.\vexriscv.$eq$vexriscv_imc.v:4147$628 ($eq).
Removed top 2 bits (of 3) from port B of cell top.$flatten\cpu.\vexriscv.$eq$vexriscv_imc.v:4149$633 ($eq).
Removed top 2 bits (of 3) from port B of cell top.$flatten\cpu.\vexriscv.$eq$vexriscv_imc.v:4149$635 ($eq).
Removed top 2 bits (of 3) from port B of cell top.$flatten\cpu.\vexriscv.$eq$vexriscv_imc.v:4295$645 ($eq).
Removed top 1 bits (of 3) from port B of cell top.$flatten\cpu.\vexriscv.$eq$vexriscv_imc.v:4297$648 ($eq).
Removed top 14 bits (of 66) from port A of cell top.$flatten\cpu.\vexriscv.$add$vexriscv_imc.v:4370$676 ($add).
Removed top 2 bits (of 66) from port Y of cell top.$flatten\cpu.\vexriscv.$add$vexriscv_imc.v:4370$676 ($add).
Removed top 2 bits (of 66) from port B of cell top.$flatten\cpu.\vexriscv.$add$vexriscv_imc.v:4370$676 ($add).
Removed top 5 bits (of 6) from port B of cell top.$flatten\cpu.\vexriscv.$add$vexriscv_imc.v:4396$683 ($add).
Removed top 1 bits (of 33) from port B of cell top.$flatten\cpu.\vexriscv.$sub$vexriscv_imc.v:4410$692 ($sub).
Removed top 1 bits (of 2) from port B of cell top.$flatten\cpu.\vexriscv.$procmux$2939_CMP0 ($eq).
Removed top 28 bits (of 32) from port A of cell top.$flatten\cpu.\vexriscv.$or$vexriscv_imc.v:4732$889 ($or).
Removed top 27 bits (of 32) from port B of cell top.$flatten\cpu.\vexriscv.$or$vexriscv_imc.v:4732$889 ($or).
Removed top 27 bits (of 32) from port Y of cell top.$flatten\cpu.\vexriscv.$or$vexriscv_imc.v:4732$889 ($or).
Removed top 27 bits (of 32) from port A of cell top.$flatten\cpu.\vexriscv.$or$vexriscv_imc.v:4732$891 ($or).
Removed top 26 bits (of 32) from port B of cell top.$flatten\cpu.\vexriscv.$or$vexriscv_imc.v:4732$891 ($or).
Removed top 26 bits (of 32) from port Y of cell top.$flatten\cpu.\vexriscv.$or$vexriscv_imc.v:4732$891 ($or).
Removed top 19 bits (of 32) from port B of cell top.$flatten\cpu.\vexriscv.$or$vexriscv_imc.v:4732$892 ($or).
Removed top 28 bits (of 32) from port A of cell top.$flatten\cpu.\vexriscv.$or$vexriscv_imc.v:4732$893 ($or).
Removed top 20 bits (of 32) from port B of cell top.$flatten\cpu.\vexriscv.$or$vexriscv_imc.v:4732$893 ($or).
Removed top 20 bits (of 32) from port Y of cell top.$flatten\cpu.\vexriscv.$or$vexriscv_imc.v:4732$893 ($or).
Removed top 20 bits (of 32) from port B of cell top.$flatten\cpu.\vexriscv.$or$vexriscv_imc.v:4732$894 ($or).
Removed top 26 bits (of 32) from port A of cell top.$flatten\cpu.\vexriscv.$or$vexriscv_imc.v:4732$895 ($or).
Removed top 2 bits (of 10) from port B of cell top.$flatten\cpu.\vexriscv.$eq$vexriscv_imc.v:4733$912 ($eq).
Removed top 2 bits (of 8) from port B of cell top.$flatten\cpu.\vexriscv.$eq$vexriscv_imc.v:4733$913 ($eq).
Removed top 3 bits (of 5) from port A of cell top.$flatten\cpu.\vexriscv.$le$vexriscv_imc.v:4735$918 ($le).
Removed top 2 bits (of 7) from port B of cell top.$flatten\cpu.\vexriscv.$eq$vexriscv_imc.v:4735$928 ($eq).
Removed top 63 bits (of 64) from port B of cell top.$flatten\cpu.\vexriscv.$add$vexriscv_imc.v:4946$964 ($add).
Removed top 63 bits (of 64) from port B of cell top.$flatten\cpu.\vexriscv.$add$vexriscv_imc.v:4948$965 ($add).
Removed top 2 bits (of 3) from port B of cell top.$flatten\cpu.\vexriscv.$add$vexriscv_imc.v:5094$976 ($add).
Removed top 32 bits (of 33) from port B of cell top.$flatten\cpu.\vexriscv.$add$vexriscv_imc.v:5193$984 ($add).
Removed top 1 bits (of 33) from port Y of cell top.$flatten\cpu.\vexriscv.$add$vexriscv_imc.v:5193$984 ($add).
Removed top 1 bits (of 33) from port A of cell top.$flatten\cpu.\vexriscv.$add$vexriscv_imc.v:5193$984 ($add).
Removed top 31 bits (of 32) from port B of cell top.$flatten\cpu.\vexriscv.$add$vexriscv_imc.v:5194$987 ($add).
Removed top 2 bits (of 12) from port B of cell top.$flatten\cpu.\vexriscv.$eq$vexriscv_imc.v:5415$1001 ($eq).
Removed top 2 bits (of 12) from port B of cell top.$flatten\cpu.\vexriscv.$eq$vexriscv_imc.v:5418$1002 ($eq).
Removed top 2 bits (of 12) from port B of cell top.$flatten\cpu.\vexriscv.$eq$vexriscv_imc.v:5421$1003 ($eq).
Removed top 2 bits (of 12) from port B of cell top.$flatten\cpu.\vexriscv.$eq$vexriscv_imc.v:5424$1004 ($eq).
Removed top 2 bits (of 12) from port B of cell top.$flatten\cpu.\vexriscv.$eq$vexriscv_imc.v:5427$1005 ($eq).
Removed top 2 bits (of 12) from port B of cell top.$flatten\cpu.\vexriscv.$eq$vexriscv_imc.v:5430$1006 ($eq).
Removed top 2 bits (of 12) from port B of cell top.$flatten\cpu.\vexriscv.$eq$vexriscv_imc.v:5433$1007 ($eq).
Removed top 2 bits (of 12) from port B of cell top.$flatten\cpu.\vexriscv.$eq$vexriscv_imc.v:5436$1008 ($eq).
Removed top 2 bits (of 12) from port B of cell top.$flatten\cpu.\vexriscv.$eq$vexriscv_imc.v:5439$1009 ($eq).
Removed top 7 bits (of 32) from mux cell top.$flatten\cpu.\vexriscv.$procmux$1742 ($mux).
Removed top 19 bits (of 26) from mux cell top.$flatten\cpu.\vexriscv.$procmux$2184 ($mux).
Removed top 1 bits (of 2) from mux cell top.$flatten\cpu.\vexriscv.$procmux$2187 ($mux).
Removed top 1 bits (of 2) from port B of cell top.$flatten\cpu.\vexriscv.$procmux$2223_CMP0 ($eq).
Removed top 2 bits (of 3) from port B of cell top.$flatten\cpu.\vexriscv.$procmux$2460_CMP0 ($eq).
Removed top 1 bits (of 2) from port B of cell top.$flatten\cpu.\vexriscv.$procmux$2582_CMP0 ($eq).
Removed top 1 bits (of 2) from port B of cell top.$flatten\cpu.\vexriscv.$procmux$2586_CMP0 ($eq).
Removed top 1 bits (of 2) from port B of cell top.$flatten\cpu.\vexriscv.$procmux$2591_CMP0 ($eq).
Removed top 1 bits (of 2) from port B of cell top.$flatten\cpu.\vexriscv.$procmux$2595_CMP0 ($eq).
Removed top 31 bits (of 32) from mux cell top.$flatten\cpu.\vexriscv.$procmux$2919 ($mux).
Removed top 2 bits (of 32) from FF cell top.$flatten\cpu.\vexriscv.$procdff$3143 ($dff).
Removed top 1 bits (of 2) from port B of cell top.$flatten\cpu.\vexriscv.$procmux$2675_CMP0 ($eq).
Removed top 1 bits (of 2) from port B of cell top.$flatten\cpu.\vexriscv.$procmux$2680_CMP0 ($eq).
Removed top 2 bits (of 32) from mux cell top.$flatten\cpu.\vexriscv.$procmux$2698 ($mux).
Removed top 1 bits (of 5) from port B of cell top.$flatten\cpu.\vexriscv.$procmux$2708_CMP0 ($eq).
Removed top 1 bits (of 5) from port B of cell top.$flatten\cpu.\vexriscv.$procmux$2709_CMP0 ($eq).
Removed top 1 bits (of 5) from port B of cell top.$flatten\cpu.\vexriscv.$procmux$2710_CMP0 ($eq).
Removed top 1 bits (of 5) from port B of cell top.$flatten\cpu.\vexriscv.$procmux$2711_CMP0 ($eq).
Removed top 1 bits (of 5) from port B of cell top.$flatten\cpu.\vexriscv.$procmux$2712_CMP0 ($eq).
Removed top 1 bits (of 5) from port B of cell top.$flatten\cpu.\vexriscv.$procmux$2713_CMP0 ($eq).
Removed top 1 bits (of 5) from port B of cell top.$flatten\cpu.\vexriscv.$procmux$2714_CMP0 ($eq).
Removed top 1 bits (of 5) from port B of cell top.$flatten\cpu.\vexriscv.$procmux$2715_CMP0 ($eq).
Removed top 2 bits (of 5) from port B of cell top.$flatten\cpu.\vexriscv.$procmux$2716_CMP0 ($eq).
Removed top 3 bits (of 5) from port B of cell top.$flatten\cpu.\vexriscv.$procmux$2717_CMP0 ($eq).
Removed top 7 bits (of 8) from port B of cell top.$flatten\cpu.\vexriscv.\IBusCachedPlugin_cache.$add$vexriscv_imc.v:5759$1082 ($add).
Removed top 2 bits (of 3) from port B of cell top.$flatten\cpu.\vexriscv.\IBusCachedPlugin_cache.$add$vexriscv_imc.v:5746$1080 ($add).
Removed top 2 bits (of 32) from FF cell top.$auto$ff.cc:337:slice$3520 ($dffe).
Removed top 1 bits (of 2) from port Y of cell top.$flatten\cpu.\vexriscv.$not$vexriscv_imc.v:1417$22 ($not).
Removed top 1 bits (of 2) from port A of cell top.$flatten\cpu.\vexriscv.$not$vexriscv_imc.v:1417$22 ($not).
Removed top 1 bits (of 2) from port Y of cell top.$flatten\cpu.\vexriscv.$sub$vexriscv_imc.v:1418$24 ($sub).
Removed top 1 bits (of 2) from port A of cell top.$flatten\cpu.\vexriscv.$sub$vexriscv_imc.v:1418$24 ($sub).
Removed top 2 bits (of 34) from FF cell top.$flatten\cpu.\vexriscv.$procdff$3203 ($dff).
Removed top 1 bits (of 33) from mux cell top.$flatten\cpu.\vexriscv.$ternary$vexriscv_imc.v:5193$983 ($mux).
Removed top 2 bits (of 34) from FF cell top.$auto$ff.cc:337:slice$3470 ($dffe).
Removed top 1 bits (of 33) from port Y of cell top.$flatten\cpu.\vexriscv.$not$vexriscv_imc.v:5193$982 ($not).
Removed top 1 bits (of 33) from port A of cell top.$flatten\cpu.\vexriscv.$not$vexriscv_imc.v:5193$982 ($not).
Removed top 2 bits (of 34) from port Y of cell top.$flatten\cpu.\vexriscv.$mul$vexriscv_imc.v:2410$218 ($mul).
Removed top 7 bits (of 32) from wire top.$flatten\cpu.\vexriscv.$ternary$vexriscv_imc.v:3092$349_Y.
Removed top 7 bits (of 32) from wire top.$flatten\cpu.\vexriscv.$ternary$vexriscv_imc.v:3092$348_Y.
Removed top 4 bits (of 5) from wire top.$flatten\cpu.\vexriscv.$ternary$vexriscv_imc.v:3092$346_Y.
Removed top 1 bits (of 7) from wire top.$flatten\cpu.\vexriscv.$ternary$vexriscv_imc.v:3074$337_Y.
Removed top 2 bits (of 32) from wire top.$flatten\cpu.\vexriscv.$2\IBusCachedPlugin_decompressor_decompressed[31:0].
Removed top 1 bits (of 33) from wire top.$flatten\cpu.\vexriscv.$add$vexriscv_imc.v:5193$984_Y.
Removed top 1 bits (of 33) from wire top.$flatten\cpu.\vexriscv.$ternary$vexriscv_imc.v:5193$983_Y.
Removed top 1 bits (of 33) from wire top.$flatten\cpu.\vexriscv.$not$vexriscv_imc.v:5193$982_Y.
Removed top 31 bits (of 32) from wire top.$flatten\cpu.\vexriscv.$2\_zz_decode_RS2_2[31:0].
Removed top 27 bits (of 32) from wire top.$flatten\cpu.\vexriscv.$or$vexriscv_imc.v:4732$889_Y.
Removed top 1 bits (of 33) from wire top.$flatten\cpu.\vexriscv.$0\memory_DivPlugin_rs1[32:0].
Removed top 26 bits (of 32) from wire top.$flatten\cpu.\vexriscv.$or$vexriscv_imc.v:4732$891_Y.
Removed top 20 bits (of 32) from wire top.$flatten\cpu.\vexriscv.$or$vexriscv_imc.v:4732$893_Y.
Removed top 1 bits (of 2) from wire top.$flatten\cpu.\vexriscv.$not$vexriscv_imc.v:1417$22_Y.

3.16. Executing PEEPOPT pass (run peephole optimizers).

3.17. Executing OPT_CLEAN pass (remove unused cells and wires).
Finding unused cells or wires in module \top..
Removed 1 unused cells and 14 unused wires.
<suppressed ~2 debug messages>

3.18. Executing SHARE pass (SAT-based resource sharing).

3.19. Executing TECHMAP pass (map to technology primitives).

3.19.1. Executing Verilog-2005 frontend: /home/dan/opt/oss-cad-suite/lib/../share/yosys/cmp2lut.v
Parsing Verilog input from `/home/dan/opt/oss-cad-suite/lib/../share/yosys/cmp2lut.v' to AST representation.
Generating RTLIL representation for module `\_90_lut_cmp_'.
Successfully finished Verilog frontend.

3.19.2. Continuing TECHMAP pass.
Using template $paramod$cdd060840b10ae11c16ef338327ffd82b2dfe9c4\_90_lut_cmp_ for cells of type $lt.
No more expansions possible.
<suppressed ~62 debug messages>

3.20. Executing OPT_EXPR pass (perform const folding).
Optimizing module top.

3.21. Executing OPT_CLEAN pass (remove unused cells and wires).
Finding unused cells or wires in module \top..
Removed 0 unused cells and 3 unused wires.
<suppressed ~1 debug messages>

3.22. Executing TECHMAP pass (map to technology primitives).

3.22.1. Executing Verilog-2005 frontend: /home/dan/opt/oss-cad-suite/lib/../share/yosys/mul2dsp.v
Parsing Verilog input from `/home/dan/opt/oss-cad-suite/lib/../share/yosys/mul2dsp.v' to AST representation.
Generating RTLIL representation for module `\_80_mul'.
Generating RTLIL representation for module `\_90_soft_mul'.
Successfully finished Verilog frontend.

3.22.2. Continuing TECHMAP pass.
Using template $paramod$db92b6ce7390ae2cad7a93c07bad8126ba118608\_80_mul for cells of type $mul.
Using template $paramod$0910e2344b2d36624760245c86bb61f4bc3ddcd6\_80_mul for cells of type $mul.
Using template $paramod$0918209bb5c6f08b2ecd7ae36d3d7f82c80ec9f5\_80_mul for cells of type $mul.
No more expansions possible.
<suppressed ~248 debug messages>

3.23. Executing TECHMAP pass (map to technology primitives).

3.23.1. Executing Verilog-2005 frontend: /home/dan/opt/oss-cad-suite/lib/../share/yosys/lattice/dsp_map_18x18.v
Parsing Verilog input from `/home/dan/opt/oss-cad-suite/lib/../share/yosys/lattice/dsp_map_18x18.v' to AST representation.
Generating RTLIL representation for module `$__MUL18X18'.
Successfully finished Verilog frontend.

3.23.2. Continuing TECHMAP pass.
Using template $paramod$c323049b3a09641e040ac6dc45a727e0aaf653a8$__MUL18X18 for cells of type $__MUL18X18.
Using template $paramod$c6b69e876bd4511deebf310f074199e327829fde$__MUL18X18 for cells of type $__MUL18X18.
Using template $paramod$29a2b67a2b54420d5e2298caa46863d0f9b0653d$__MUL18X18 for cells of type $__MUL18X18.
No more expansions possible.
<suppressed ~64 debug messages>

3.24. Executing ALUMACC pass (create $alu and $macc cells).
Extracting $alu and $macc cells in module top:
  creating $macc model for $flatten\cpu.\vexriscv.$add$vexriscv_imc.v:5194$987 ($add).
  creating $macc model for $flatten\cpu.\vexriscv.$add$vexriscv_imc.v:5193$984 ($add).
  creating $macc model for $flatten\cpu.\vexriscv.$add$vexriscv_imc.v:5094$976 ($add).
  creating $macc model for $flatten\cpu.\vexriscv.$add$vexriscv_imc.v:4948$965 ($add).
  creating $macc model for $flatten\cpu.\vexriscv.$add$vexriscv_imc.v:4946$964 ($add).
  creating $macc model for $flatten\cpu.\vexriscv.\IBusCachedPlugin_cache.$add$vexriscv_imc.v:5759$1082 ($add).
  creating $macc model for $flatten\cpu.\vexriscv.\IBusCachedPlugin_cache.$add$vexriscv_imc.v:5746$1080 ($add).
  creating $macc model for $flatten\cpu.\vexriscv.$sub$vexriscv_imc.v:4410$692 ($sub).
  creating $macc model for $flatten\cpu.\vexriscv.$add$vexriscv_imc.v:4396$683 ($add).
  creating $macc model for $flatten\cpu.\vexriscv.$add$vexriscv_imc.v:4370$676 ($add).
  creating $macc model for $flatten\cpu.\vexriscv.$add$vexriscv_imc.v:4016$582 ($add).
  creating $macc model for $flatten\cpu.\vexriscv.$add$vexriscv_imc.v:3331$413 ($add).
  creating $macc model for $flatten\cpu.\vexriscv.$add$vexriscv_imc.v:2969$302 ($add).
  creating $macc model for $flatten\cpu.\vexriscv.$add$vexriscv_imc.v:2936$294 ($add).
  creating $macc model for $flatten\cpu.\vexriscv.$add$vexriscv_imc.v:2407$217 ($add).
  creating $macc model for $flatten\cpu.\vexriscv.$add$vexriscv_imc.v:1431$29 ($add).
  creating $macc model for $flatten\cpu.\vexriscv.$sub$vexriscv_imc.v:1418$24 ($sub).
  creating $macc model for $flatten\cpu.\vexriscv.$add$vexriscv_imc.v:1410$17 ($add).
  creating $macc model for $flatten\cpu.\vexriscv.$add$vexriscv_imc.v:1409$16 ($add).
  creating $macc model for $flatten\cpu.\vexriscv.$sub$vexriscv_imc.v:1391$11 ($sub).
  creating $macc model for $flatten\cpu.\vexriscv.$add$vexriscv_imc.v:1378$3 ($add).
  merging $macc model for $flatten\cpu.\vexriscv.$add$vexriscv_imc.v:1410$17 into $flatten\cpu.\vexriscv.$add$vexriscv_imc.v:1409$16.
  merging $macc model for $flatten\cpu.\vexriscv.$add$vexriscv_imc.v:1378$3 into $flatten\cpu.\vexriscv.$add$vexriscv_imc.v:2407$217.
  creating $alu model for $macc $flatten\cpu.\vexriscv.$sub$vexriscv_imc.v:1391$11.
  creating $alu model for $macc $flatten\cpu.\vexriscv.$sub$vexriscv_imc.v:1418$24.
  creating $alu model for $macc $flatten\cpu.\vexriscv.$add$vexriscv_imc.v:1431$29.
  creating $alu model for $macc $flatten\cpu.\vexriscv.$add$vexriscv_imc.v:2936$294.
  creating $alu model for $macc $flatten\cpu.\vexriscv.$add$vexriscv_imc.v:2969$302.
  creating $alu model for $macc $flatten\cpu.\vexriscv.$add$vexriscv_imc.v:3331$413.
  creating $alu model for $macc $flatten\cpu.\vexriscv.$add$vexriscv_imc.v:4016$582.
  creating $alu model for $macc $flatten\cpu.\vexriscv.$add$vexriscv_imc.v:4370$676.
  creating $alu model for $macc $flatten\cpu.\vexriscv.$add$vexriscv_imc.v:4396$683.
  creating $alu model for $macc $flatten\cpu.\vexriscv.$sub$vexriscv_imc.v:4410$692.
  creating $alu model for $macc $flatten\cpu.\vexriscv.\IBusCachedPlugin_cache.$add$vexriscv_imc.v:5746$1080.
  creating $alu model for $macc $flatten\cpu.\vexriscv.\IBusCachedPlugin_cache.$add$vexriscv_imc.v:5759$1082.
  creating $alu model for $macc $flatten\cpu.\vexriscv.$add$vexriscv_imc.v:4946$964.
  creating $alu model for $macc $flatten\cpu.\vexriscv.$add$vexriscv_imc.v:4948$965.
  creating $alu model for $macc $flatten\cpu.\vexriscv.$add$vexriscv_imc.v:5094$976.
  creating $alu model for $macc $flatten\cpu.\vexriscv.$add$vexriscv_imc.v:5193$984.
  creating $alu model for $macc $flatten\cpu.\vexriscv.$add$vexriscv_imc.v:5194$987.
  creating $macc cell for $flatten\cpu.\vexriscv.$add$vexriscv_imc.v:2407$217: $auto$alumacc.cc:382:replace_macc$3631
  creating $macc cell for $flatten\cpu.\vexriscv.$add$vexriscv_imc.v:1409$16: $auto$alumacc.cc:382:replace_macc$3632
  creating $alu model for $flatten\cpu.\vexriscv.$le$vexriscv_imc.v:4735$918 ($le): new $alu
  creating $alu cell for $flatten\cpu.\vexriscv.$le$vexriscv_imc.v:4735$918: $auto$alumacc.cc:512:replace_alu$3634
  creating $alu cell for $flatten\cpu.\vexriscv.$add$vexriscv_imc.v:5194$987: $auto$alumacc.cc:512:replace_alu$3643
  creating $alu cell for $flatten\cpu.\vexriscv.$add$vexriscv_imc.v:5193$984: $auto$alumacc.cc:512:replace_alu$3646
  creating $alu cell for $flatten\cpu.\vexriscv.$add$vexriscv_imc.v:5094$976: $auto$alumacc.cc:512:replace_alu$3649
  creating $alu cell for $flatten\cpu.\vexriscv.$add$vexriscv_imc.v:4948$965: $auto$alumacc.cc:512:replace_alu$3652
  creating $alu cell for $flatten\cpu.\vexriscv.$add$vexriscv_imc.v:4946$964: $auto$alumacc.cc:512:replace_alu$3655
  creating $alu cell for $flatten\cpu.\vexriscv.\IBusCachedPlugin_cache.$add$vexriscv_imc.v:5759$1082: $auto$alumacc.cc:512:replace_alu$3658
  creating $alu cell for $flatten\cpu.\vexriscv.\IBusCachedPlugin_cache.$add$vexriscv_imc.v:5746$1080: $auto$alumacc.cc:512:replace_alu$3661
  creating $alu cell for $flatten\cpu.\vexriscv.$sub$vexriscv_imc.v:4410$692: $auto$alumacc.cc:512:replace_alu$3664
  creating $alu cell for $flatten\cpu.\vexriscv.$add$vexriscv_imc.v:4396$683: $auto$alumacc.cc:512:replace_alu$3667
  creating $alu cell for $flatten\cpu.\vexriscv.$add$vexriscv_imc.v:4370$676: $auto$alumacc.cc:512:replace_alu$3670
  creating $alu cell for $flatten\cpu.\vexriscv.$add$vexriscv_imc.v:4016$582: $auto$alumacc.cc:512:replace_alu$3673
  creating $alu cell for $flatten\cpu.\vexriscv.$add$vexriscv_imc.v:3331$413: $auto$alumacc.cc:512:replace_alu$3676
  creating $alu cell for $flatten\cpu.\vexriscv.$add$vexriscv_imc.v:2969$302: $auto$alumacc.cc:512:replace_alu$3679
  creating $alu cell for $flatten\cpu.\vexriscv.$add$vexriscv_imc.v:2936$294: $auto$alumacc.cc:512:replace_alu$3682
  creating $alu cell for $flatten\cpu.\vexriscv.$add$vexriscv_imc.v:1431$29: $auto$alumacc.cc:512:replace_alu$3685
  creating $alu cell for $flatten\cpu.\vexriscv.$sub$vexriscv_imc.v:1418$24: $auto$alumacc.cc:512:replace_alu$3688
  creating $alu cell for $flatten\cpu.\vexriscv.$sub$vexriscv_imc.v:1391$11: $auto$alumacc.cc:512:replace_alu$3691
  created 18 $alu and 2 $macc cells.

3.25. Executing OPT pass (performing simple optimizations).

3.25.1. Executing OPT_EXPR pass (perform const folding).
Optimizing module top.

3.25.2. Executing OPT_MERGE pass (detect identical cells).
Finding identical cells in module `\top'.
Computing hashes of 1080 cells of `\top'.
Finding duplicate cells in `\top'.
Removed a total of 0 cells.

3.25.3. Executing OPT_MUXTREE pass (detect dead branches in mux trees).
Running muxtree optimizer on module \top..
  Creating internal representation of mux trees.
  Evaluating internal representation of mux trees.
  Analyzing evaluation results.
Removed 0 multiplexer ports.
<suppressed ~1148 debug messages>

3.25.4. Executing OPT_REDUCE pass (consolidate $*mux and $reduce_* inputs).
  Optimizing cells in module \top.
Performed a total of 0 changes.

3.25.5. Executing OPT_MERGE pass (detect identical cells).
Finding identical cells in module `\top'.
Computing hashes of 1080 cells of `\top'.
Finding duplicate cells in `\top'.
Removed a total of 0 cells.

3.25.6. Executing OPT_DFF pass (perform DFF optimizations).

3.25.7. Executing OPT_CLEAN pass (remove unused cells and wires).
Finding unused cells or wires in module \top..
Removed 2 unused cells and 34 unused wires.
<suppressed ~4 debug messages>

3.25.8. Executing OPT_EXPR pass (perform const folding).
Optimizing module top.

3.25.9. Rerunning OPT passes. (Maybe there is more to do..)

3.25.10. Executing OPT_MUXTREE pass (detect dead branches in mux trees).
Running muxtree optimizer on module \top..
  Creating internal representation of mux trees.
  Evaluating internal representation of mux trees.
  Analyzing evaluation results.
Removed 0 multiplexer ports.
<suppressed ~1148 debug messages>

3.25.11. Executing OPT_REDUCE pass (consolidate $*mux and $reduce_* inputs).
  Optimizing cells in module \top.
Performed a total of 0 changes.

3.25.12. Executing OPT_MERGE pass (detect identical cells).
Finding identical cells in module `\top'.
Computing hashes of 1078 cells of `\top'.
Finding duplicate cells in `\top'.
Removed a total of 0 cells.

3.25.13. Executing OPT_DFF pass (perform DFF optimizations).

3.25.14. Executing OPT_CLEAN pass (remove unused cells and wires).
Finding unused cells or wires in module \top..

3.25.15. Executing OPT_EXPR pass (perform const folding).
Optimizing module top.

3.25.16. Finished fast OPT passes. (There is nothing left to do.)

3.26. Executing MEMORY pass.

3.26.1. Executing OPT_MEM pass (optimize memories).
top.ram.mem: removing const-0 lane 0
top.ram.mem: removing const-0 lane 1
top.ram.mem: removing const-0 lane 2
top.ram.mem: removing const-0 lane 3
top.ram.mem: removing const-0 lane 4
top.ram.mem: removing const-0 lane 5
top.ram.mem: removing const-0 lane 6
top.ram.mem: removing const-0 lane 7
top.ram.mem: removing const-0 lane 8
top.ram.mem: removing const-0 lane 9
top.ram.mem: removing const-0 lane 10
top.ram.mem: removing const-0 lane 11
top.ram.mem: removing const-0 lane 12
top.ram.mem: removing const-0 lane 13
top.ram.mem: removing const-0 lane 14
top.ram.mem: removing const-0 lane 15
top.ram.mem: removing const-0 lane 16
top.ram.mem: removing const-0 lane 17
top.ram.mem: removing const-0 lane 18
top.ram.mem: removing const-0 lane 19
top.ram.mem: removing const-0 lane 20
top.ram.mem: removing const-0 lane 21
top.ram.mem: removing const-0 lane 22
top.ram.mem: removing const-0 lane 23
top.ram.mem: removing const-0 lane 24
top.ram.mem: removing const-0 lane 25
top.ram.mem: removing const-0 lane 26
top.ram.mem: removing const-0 lane 27
top.ram.mem: removing const-0 lane 28
top.ram.mem: removing const-0 lane 29
top.ram.mem: removing const-0 lane 30
top.ram.mem: removing const-0 lane 31
Performed a total of 2 transformations.

3.26.2. Executing OPT_MEM_PRIORITY pass (removing unnecessary memory write priority relations).
Performed a total of 0 transformations.

3.26.3. Executing OPT_MEM_FEEDBACK pass (finding memory read-to-write feedback paths).
  Analyzing top.cpu.vexriscv.IBusCachedPlugin_cache.banks_0 write port 0.
  Analyzing top.cpu.vexriscv.IBusCachedPlugin_cache.ways_0_tags write port 0.
  Analyzing top.cpu.vexriscv.RegFilePlugin_regFile write port 0.

3.26.4. Executing MEMORY_BMUX2ROM pass (converting muxes to ROMs).

3.26.5. Executing MEMORY_DFF pass (merging $dff cells to $memrd).
Checking read port `\cpu.vexriscv.IBusCachedPlugin_cache.banks_0'[0] in module `\top': merging output FF to cell.
    Write port 0: non-transparent.
Checking read port `\cpu.vexriscv.IBusCachedPlugin_cache.ways_0_tags'[0] in module `\top': merging output FF to cell.
    Write port 0: non-transparent.
Checking read port `\cpu.vexriscv.RegFilePlugin_regFile'[0] in module `\top': merging output FF to cell.
    Write port 0: non-transparent.
Checking read port `\cpu.vexriscv.RegFilePlugin_regFile'[1] in module `\top': merging output FF to cell.
    Write port 0: non-transparent.

3.26.6. Executing OPT_CLEAN pass (remove unused cells and wires).
Finding unused cells or wires in module \top..
Removed 5 unused cells and 124 unused wires.
<suppressed ~8 debug messages>

3.26.7. Executing MEMORY_SHARE pass (consolidating $memrd/$memwr cells).
Consolidating read ports of memory top.cpu.vexriscv.RegFilePlugin_regFile by address:

3.26.8. Executing OPT_MEM_WIDEN pass (optimize memories where all ports are wide).
Performed a total of 0 transformations.

3.26.9. Executing OPT_CLEAN pass (remove unused cells and wires).
Finding unused cells or wires in module \top..

3.26.10. Executing MEMORY_COLLECT pass (generating $mem cells).

3.27. Executing OPT_CLEAN pass (remove unused cells and wires).
Finding unused cells or wires in module \top..

3.28. Executing MEMORY_LIBMAP pass (mapping memories to cells).
mapping memory top.cpu.vexriscv.IBusCachedPlugin_cache.ways_0_tags via $__PDPW16KD_
mapping memory top.cpu.vexriscv.IBusCachedPlugin_cache.banks_0 via $__DP16KD_
mapping memory top.cpu.vexriscv.RegFilePlugin_regFile via $__TRELLIS_DPR16X4_
Extracted data FF from read port 0 of top.cpu.vexriscv.RegFilePlugin_regFile: $\cpu.vexriscv.RegFilePlugin_regFile$rdreg[0]
Extracted data FF from read port 1 of top.cpu.vexriscv.RegFilePlugin_regFile: $\cpu.vexriscv.RegFilePlugin_regFile$rdreg[1]
<suppressed ~2415 debug messages>

3.29. Executing TECHMAP pass (map to technology primitives).

3.29.1. Executing Verilog-2005 frontend: /home/dan/opt/oss-cad-suite/lib/../share/yosys/lattice/lutrams_map_trellis.v
Parsing Verilog input from `/home/dan/opt/oss-cad-suite/lib/../share/yosys/lattice/lutrams_map_trellis.v' to AST representation.
Generating RTLIL representation for module `$__TRELLIS_DPR16X4_'.
Successfully finished Verilog frontend.

3.29.2. Executing Verilog-2005 frontend: /home/dan/opt/oss-cad-suite/lib/../share/yosys/lattice/brams_map_16kd.v
Parsing Verilog input from `/home/dan/opt/oss-cad-suite/lib/../share/yosys/lattice/brams_map_16kd.v' to AST representation.
Generating RTLIL representation for module `$__DP16KD_'.
Generating RTLIL representation for module `$__PDPW16KD_'.
Successfully finished Verilog frontend.

3.29.3. Continuing TECHMAP pass.
Using template $paramod$02d10cc8049219b734b94ed56325542341e7b150$__PDPW16KD_ for cells of type $__PDPW16KD_.
Using template $paramod$3df178cd78fdc59550f474a2e6d4b63593e67fae$__DP16KD_ for cells of type $__DP16KD_.
Using template $paramod$04778961cc1285a5efea28f98f28381eb2862208$__TRELLIS_DPR16X4_ for cells of type $__TRELLIS_DPR16X4_.
No more expansions possible.
<suppressed ~105 debug messages>

3.30. Executing OPT pass (performing simple optimizations).

3.30.1. Executing OPT_EXPR pass (perform const folding).
Optimizing module top.
<suppressed ~214 debug messages>

3.30.2. Executing OPT_MERGE pass (detect identical cells).
Finding identical cells in module `\top'.
Computing hashes of 1092 cells of `\top'.
Finding duplicate cells in `\top'.
Computing hashes of 1059 cells of `\top'.
Finding duplicate cells in `\top'.
<suppressed ~99 debug messages>
Removed a total of 33 cells.

3.30.3. Executing OPT_DFF pass (perform DFF optimizations).
Adding EN signal on $auto$ff.cc:337:slice$3422 ($sdffe) from module top (D = \cpu.vexriscv.IBusCachedPlugin_fetchPc_pc [1], Q = \cpu.vexriscv.IBusCachedPlugin_fetchPc_pcReg [1]).
Setting constant 0-bit at position 0 on $auto$opt_mem.cc:128:execute$3707 ($dff) from module top.

3.30.4. Executing OPT_CLEAN pass (remove unused cells and wires).
Finding unused cells or wires in module \top..
Removed 2 unused cells and 358 unused wires.
<suppressed ~3 debug messages>

3.30.5. Rerunning OPT passes. (Removed registers in this run.)

3.30.6. Executing OPT_EXPR pass (perform const folding).
Optimizing module top.
<suppressed ~4 debug messages>

3.30.7. Executing OPT_MERGE pass (detect identical cells).
Finding identical cells in module `\top'.
Computing hashes of 1055 cells of `\top'.
Finding duplicate cells in `\top'.
Removed a total of 0 cells.

3.30.8. Executing OPT_DFF pass (perform DFF optimizations).
Adding SRST signal on $auto$ff.cc:337:slice$3492 ($dffe) from module top (D = $flatten\cpu.\vexriscv.$procmux$1682_Y [3:2], Q = \cpu.vexriscv.CsrPlugin_exceptionPortCtrl_exceptionContext_code [3:2], rval = 2'01).
Setting constant 0-bit at position 1 on $auto$mem.cc:1646:emulate_read_first$3851 ($dff) from module top.
Setting constant 0-bit at position 0 on $auto$ff.cc:337:slice$3443 ($sdff) from module top.
Setting constant 0-bit at position 1 on $auto$ff.cc:337:slice$3443 ($sdff) from module top.
Setting constant 0-bit at position 2 on $auto$ff.cc:337:slice$3443 ($sdff) from module top.
Setting constant 0-bit at position 3 on $auto$ff.cc:337:slice$3443 ($sdff) from module top.
Setting constant 0-bit at position 4 on $auto$ff.cc:337:slice$3443 ($sdff) from module top.
Setting constant 0-bit at position 5 on $auto$ff.cc:337:slice$3443 ($sdff) from module top.
Setting constant 0-bit at position 6 on $auto$ff.cc:337:slice$3443 ($sdff) from module top.
Setting constant 0-bit at position 7 on $auto$ff.cc:337:slice$3443 ($sdff) from module top.
Setting constant 0-bit at position 8 on $auto$ff.cc:337:slice$3443 ($sdff) from module top.
Setting constant 0-bit at position 9 on $auto$ff.cc:337:slice$3443 ($sdff) from module top.
Setting constant 0-bit at position 10 on $auto$ff.cc:337:slice$3443 ($sdff) from module top.
Setting constant 0-bit at position 11 on $auto$ff.cc:337:slice$3443 ($sdff) from module top.
Setting constant 0-bit at position 12 on $auto$ff.cc:337:slice$3443 ($sdff) from module top.
Setting constant 0-bit at position 13 on $auto$ff.cc:337:slice$3443 ($sdff) from module top.
Setting constant 0-bit at position 14 on $auto$ff.cc:337:slice$3443 ($sdff) from module top.
Setting constant 0-bit at position 15 on $auto$ff.cc:337:slice$3443 ($sdff) from module top.
Setting constant 0-bit at position 16 on $auto$ff.cc:337:slice$3443 ($sdff) from module top.
Setting constant 0-bit at position 17 on $auto$ff.cc:337:slice$3443 ($sdff) from module top.
Setting constant 0-bit at position 18 on $auto$ff.cc:337:slice$3443 ($sdff) from module top.
Setting constant 0-bit at position 19 on $auto$ff.cc:337:slice$3443 ($sdff) from module top.
Setting constant 0-bit at position 20 on $auto$ff.cc:337:slice$3443 ($sdff) from module top.
Setting constant 0-bit at position 21 on $auto$ff.cc:337:slice$3443 ($sdff) from module top.
Setting constant 0-bit at position 22 on $auto$ff.cc:337:slice$3443 ($sdff) from module top.
Setting constant 0-bit at position 23 on $auto$ff.cc:337:slice$3443 ($sdff) from module top.
Setting constant 0-bit at position 24 on $auto$ff.cc:337:slice$3443 ($sdff) from module top.
Setting constant 0-bit at position 25 on $auto$ff.cc:337:slice$3443 ($sdff) from module top.
Setting constant 0-bit at position 26 on $auto$ff.cc:337:slice$3443 ($sdff) from module top.
Setting constant 0-bit at position 27 on $auto$ff.cc:337:slice$3443 ($sdff) from module top.
Setting constant 0-bit at position 28 on $auto$ff.cc:337:slice$3443 ($sdff) from module top.
Setting constant 0-bit at position 29 on $auto$ff.cc:337:slice$3443 ($sdff) from module top.
Setting constant 0-bit at position 30 on $auto$ff.cc:337:slice$3443 ($sdff) from module top.
Setting constant 0-bit at position 31 on $auto$ff.cc:337:slice$3443 ($sdff) from module top.

3.30.9. Executing OPT_CLEAN pass (remove unused cells and wires).
Finding unused cells or wires in module \top..
Removed 0 unused cells and 3 unused wires.
<suppressed ~1 debug messages>

3.30.10. Rerunning OPT passes. (Removed registers in this run.)

3.30.11. Executing OPT_EXPR pass (perform const folding).
Optimizing module top.

3.30.12. Executing OPT_MERGE pass (detect identical cells).
Finding identical cells in module `\top'.
Computing hashes of 1055 cells of `\top'.
Finding duplicate cells in `\top'.
Removed a total of 0 cells.

3.30.13. Executing OPT_DFF pass (perform DFF optimizations).
Setting constant 0-bit at position 0 on $auto$mem.cc:1646:emulate_read_first$3868 ($dff) from module top.
Setting constant 0-bit at position 1 on $auto$mem.cc:1646:emulate_read_first$3868 ($dff) from module top.
Setting constant 0-bit at position 2 on $auto$mem.cc:1646:emulate_read_first$3868 ($dff) from module top.
Setting constant 0-bit at position 3 on $auto$mem.cc:1646:emulate_read_first$3868 ($dff) from module top.
Setting constant 0-bit at position 4 on $auto$mem.cc:1646:emulate_read_first$3868 ($dff) from module top.
Setting constant 0-bit at position 5 on $auto$mem.cc:1646:emulate_read_first$3868 ($dff) from module top.
Setting constant 0-bit at position 6 on $auto$mem.cc:1646:emulate_read_first$3868 ($dff) from module top.
Setting constant 0-bit at position 7 on $auto$mem.cc:1646:emulate_read_first$3868 ($dff) from module top.
Setting constant 0-bit at position 8 on $auto$mem.cc:1646:emulate_read_first$3868 ($dff) from module top.
Setting constant 0-bit at position 9 on $auto$mem.cc:1646:emulate_read_first$3868 ($dff) from module top.
Setting constant 0-bit at position 10 on $auto$mem.cc:1646:emulate_read_first$3868 ($dff) from module top.
Setting constant 0-bit at position 11 on $auto$mem.cc:1646:emulate_read_first$3868 ($dff) from module top.
Setting constant 0-bit at position 12 on $auto$mem.cc:1646:emulate_read_first$3868 ($dff) from module top.
Setting constant 0-bit at position 13 on $auto$mem.cc:1646:emulate_read_first$3868 ($dff) from module top.
Setting constant 0-bit at position 14 on $auto$mem.cc:1646:emulate_read_first$3868 ($dff) from module top.
Setting constant 0-bit at position 15 on $auto$mem.cc:1646:emulate_read_first$3868 ($dff) from module top.
Setting constant 0-bit at position 16 on $auto$mem.cc:1646:emulate_read_first$3868 ($dff) from module top.
Setting constant 0-bit at position 17 on $auto$mem.cc:1646:emulate_read_first$3868 ($dff) from module top.
Setting constant 0-bit at position 18 on $auto$mem.cc:1646:emulate_read_first$3868 ($dff) from module top.
Setting constant 0-bit at position 19 on $auto$mem.cc:1646:emulate_read_first$3868 ($dff) from module top.
Setting constant 0-bit at position 20 on $auto$mem.cc:1646:emulate_read_first$3868 ($dff) from module top.
Setting constant 0-bit at position 21 on $auto$mem.cc:1646:emulate_read_first$3868 ($dff) from module top.
Setting constant 0-bit at position 22 on $auto$mem.cc:1646:emulate_read_first$3868 ($dff) from module top.
Setting constant 0-bit at position 23 on $auto$mem.cc:1646:emulate_read_first$3868 ($dff) from module top.
Setting constant 0-bit at position 24 on $auto$mem.cc:1646:emulate_read_first$3868 ($dff) from module top.
Setting constant 0-bit at position 25 on $auto$mem.cc:1646:emulate_read_first$3868 ($dff) from module top.
Setting constant 0-bit at position 26 on $auto$mem.cc:1646:emulate_read_first$3868 ($dff) from module top.
Setting constant 0-bit at position 27 on $auto$mem.cc:1646:emulate_read_first$3868 ($dff) from module top.
Setting constant 0-bit at position 28 on $auto$mem.cc:1646:emulate_read_first$3868 ($dff) from module top.
Setting constant 0-bit at position 29 on $auto$mem.cc:1646:emulate_read_first$3868 ($dff) from module top.
Setting constant 0-bit at position 30 on $auto$mem.cc:1646:emulate_read_first$3868 ($dff) from module top.
Setting constant 0-bit at position 31 on $auto$mem.cc:1646:emulate_read_first$3868 ($dff) from module top.
Setting constant 0-bit at position 1 on $auto$mem.cc:1169:emulate_transparency$3855 ($dffe) from module top.

3.30.14. Executing OPT_CLEAN pass (remove unused cells and wires).
Finding unused cells or wires in module \top..
Removed 0 unused cells and 1 unused wires.
<suppressed ~1 debug messages>

3.30.15. Rerunning OPT passes. (Removed registers in this run.)

3.30.16. Executing OPT_EXPR pass (perform const folding).
Optimizing module top.

3.30.17. Executing OPT_MERGE pass (detect identical cells).
Finding identical cells in module `\top'.
Computing hashes of 1054 cells of `\top'.
Finding duplicate cells in `\top'.
Removed a total of 0 cells.

3.30.18. Executing OPT_DFF pass (perform DFF optimizations).
Setting constant 0-bit at position 0 on $auto$mem.cc:1169:emulate_transparency$3872 ($dffe) from module top.
Setting constant 0-bit at position 1 on $auto$mem.cc:1169:emulate_transparency$3872 ($dffe) from module top.
Setting constant 0-bit at position 2 on $auto$mem.cc:1169:emulate_transparency$3872 ($dffe) from module top.
Setting constant 0-bit at position 3 on $auto$mem.cc:1169:emulate_transparency$3872 ($dffe) from module top.
Setting constant 0-bit at position 4 on $auto$mem.cc:1169:emulate_transparency$3872 ($dffe) from module top.
Setting constant 0-bit at position 5 on $auto$mem.cc:1169:emulate_transparency$3872 ($dffe) from module top.
Setting constant 0-bit at position 6 on $auto$mem.cc:1169:emulate_transparency$3872 ($dffe) from module top.
Setting constant 0-bit at position 7 on $auto$mem.cc:1169:emulate_transparency$3872 ($dffe) from module top.
Setting constant 0-bit at position 8 on $auto$mem.cc:1169:emulate_transparency$3872 ($dffe) from module top.
Setting constant 0-bit at position 9 on $auto$mem.cc:1169:emulate_transparency$3872 ($dffe) from module top.
Setting constant 0-bit at position 10 on $auto$mem.cc:1169:emulate_transparency$3872 ($dffe) from module top.
Setting constant 0-bit at position 11 on $auto$mem.cc:1169:emulate_transparency$3872 ($dffe) from module top.
Setting constant 0-bit at position 12 on $auto$mem.cc:1169:emulate_transparency$3872 ($dffe) from module top.
Setting constant 0-bit at position 13 on $auto$mem.cc:1169:emulate_transparency$3872 ($dffe) from module top.
Setting constant 0-bit at position 14 on $auto$mem.cc:1169:emulate_transparency$3872 ($dffe) from module top.
Setting constant 0-bit at position 15 on $auto$mem.cc:1169:emulate_transparency$3872 ($dffe) from module top.
Setting constant 0-bit at position 16 on $auto$mem.cc:1169:emulate_transparency$3872 ($dffe) from module top.
Setting constant 0-bit at position 17 on $auto$mem.cc:1169:emulate_transparency$3872 ($dffe) from module top.
Setting constant 0-bit at position 18 on $auto$mem.cc:1169:emulate_transparency$3872 ($dffe) from module top.
Setting constant 0-bit at position 19 on $auto$mem.cc:1169:emulate_transparency$3872 ($dffe) from module top.
Setting constant 0-bit at position 20 on $auto$mem.cc:1169:emulate_transparency$3872 ($dffe) from module top.
Setting constant 0-bit at position 21 on $auto$mem.cc:1169:emulate_transparency$3872 ($dffe) from module top.
Setting constant 0-bit at position 22 on $auto$mem.cc:1169:emulate_transparency$3872 ($dffe) from module top.
Setting constant 0-bit at position 23 on $auto$mem.cc:1169:emulate_transparency$3872 ($dffe) from module top.
Setting constant 0-bit at position 24 on $auto$mem.cc:1169:emulate_transparency$3872 ($dffe) from module top.
Setting constant 0-bit at position 25 on $auto$mem.cc:1169:emulate_transparency$3872 ($dffe) from module top.
Setting constant 0-bit at position 26 on $auto$mem.cc:1169:emulate_transparency$3872 ($dffe) from module top.
Setting constant 0-bit at position 27 on $auto$mem.cc:1169:emulate_transparency$3872 ($dffe) from module top.
Setting constant 0-bit at position 28 on $auto$mem.cc:1169:emulate_transparency$3872 ($dffe) from module top.
Setting constant 0-bit at position 29 on $auto$mem.cc:1169:emulate_transparency$3872 ($dffe) from module top.
Setting constant 0-bit at position 30 on $auto$mem.cc:1169:emulate_transparency$3872 ($dffe) from module top.
Setting constant 0-bit at position 31 on $auto$mem.cc:1169:emulate_transparency$3872 ($dffe) from module top.

3.30.19. Executing OPT_CLEAN pass (remove unused cells and wires).
Finding unused cells or wires in module \top..
Removed 0 unused cells and 1 unused wires.
<suppressed ~1 debug messages>

3.30.20. Rerunning OPT passes. (Removed registers in this run.)

3.30.21. Executing OPT_EXPR pass (perform const folding).
Optimizing module top.

3.30.22. Executing OPT_MERGE pass (detect identical cells).
Finding identical cells in module `\top'.
Computing hashes of 1053 cells of `\top'.
Finding duplicate cells in `\top'.
Removed a total of 0 cells.

3.30.23. Executing OPT_DFF pass (perform DFF optimizations).

3.30.24. Executing OPT_CLEAN pass (remove unused cells and wires).
Finding unused cells or wires in module \top..

3.30.25. Finished fast OPT passes.

3.31. Executing MEMORY_MAP pass (converting memories to logic and flip-flops).

3.32. Executing OPT pass (performing simple optimizations).

3.32.1. Executing OPT_EXPR pass (perform const folding).
Optimizing module top.

3.32.2. Executing OPT_MERGE pass (detect identical cells).
Finding identical cells in module `\top'.
Computing hashes of 1053 cells of `\top'.
Finding duplicate cells in `\top'.
Removed a total of 0 cells.

3.32.3. Executing OPT_MUXTREE pass (detect dead branches in mux trees).
Running muxtree optimizer on module \top..
  Creating internal representation of mux trees.
  Evaluating internal representation of mux trees.
      Replacing known input bits on port A of cell $flatten\cpu.\vexriscv.$procmux$2661: \cpu.vexriscv.IBusCachedPlugin_iBusRsp_redoFetch -> 1'0
  Analyzing evaluation results.
Removed 0 multiplexer ports.
<suppressed ~1038 debug messages>

3.32.4. Executing OPT_REDUCE pass (consolidate $*mux and $reduce_* inputs).
  Optimizing cells in module \top.
    New input vector for $reduce_and cell $auto$opt_dff.cc:252:make_patterns_logic$4271: { \cpu.vexriscv.when_Fetcher_l160 $auto$opt_dff.cc:234:make_patterns_logic$3423 $auto$opt_dff.cc:234:make_patterns_logic$4268 }
    Consolidated identical input bits for $mux cell $flatten\cpu.\vexriscv.$procmux$2190:
      Old ports: A=6'000000, B=6'100001, Y=\cpu.vexriscv._zz_CsrPlugin_csrMapping_readDataInit_3 [5:0]
      New ports: A=1'0, B=1'1, Y=\cpu.vexriscv._zz_CsrPlugin_csrMapping_readDataInit_3 [0]
      New connections: \cpu.vexriscv._zz_CsrPlugin_csrMapping_readDataInit_3 [5:1] = { \cpu.vexriscv._zz_CsrPlugin_csrMapping_readDataInit_3 [0] 4'0000 }
    Consolidated identical input bits for $mux cell $flatten\cpu.\vexriscv.$procmux$2184:
      Old ports: A=7'0000000, B=7'1000010, Y=\cpu.vexriscv._zz_CsrPlugin_csrMapping_readDataInit_4 [6:0]
      New ports: A=1'0, B=1'1, Y=\cpu.vexriscv._zz_CsrPlugin_csrMapping_readDataInit_4 [1]
      New connections: { \cpu.vexriscv._zz_CsrPlugin_csrMapping_readDataInit_4 [6:2] \cpu.vexriscv._zz_CsrPlugin_csrMapping_readDataInit_4 [0] } = { \cpu.vexriscv._zz_CsrPlugin_csrMapping_readDataInit_4 [1] 5'00000 }
    Consolidated identical input bits for $mux cell $flatten\cpu.\vexriscv.$ternary$vexriscv_imc.v:5135$979:
      Old ports: A=4'0010, B=4'0001, Y=$flatten\cpu.\vexriscv.$procmux$1680_Y
      New ports: A=2'10, B=2'01, Y=$flatten\cpu.\vexriscv.$procmux$1680_Y [1:0]
      New connections: $flatten\cpu.\vexriscv.$procmux$1680_Y [3:2] = 2'00
    Consolidated identical input bits for $mux cell $flatten\cpu.\vexriscv.$procmux$2196:
      Old ports: A=4'0000, B=4'1011, Y=\cpu.vexriscv._zz_CsrPlugin_csrMapping_readDataInit_1 [3:0]
      New ports: A=1'0, B=1'1, Y=\cpu.vexriscv._zz_CsrPlugin_csrMapping_readDataInit_1 [0]
      New connections: \cpu.vexriscv._zz_CsrPlugin_csrMapping_readDataInit_1 [3:1] = { \cpu.vexriscv._zz_CsrPlugin_csrMapping_readDataInit_1 [0] 1'0 \cpu.vexriscv._zz_CsrPlugin_csrMapping_readDataInit_1 [0] }
    Consolidated identical input bits for $mux cell $flatten\cpu.\vexriscv.$procmux$2750:
      Old ports: A={ $flatten\cpu.\vexriscv.$add$vexriscv_imc.v:2936$294_Y [31:2] 2'00 }, B={ 20'x \cpu.vexriscv.IBusCachedPlugin_fetchPc_pcReg [11:2] 2'10 }, Y=$flatten\cpu.\vexriscv.$2\IBusCachedPlugin_fetchPc_pc[31:0]
      New ports: A={ $flatten\cpu.\vexriscv.$add$vexriscv_imc.v:2936$294_Y [31:2] 1'0 }, B={ 20'x \cpu.vexriscv.IBusCachedPlugin_fetchPc_pcReg [11:2] 1'1 }, Y=$flatten\cpu.\vexriscv.$2\IBusCachedPlugin_fetchPc_pc[31:0] [31:1]
      New connections: $flatten\cpu.\vexriscv.$2\IBusCachedPlugin_fetchPc_pc[31:0] [0] = 1'0
    Consolidated identical input bits for $mux cell $flatten\cpu.\vexriscv.$procmux$2698:
      Old ports: A={ \cpu.vexriscv.IBusCachedPlugin_decompressor_raw [10:7] \cpu.vexriscv.IBusCachedPlugin_decompressor_raw [12:11] \cpu.vexriscv.IBusCachedPlugin_decompressor_raw [5] \cpu.vexriscv.IBusCachedPlugin_decompressor_raw [6] 12'000001000001 \cpu.vexriscv.IBusCachedPlugin_decompressor_raw [4:2] 7'0010011 }, B=30'000000000000000000000000000000, Y=$auto$wreduce.cc:514:run$3610 [29:0]
      New ports: A={ \cpu.vexriscv.IBusCachedPlugin_decompressor_raw [10:7] \cpu.vexriscv.IBusCachedPlugin_decompressor_raw [12:11] \cpu.vexriscv.IBusCachedPlugin_decompressor_raw [5] \cpu.vexriscv.IBusCachedPlugin_decompressor_raw [6] \cpu.vexriscv.IBusCachedPlugin_decompressor_raw [4:2] 1'1 }, B=12'000000000000, Y={ $auto$wreduce.cc:514:run$3610 [29:22] $auto$wreduce.cc:514:run$3610 [9:7] $auto$wreduce.cc:514:run$3610 [0] }
      New connections: { $auto$wreduce.cc:514:run$3610 [21:10] $auto$wreduce.cc:514:run$3610 [6:1] } = { 5'00000 $auto$wreduce.cc:514:run$3610 [0] 5'00000 $auto$wreduce.cc:514:run$3610 [0] 2'00 $auto$wreduce.cc:514:run$3610 [0] 2'00 $auto$wreduce.cc:514:run$3610 [0] }
    Consolidated identical input bits for $mux cell $flatten\cpu.\vexriscv.$procmux$2193:
      Old ports: A=5'00000, B=5'10110, Y=\cpu.vexriscv._zz_CsrPlugin_csrMapping_readDataInit_2 [4:0]
      New ports: A=1'0, B=1'1, Y=\cpu.vexriscv._zz_CsrPlugin_csrMapping_readDataInit_2 [1]
      New connections: { \cpu.vexriscv._zz_CsrPlugin_csrMapping_readDataInit_2 [4:2] \cpu.vexriscv._zz_CsrPlugin_csrMapping_readDataInit_2 [0] } = { \cpu.vexriscv._zz_CsrPlugin_csrMapping_readDataInit_2 [1] 1'0 \cpu.vexriscv._zz_CsrPlugin_csrMapping_readDataInit_2 [1] 1'0 }
    Consolidated identical input bits for $mux cell $flatten\cpu.\vexriscv.$ternary$vexriscv_imc.v:3970$579:
      Old ports: A={ \cpu.vexriscv.decode_to_execute_INSTRUCTION [31] \cpu.vexriscv.decode_to_execute_INSTRUCTION [31] \cpu.vexriscv.decode_to_execute_INSTRUCTION [31] \cpu.vexriscv.decode_to_execute_INSTRUCTION [31] \cpu.vexriscv.decode_to_execute_INSTRUCTION [31] \cpu.vexriscv.decode_to_execute_INSTRUCTION [31] \cpu.vexriscv.decode_to_execute_INSTRUCTION [31] \cpu.vexriscv.decode_to_execute_INSTRUCTION [31] \cpu.vexriscv.decode_to_execute_INSTRUCTION [7] \cpu.vexriscv.decode_to_execute_INSTRUCTION [30:25] \cpu.vexriscv.decode_to_execute_INSTRUCTION [11:8] 1'0 }, B={ \cpu.vexriscv.decode_to_execute_INSTRUCTION [19:12] \cpu.vexriscv.decode_to_execute_INSTRUCTION [20] \cpu.vexriscv.decode_to_execute_INSTRUCTION [30:21] 1'0 }, Y=$flatten\cpu.\vexriscv.$ternary$vexriscv_imc.v:3970$579_Y [19:0]
      New ports: A={ \cpu.vexriscv.decode_to_execute_INSTRUCTION [31] \cpu.vexriscv.decode_to_execute_INSTRUCTION [31] \cpu.vexriscv.decode_to_execute_INSTRUCTION [31] \cpu.vexriscv.decode_to_execute_INSTRUCTION [31] \cpu.vexriscv.decode_to_execute_INSTRUCTION [31] \cpu.vexriscv.decode_to_execute_INSTRUCTION [31] \cpu.vexriscv.decode_to_execute_INSTRUCTION [31] \cpu.vexriscv.decode_to_execute_INSTRUCTION [31] \cpu.vexriscv.decode_to_execute_INSTRUCTION [7] \cpu.vexriscv.decode_to_execute_INSTRUCTION [11:8] }, B={ \cpu.vexriscv.decode_to_execute_INSTRUCTION [19:12] \cpu.vexriscv.decode_to_execute_INSTRUCTION [20] \cpu.vexriscv.decode_to_execute_INSTRUCTION [24:21] }, Y={ $flatten\cpu.\vexriscv.$ternary$vexriscv_imc.v:3970$579_Y [19:11] $flatten\cpu.\vexriscv.$ternary$vexriscv_imc.v:3970$579_Y [4:1] }
      New connections: { $flatten\cpu.\vexriscv.$ternary$vexriscv_imc.v:3970$579_Y [10:5] $flatten\cpu.\vexriscv.$ternary$vexriscv_imc.v:3970$579_Y [0] } = { \cpu.vexriscv.decode_to_execute_INSTRUCTION [30:25] 1'0 }
    Consolidated identical input bits for $mux cell $flatten\cpu.\vexriscv.$procmux$2243:
      Old ports: A=4'0010, B=4'1011, Y=$flatten\cpu.\vexriscv.$2\CsrPlugin_selfException_payload_code[3:0]
      New ports: A=1'0, B=1'1, Y=$flatten\cpu.\vexriscv.$2\CsrPlugin_selfException_payload_code[3:0] [0]
      New connections: $flatten\cpu.\vexriscv.$2\CsrPlugin_selfException_payload_code[3:0] [3:1] = { $flatten\cpu.\vexriscv.$2\CsrPlugin_selfException_payload_code[3:0] [0] 2'01 }
    Consolidated identical input bits for $mux cell $flatten\cpu.\vexriscv.$ternary$vexriscv_imc.v:3331$412:
      Old ports: A={ \cpu.vexriscv._zz_IBusCachedPlugin_injector_decodeInput_payload_rsp_inst [31] \cpu.vexriscv._zz_IBusCachedPlugin_injector_decodeInput_payload_rsp_inst [31] \cpu.vexriscv._zz_IBusCachedPlugin_injector_decodeInput_payload_rsp_inst [31] \cpu.vexriscv._zz_IBusCachedPlugin_injector_decodeInput_payload_rsp_inst [31] \cpu.vexriscv._zz_IBusCachedPlugin_injector_decodeInput_payload_rsp_inst [31] \cpu.vexriscv._zz_IBusCachedPlugin_injector_decodeInput_payload_rsp_inst [31] \cpu.vexriscv._zz_IBusCachedPlugin_injector_decodeInput_payload_rsp_inst [31] \cpu.vexriscv._zz_IBusCachedPlugin_injector_decodeInput_payload_rsp_inst [31] \cpu.vexriscv._zz_IBusCachedPlugin_injector_decodeInput_payload_rsp_inst [7] \cpu.vexriscv._zz_IBusCachedPlugin_injector_decodeInput_payload_rsp_inst [30:25] \cpu.vexriscv._zz_IBusCachedPlugin_injector_decodeInput_payload_rsp_inst [11:8] 1'0 }, B={ \cpu.vexriscv._zz_IBusCachedPlugin_injector_decodeInput_payload_rsp_inst [19:12] \cpu.vexriscv._zz_IBusCachedPlugin_injector_decodeInput_payload_rsp_inst [20] \cpu.vexriscv._zz_IBusCachedPlugin_injector_decodeInput_payload_rsp_inst [30:21] 1'0 }, Y=$flatten\cpu.\vexriscv.$ternary$vexriscv_imc.v:3331$412_Y [19:0]
      New ports: A={ \cpu.vexriscv._zz_IBusCachedPlugin_injector_decodeInput_payload_rsp_inst [31] \cpu.vexriscv._zz_IBusCachedPlugin_injector_decodeInput_payload_rsp_inst [31] \cpu.vexriscv._zz_IBusCachedPlugin_injector_decodeInput_payload_rsp_inst [31] \cpu.vexriscv._zz_IBusCachedPlugin_injector_decodeInput_payload_rsp_inst [31] \cpu.vexriscv._zz_IBusCachedPlugin_injector_decodeInput_payload_rsp_inst [31] \cpu.vexriscv._zz_IBusCachedPlugin_injector_decodeInput_payload_rsp_inst [31] \cpu.vexriscv._zz_IBusCachedPlugin_injector_decodeInput_payload_rsp_inst [31] \cpu.vexriscv._zz_IBusCachedPlugin_injector_decodeInput_payload_rsp_inst [31] \cpu.vexriscv._zz_IBusCachedPlugin_injector_decodeInput_payload_rsp_inst [7] \cpu.vexriscv._zz_IBusCachedPlugin_injector_decodeInput_payload_rsp_inst [11:8] }, B={ \cpu.vexriscv._zz_IBusCachedPlugin_injector_decodeInput_payload_rsp_inst [19:12] \cpu.vexriscv._zz_IBusCachedPlugin_injector_decodeInput_payload_rsp_inst [20] \cpu.vexriscv._zz_IBusCachedPlugin_injector_decodeInput_payload_rsp_inst [24:21] }, Y={ $flatten\cpu.\vexriscv.$ternary$vexriscv_imc.v:3331$412_Y [19:11] $flatten\cpu.\vexriscv.$ternary$vexriscv_imc.v:3331$412_Y [4:1] }
      New connections: { $flatten\cpu.\vexriscv.$ternary$vexriscv_imc.v:3331$412_Y [10:5] $flatten\cpu.\vexriscv.$ternary$vexriscv_imc.v:3331$412_Y [0] } = { \cpu.vexriscv._zz_IBusCachedPlugin_injector_decodeInput_payload_rsp_inst [30:25] 1'0 }
    Consolidated identical input bits for $mux cell $flatten\cpu.\vexriscv.$procmux$2440:
      Old ports: A={ \cpu.vexriscv.decode_to_execute_INSTRUCTION [31] \cpu.vexriscv.decode_to_execute_INSTRUCTION [31] \cpu.vexriscv.decode_to_execute_INSTRUCTION [31] \cpu.vexriscv.decode_to_execute_INSTRUCTION [31] \cpu.vexriscv.decode_to_execute_INSTRUCTION [31] \cpu.vexriscv.decode_to_execute_INSTRUCTION [31] \cpu.vexriscv.decode_to_execute_INSTRUCTION [31] \cpu.vexriscv.decode_to_execute_INSTRUCTION [31] \cpu.vexriscv.decode_to_execute_INSTRUCTION [31] \cpu.vexriscv.decode_to_execute_INSTRUCTION [31] \cpu.vexriscv.decode_to_execute_INSTRUCTION [31] \cpu.vexriscv.decode_to_execute_INSTRUCTION [31] $flatten\cpu.\vexriscv.$ternary$vexriscv_imc.v:3970$579_Y [19:0] }, B={ 29'00000000000000000000000000000 \cpu.vexriscv._zz__zz_execute_SRC1 }, Y=$flatten\cpu.\vexriscv.$2\execute_BranchPlugin_branch_src2[31:0]
      New ports: A={ \cpu.vexriscv.decode_to_execute_INSTRUCTION [31] $flatten\cpu.\vexriscv.$ternary$vexriscv_imc.v:3970$579_Y [19:0] }, B={ 18'000000000000000000 \cpu.vexriscv._zz__zz_execute_SRC1 }, Y=$flatten\cpu.\vexriscv.$2\execute_BranchPlugin_branch_src2[31:0] [20:0]
      New connections: $flatten\cpu.\vexriscv.$2\execute_BranchPlugin_branch_src2[31:0] [31:21] = { $flatten\cpu.\vexriscv.$2\execute_BranchPlugin_branch_src2[31:0] [20] $flatten\cpu.\vexriscv.$2\execute_BranchPlugin_branch_src2[31:0] [20] $flatten\cpu.\vexriscv.$2\execute_BranchPlugin_branch_src2[31:0] [20] $flatten\cpu.\vexriscv.$2\execute_BranchPlugin_branch_src2[31:0] [20] $flatten\cpu.\vexriscv.$2\execute_BranchPlugin_branch_src2[31:0] [20] $flatten\cpu.\vexriscv.$2\execute_BranchPlugin_branch_src2[31:0] [20] $flatten\cpu.\vexriscv.$2\execute_BranchPlugin_branch_src2[31:0] [20] $flatten\cpu.\vexriscv.$2\execute_BranchPlugin_branch_src2[31:0] [20] $flatten\cpu.\vexriscv.$2\execute_BranchPlugin_branch_src2[31:0] [20] $flatten\cpu.\vexriscv.$2\execute_BranchPlugin_branch_src2[31:0] [20] $flatten\cpu.\vexriscv.$2\execute_BranchPlugin_branch_src2[31:0] [20] }
    Consolidated identical input bits for $mux cell $flatten\cpu.\vexriscv.$ternary$vexriscv_imc.v:3092$348:
      Old ports: A={ \cpu.vexriscv.IBusCachedPlugin_decompressor_raw [6:2] $flatten\cpu.\vexriscv.$ternary$vexriscv_imc.v:3092$347_Y 3'000 \cpu.vexriscv.IBusCachedPlugin_decompressor_raw [11:7] 7'0110011 }, B={ 5'00000 \cpu.vexriscv.IBusCachedPlugin_decompressor_raw [11:7] 7'0000000 \cpu.vexriscv.IBusCachedPlugin_decompressor_raw [12] 7'1100111 }, Y=$auto$wreduce.cc:514:run$3607 [24:0]
      New ports: A={ \cpu.vexriscv.IBusCachedPlugin_decompressor_raw [6:2] $flatten\cpu.\vexriscv.$ternary$vexriscv_imc.v:3092$347_Y \cpu.vexriscv.IBusCachedPlugin_decompressor_raw [11:7] 2'10 }, B={ 5'00000 \cpu.vexriscv.IBusCachedPlugin_decompressor_raw [11:7] 4'0000 \cpu.vexriscv.IBusCachedPlugin_decompressor_raw [12] 2'01 }, Y={ $auto$wreduce.cc:514:run$3607 [24:15] $auto$wreduce.cc:514:run$3607 [11:7] $auto$wreduce.cc:514:run$3607 [4] $auto$wreduce.cc:514:run$3607 [2] }
      New connections: { $auto$wreduce.cc:514:run$3607 [14:12] $auto$wreduce.cc:514:run$3607 [6:5] $auto$wreduce.cc:514:run$3607 [3] $auto$wreduce.cc:514:run$3607 [1:0] } = { 3'000 $auto$wreduce.cc:514:run$3607 [2] 4'1011 }
    Consolidated identical input bits for $mux cell $flatten\cpu.\vexriscv.$ternary$vexriscv_imc.v:3074$343:
      Old ports: A={ 1'0 $flatten\cpu.\vexriscv.$logic_or$vexriscv_imc.v:3074$342_Y 5'00000 }, B={ \cpu.vexriscv.IBusCachedPlugin_decompressor_raw [12] \cpu.vexriscv.IBusCachedPlugin_decompressor_raw [12] \cpu.vexriscv.IBusCachedPlugin_decompressor_raw [12] \cpu.vexriscv.IBusCachedPlugin_decompressor_raw [12] \cpu.vexriscv.IBusCachedPlugin_decompressor_raw [12] \cpu.vexriscv.IBusCachedPlugin_decompressor_raw [12] \cpu.vexriscv.IBusCachedPlugin_decompressor_raw [12] }, Y=$flatten\cpu.\vexriscv.$ternary$vexriscv_imc.v:3074$343_Y
      New ports: A={ $flatten\cpu.\vexriscv.$logic_or$vexriscv_imc.v:3074$342_Y 1'0 }, B={ \cpu.vexriscv.IBusCachedPlugin_decompressor_raw [12] \cpu.vexriscv.IBusCachedPlugin_decompressor_raw [12] }, Y={ $flatten\cpu.\vexriscv.$ternary$vexriscv_imc.v:3074$343_Y [5] $flatten\cpu.\vexriscv.$ternary$vexriscv_imc.v:3074$343_Y [0] }
      New connections: { $flatten\cpu.\vexriscv.$ternary$vexriscv_imc.v:3074$343_Y [6] $flatten\cpu.\vexriscv.$ternary$vexriscv_imc.v:3074$343_Y [4:1] } = { $flatten\cpu.\vexriscv.$ternary$vexriscv_imc.v:3074$343_Y [0] $flatten\cpu.\vexriscv.$ternary$vexriscv_imc.v:3074$343_Y [0] $flatten\cpu.\vexriscv.$ternary$vexriscv_imc.v:3074$343_Y [0] $flatten\cpu.\vexriscv.$ternary$vexriscv_imc.v:3074$343_Y [0] $flatten\cpu.\vexriscv.$ternary$vexriscv_imc.v:3074$343_Y [0] }
    Consolidated identical input bits for $mux cell $flatten\cpu.\vexriscv.$ternary$vexriscv_imc.v:3074$340:
      Old ports: A={ 2'01 \cpu.vexriscv.IBusCachedPlugin_decompressor_raw [4:2] }, B=\cpu.vexriscv.IBusCachedPlugin_decompressor_raw [6:2], Y=$flatten\cpu.\vexriscv.$ternary$vexriscv_imc.v:3074$340_Y
      New ports: A=2'01, B=\cpu.vexriscv.IBusCachedPlugin_decompressor_raw [6:5], Y=$flatten\cpu.\vexriscv.$ternary$vexriscv_imc.v:3074$340_Y [4:3]
      New connections: $flatten\cpu.\vexriscv.$ternary$vexriscv_imc.v:3074$340_Y [2:0] = \cpu.vexriscv.IBusCachedPlugin_decompressor_raw [4:2]
    Consolidated identical input bits for $mux cell $flatten\cpu.\vexriscv.$ternary$vexriscv_imc.v:3074$337:
      Old ports: A=6'110011, B=6'010011, Y=$auto$wreduce.cc:514:run$3609 [5:0]
      New ports: A=1'1, B=1'0, Y=$auto$wreduce.cc:514:run$3609 [5]
      New connections: $auto$wreduce.cc:514:run$3609 [4:0] = 5'10011
    Consolidated identical input bits for $mux cell $flatten\cpu.\vexriscv.$ternary$vexriscv_imc.v:3071$336:
      Old ports: A={ \cpu.vexriscv.IBusCachedPlugin_decompressor_raw [12] \cpu.vexriscv.IBusCachedPlugin_decompressor_raw [12] \cpu.vexriscv.IBusCachedPlugin_decompressor_raw [12] \cpu.vexriscv.IBusCachedPlugin_decompressor_raw [12] \cpu.vexriscv.IBusCachedPlugin_decompressor_raw [12] \cpu.vexriscv.IBusCachedPlugin_decompressor_raw [12] \cpu.vexriscv.IBusCachedPlugin_decompressor_raw [12] \cpu.vexriscv.IBusCachedPlugin_decompressor_raw [12] \cpu.vexriscv.IBusCachedPlugin_decompressor_raw [12] \cpu.vexriscv.IBusCachedPlugin_decompressor_raw [12] \cpu.vexriscv.IBusCachedPlugin_decompressor_raw [12] \cpu.vexriscv.IBusCachedPlugin_decompressor_raw [12] \cpu.vexriscv.IBusCachedPlugin_decompressor_raw [6:2] \cpu.vexriscv.IBusCachedPlugin_decompressor_raw [11:7] 7'0110111 }, B={ \cpu.vexriscv.IBusCachedPlugin_decompressor_raw [4:3] \cpu.vexriscv.IBusCachedPlugin_decompressor_raw [5] \cpu.vexriscv.IBusCachedPlugin_decompressor_raw [2] \cpu.vexriscv.IBusCachedPlugin_decompressor_raw [6] 4'0000 \cpu.vexriscv.IBusCachedPlugin_decompressor_raw [11:7] 3'000 \cpu.vexriscv.IBusCachedPlugin_decompressor_raw [11:7] 7'0010011 }, Y=$flatten\cpu.\vexriscv.$ternary$vexriscv_imc.v:3071$336_Y [28:0]
      New ports: A={ \cpu.vexriscv.IBusCachedPlugin_decompressor_raw [12] \cpu.vexriscv.IBusCachedPlugin_decompressor_raw [12] \cpu.vexriscv.IBusCachedPlugin_decompressor_raw [12] \cpu.vexriscv.IBusCachedPlugin_decompressor_raw [12] \cpu.vexriscv.IBusCachedPlugin_decompressor_raw [12] \cpu.vexriscv.IBusCachedPlugin_decompressor_raw [12] \cpu.vexriscv.IBusCachedPlugin_decompressor_raw [12] \cpu.vexriscv.IBusCachedPlugin_decompressor_raw [12] \cpu.vexriscv.IBusCachedPlugin_decompressor_raw [12] \cpu.vexriscv.IBusCachedPlugin_decompressor_raw [6:2] 1'1 }, B={ \cpu.vexriscv.IBusCachedPlugin_decompressor_raw [4:3] \cpu.vexriscv.IBusCachedPlugin_decompressor_raw [5] \cpu.vexriscv.IBusCachedPlugin_decompressor_raw [2] \cpu.vexriscv.IBusCachedPlugin_decompressor_raw [6] 1'0 \cpu.vexriscv.IBusCachedPlugin_decompressor_raw [11:7] 4'0000 }, Y={ $flatten\cpu.\vexriscv.$ternary$vexriscv_imc.v:3071$336_Y [28:24] $flatten\cpu.\vexriscv.$ternary$vexriscv_imc.v:3071$336_Y [20:12] $flatten\cpu.\vexriscv.$ternary$vexriscv_imc.v:3071$336_Y [2] }
      New connections: { $flatten\cpu.\vexriscv.$ternary$vexriscv_imc.v:3071$336_Y [23:21] $flatten\cpu.\vexriscv.$ternary$vexriscv_imc.v:3071$336_Y [11:3] $flatten\cpu.\vexriscv.$ternary$vexriscv_imc.v:3071$336_Y [1:0] } = { $flatten\cpu.\vexriscv.$ternary$vexriscv_imc.v:3071$336_Y [20] $flatten\cpu.\vexriscv.$ternary$vexriscv_imc.v:3071$336_Y [20] $flatten\cpu.\vexriscv.$ternary$vexriscv_imc.v:3071$336_Y [20] \cpu.vexriscv.IBusCachedPlugin_decompressor_raw [11:7] 1'0 $flatten\cpu.\vexriscv.$ternary$vexriscv_imc.v:3071$336_Y [2] 4'1011 }
    Consolidated identical input bits for $mux cell $flatten\cpu.\vexriscv.$ternary$vexriscv_imc.v:1416$21:
      Old ports: A=3'100, B=3'010, Y=\cpu.vexriscv._zz__zz_execute_SRC1
      New ports: A=2'10, B=2'01, Y=\cpu.vexriscv._zz__zz_execute_SRC1 [2:1]
      New connections: \cpu.vexriscv._zz__zz_execute_SRC1 [0] = 1'0
    Consolidated identical input bits for $mux cell $flatten\cpu.\vexriscv.$ternary$vexriscv_imc.v:1403$13:
      Old ports: A=2'00, B=2'10, Y=\cpu.vexriscv.DBusSimplePlugin_memoryExceptionPort_payload_code [1:0]
      New ports: A=1'0, B=1'1, Y=\cpu.vexriscv.DBusSimplePlugin_memoryExceptionPort_payload_code [1]
      New connections: \cpu.vexriscv.DBusSimplePlugin_memoryExceptionPort_payload_code [0] = 1'0
    Consolidated identical input bits for $mux cell $flatten\cpu.\vexriscv.$ternary$vexriscv_imc.v:1394$12:
      Old ports: A=3'100, B=3'010, Y=\cpu.vexriscv._zz_IBusCachedPlugin_decodePc_pcPlus_1
      New ports: A=2'10, B=2'01, Y=\cpu.vexriscv._zz_IBusCachedPlugin_decodePc_pcPlus_1 [2:1]
      New connections: \cpu.vexriscv._zz_IBusCachedPlugin_decodePc_pcPlus_1 [0] = 1'0
  Optimizing cells in module \top.
    Consolidated identical input bits for $mux cell $flatten\cpu.\vexriscv.$procmux$2234:
      Old ports: A=$flatten\cpu.\vexriscv.$2\CsrPlugin_selfException_payload_code[3:0], B=4'0011, Y=\cpu.vexriscv.CsrPlugin_selfException_payload_code
      New ports: A={ $flatten\cpu.\vexriscv.$2\CsrPlugin_selfException_payload_code[3:0] [0] $flatten\cpu.\vexriscv.$2\CsrPlugin_selfException_payload_code[3:0] [0] }, B=2'01, Y={ \cpu.vexriscv.CsrPlugin_selfException_payload_code [3] \cpu.vexriscv.CsrPlugin_selfException_payload_code [0] }
      New connections: \cpu.vexriscv.CsrPlugin_selfException_payload_code [2:1] = 2'01
    Consolidated identical input bits for $mux cell $flatten\cpu.\vexriscv.$procmux$2446:
      Old ports: A=$flatten\cpu.\vexriscv.$2\execute_BranchPlugin_branch_src2[31:0], B={ \cpu.vexriscv.decode_to_execute_INSTRUCTION [31] \cpu.vexriscv.decode_to_execute_INSTRUCTION [31] \cpu.vexriscv.decode_to_execute_INSTRUCTION [31] \cpu.vexriscv.decode_to_execute_INSTRUCTION [31] \cpu.vexriscv.decode_to_execute_INSTRUCTION [31] \cpu.vexriscv.decode_to_execute_INSTRUCTION [31] \cpu.vexriscv.decode_to_execute_INSTRUCTION [31] \cpu.vexriscv.decode_to_execute_INSTRUCTION [31] \cpu.vexriscv.decode_to_execute_INSTRUCTION [31] \cpu.vexriscv.decode_to_execute_INSTRUCTION [31] \cpu.vexriscv.decode_to_execute_INSTRUCTION [31] \cpu.vexriscv.decode_to_execute_INSTRUCTION [31] \cpu.vexriscv.decode_to_execute_INSTRUCTION [31] \cpu.vexriscv.decode_to_execute_INSTRUCTION [31] \cpu.vexriscv.decode_to_execute_INSTRUCTION [31] \cpu.vexriscv.decode_to_execute_INSTRUCTION [31] \cpu.vexriscv.decode_to_execute_INSTRUCTION [31] \cpu.vexriscv.decode_to_execute_INSTRUCTION [31] \cpu.vexriscv.decode_to_execute_INSTRUCTION [31] \cpu.vexriscv.decode_to_execute_INSTRUCTION [31] \cpu.vexriscv.decode_to_execute_INSTRUCTION [31:20] }, Y=\cpu.vexriscv.execute_BranchPlugin_branch_src2
      New ports: A=$flatten\cpu.\vexriscv.$2\execute_BranchPlugin_branch_src2[31:0] [20:0], B={ \cpu.vexriscv.decode_to_execute_INSTRUCTION [31] \cpu.vexriscv.decode_to_execute_INSTRUCTION [31] \cpu.vexriscv.decode_to_execute_INSTRUCTION [31] \cpu.vexriscv.decode_to_execute_INSTRUCTION [31] \cpu.vexriscv.decode_to_execute_INSTRUCTION [31] \cpu.vexriscv.decode_to_execute_INSTRUCTION [31] \cpu.vexriscv.decode_to_execute_INSTRUCTION [31] \cpu.vexriscv.decode_to_execute_INSTRUCTION [31] \cpu.vexriscv.decode_to_execute_INSTRUCTION [31] \cpu.vexriscv.decode_to_execute_INSTRUCTION [31:20] }, Y=\cpu.vexriscv.execute_BranchPlugin_branch_src2 [20:0]
      New connections: \cpu.vexriscv.execute_BranchPlugin_branch_src2 [31:21] = { \cpu.vexriscv.execute_BranchPlugin_branch_src2 [20] \cpu.vexriscv.execute_BranchPlugin_branch_src2 [20] \cpu.vexriscv.execute_BranchPlugin_branch_src2 [20] \cpu.vexriscv.execute_BranchPlugin_branch_src2 [20] \cpu.vexriscv.execute_BranchPlugin_branch_src2 [20] \cpu.vexriscv.execute_BranchPlugin_branch_src2 [20] \cpu.vexriscv.execute_BranchPlugin_branch_src2 [20] \cpu.vexriscv.execute_BranchPlugin_branch_src2 [20] \cpu.vexriscv.execute_BranchPlugin_branch_src2 [20] \cpu.vexriscv.execute_BranchPlugin_branch_src2 [20] \cpu.vexriscv.execute_BranchPlugin_branch_src2 [20] }
    Consolidated identical input bits for $mux cell $flatten\cpu.\vexriscv.$procmux$2440:
      Old ports: A={ \cpu.vexriscv.decode_to_execute_INSTRUCTION [31] $flatten\cpu.\vexriscv.$ternary$vexriscv_imc.v:3970$579_Y [19:0] }, B={ 18'000000000000000000 \cpu.vexriscv._zz__zz_execute_SRC1 }, Y=$flatten\cpu.\vexriscv.$2\execute_BranchPlugin_branch_src2[31:0] [20:0]
      New ports: A={ \cpu.vexriscv.decode_to_execute_INSTRUCTION [31] $flatten\cpu.\vexriscv.$ternary$vexriscv_imc.v:3970$579_Y [19:11] \cpu.vexriscv.decode_to_execute_INSTRUCTION [30:25] $flatten\cpu.\vexriscv.$ternary$vexriscv_imc.v:3970$579_Y [4:1] }, B={ 18'000000000000000000 \cpu.vexriscv._zz__zz_execute_SRC1 [2:1] }, Y=$flatten\cpu.\vexriscv.$2\execute_BranchPlugin_branch_src2[31:0] [20:1]
      New connections: $flatten\cpu.\vexriscv.$2\execute_BranchPlugin_branch_src2[31:0] [0] = 1'0
    Consolidated identical input bits for $mux cell $flatten\cpu.\vexriscv.$ternary$vexriscv_imc.v:3092$349:
      Old ports: A=$auto$wreduce.cc:514:run$3607 [24:0], B=25'0000100000000000001110011, Y=$auto$wreduce.cc:514:run$3606 [24:0]
      New ports: A={ $auto$wreduce.cc:514:run$3607 [24:15] $auto$wreduce.cc:514:run$3607 [11:7] $auto$wreduce.cc:514:run$3607 [2] $auto$wreduce.cc:514:run$3607 [4] $auto$wreduce.cc:514:run$3607 [2] }, B=18'000010000000000110, Y={ $auto$wreduce.cc:514:run$3606 [24:15] $auto$wreduce.cc:514:run$3606 [11:6] $auto$wreduce.cc:514:run$3606 [4] $auto$wreduce.cc:514:run$3606 [2] }
      New connections: { $auto$wreduce.cc:514:run$3606 [14:12] $auto$wreduce.cc:514:run$3606 [5] $auto$wreduce.cc:514:run$3606 [3] $auto$wreduce.cc:514:run$3606 [1:0] } = 7'0001011
  Optimizing cells in module \top.
    Consolidated identical input bits for $pmux cell $flatten\cpu.\vexriscv.$procmux$2703:
      Old ports: A=0, B={ 2'00 $auto$wreduce.cc:514:run$3610 [29:0] 5'00000 \cpu.vexriscv.IBusCachedPlugin_decompressor_raw [5] \cpu.vexriscv.IBusCachedPlugin_decompressor_raw [12:10] \cpu.vexriscv.IBusCachedPlugin_decompressor_raw [6] 4'0001 \cpu.vexriscv.IBusCachedPlugin_decompressor_raw [9:7] 5'01001 \cpu.vexriscv.IBusCachedPlugin_decompressor_raw [4:2] 12'000001100000 \cpu.vexriscv.IBusCachedPlugin_decompressor_raw [5] \cpu.vexriscv.IBusCachedPlugin_decompressor_raw [12] 2'01 \cpu.vexriscv.IBusCachedPlugin_decompressor_raw [4:2] 2'01 \cpu.vexriscv.IBusCachedPlugin_decompressor_raw [9:7] 3'010 \cpu.vexriscv.IBusCachedPlugin_decompressor_raw [11:10] \cpu.vexriscv.IBusCachedPlugin_decompressor_raw [6] 9'000100011 \cpu.vexriscv.IBusCachedPlugin_decompressor_raw [12] \cpu.vexriscv.IBusCachedPlugin_decompressor_raw [12] \cpu.vexriscv.IBusCachedPlugin_decompressor_raw [12] \cpu.vexriscv.IBusCachedPlugin_decompressor_raw [12] \cpu.vexriscv.IBusCachedPlugin_decompressor_raw [12] \cpu.vexriscv.IBusCachedPlugin_decompressor_raw [12] \cpu.vexriscv.IBusCachedPlugin_decompressor_raw [12] \cpu.vexriscv.IBusCachedPlugin_decompressor_raw [6:2] \cpu.vexriscv.IBusCachedPlugin_decompressor_raw [11:7] 3'000 \cpu.vexriscv.IBusCachedPlugin_decompressor_raw [11:7] 7'0010011 \cpu.vexriscv.IBusCachedPlugin_decompressor_raw [12] \cpu.vexriscv.IBusCachedPlugin_decompressor_raw [8] \cpu.vexriscv.IBusCachedPlugin_decompressor_raw [10:9] \cpu.vexriscv.IBusCachedPlugin_decompressor_raw [6] \cpu.vexriscv.IBusCachedPlugin_decompressor_raw [7] \cpu.vexriscv.IBusCachedPlugin_decompressor_raw [2] \cpu.vexriscv.IBusCachedPlugin_decompressor_raw [11] \cpu.vexriscv.IBusCachedPlugin_decompressor_raw [5:3] \cpu.vexriscv.IBusCachedPlugin_decompressor_raw [12] \cpu.vexriscv.IBusCachedPlugin_decompressor_raw [12] \cpu.vexriscv.IBusCachedPlugin_decompressor_raw [12] \cpu.vexriscv.IBusCachedPlugin_decompressor_raw [12] \cpu.vexriscv.IBusCachedPlugin_decompressor_raw [12] \cpu.vexriscv.IBusCachedPlugin_decompressor_raw [12] \cpu.vexriscv.IBusCachedPlugin_decompressor_raw [12] \cpu.vexriscv.IBusCachedPlugin_decompressor_raw [12] \cpu.vexriscv.IBusCachedPlugin_decompressor_raw [12] 12'000011101111 \cpu.vexriscv.IBusCachedPlugin_decompressor_raw [12] \cpu.vexriscv.IBusCachedPlugin_decompressor_raw [12] \cpu.vexriscv.IBusCachedPlugin_decompressor_raw [12] \cpu.vexriscv.IBusCachedPlugin_decompressor_raw [12] \cpu.vexriscv.IBusCachedPlugin_decompressor_raw [12] \cpu.vexriscv.IBusCachedPlugin_decompressor_raw [12] \cpu.vexriscv.IBusCachedPlugin_decompressor_raw [12] \cpu.vexriscv.IBusCachedPlugin_decompressor_raw [6:2] 8'00000000 \cpu.vexriscv.IBusCachedPlugin_decompressor_raw [11:7] 7'0010011 \cpu.vexriscv.IBusCachedPlugin_decompressor_raw [12] \cpu.vexriscv.IBusCachedPlugin_decompressor_raw [12] \cpu.vexriscv.IBusCachedPlugin_decompressor_raw [12] $flatten\cpu.\vexriscv.$ternary$vexriscv_imc.v:3071$336_Y [28:0] $flatten\cpu.\vexriscv.$ternary$vexriscv_imc.v:3074$343_Y $flatten\cpu.\vexriscv.$ternary$vexriscv_imc.v:3074$340_Y 2'01 \cpu.vexriscv.IBusCachedPlugin_decompressor_raw [9:7] \cpu.vexriscv._zz_IBusCachedPlugin_decompressor_decompressed_24 2'01 \cpu.vexriscv.IBusCachedPlugin_decompressor_raw [9:7] 1'0 $auto$wreduce.cc:514:run$3609 [5:0] \cpu.vexriscv.IBusCachedPlugin_decompressor_raw [12] \cpu.vexriscv.IBusCachedPlugin_decompressor_raw [8] \cpu.vexriscv.IBusCachedPlugin_decompressor_raw [10:9] \cpu.vexriscv.IBusCachedPlugin_decompressor_raw [6] \cpu.vexriscv.IBusCachedPlugin_decompressor_raw [7] \cpu.vexriscv.IBusCachedPlugin_decompressor_raw [2] \cpu.vexriscv.IBusCachedPlugin_decompressor_raw [11] \cpu.vexriscv.IBusCachedPlugin_decompressor_raw [5:3] \cpu.vexriscv.IBusCachedPlugin_decompressor_raw [12] \cpu.vexriscv.IBusCachedPlugin_decompressor_raw [12] \cpu.vexriscv.IBusCachedPlugin_decompressor_raw [12] \cpu.vexriscv.IBusCachedPlugin_decompressor_raw [12] \cpu.vexriscv.IBusCachedPlugin_decompressor_raw [12] \cpu.vexriscv.IBusCachedPlugin_decompressor_raw [12] \cpu.vexriscv.IBusCachedPlugin_decompressor_raw [12] \cpu.vexriscv.IBusCachedPlugin_decompressor_raw [12] \cpu.vexriscv.IBusCachedPlugin_decompressor_raw [12] 12'000001101111 \cpu.vexriscv.IBusCachedPlugin_decompressor_raw [12] \cpu.vexriscv.IBusCachedPlugin_decompressor_raw [12] \cpu.vexriscv.IBusCachedPlugin_decompressor_raw [12] \cpu.vexriscv.IBusCachedPlugin_decompressor_raw [12] \cpu.vexriscv.IBusCachedPlugin_decompressor_raw [6:5] \cpu.vexriscv.IBusCachedPlugin_decompressor_raw [2] 7'0000001 \cpu.vexriscv.IBusCachedPlugin_decompressor_raw [9:7] 3'000 \cpu.vexriscv.IBusCachedPlugin_decompressor_raw [11:10] \cpu.vexriscv.IBusCachedPlugin_decompressor_raw [4:3] \cpu.vexriscv.IBusCachedPlugin_decompressor_raw [12] 7'1100011 \cpu.vexriscv.IBusCachedPlugin_decompressor_raw [12] \cpu.vexriscv.IBusCachedPlugin_decompressor_raw [12] \cpu.vexriscv.IBusCachedPlugin_decompressor_raw [12] \cpu.vexriscv.IBusCachedPlugin_decompressor_raw [12] \cpu.vexriscv.IBusCachedPlugin_decompressor_raw [6:5] \cpu.vexriscv.IBusCachedPlugin_decompressor_raw [2] 7'0000001 \cpu.vexriscv.IBusCachedPlugin_decompressor_raw [9:7] 3'001 \cpu.vexriscv.IBusCachedPlugin_decompressor_raw [11:10] \cpu.vexriscv.IBusCachedPlugin_decompressor_raw [4:3] \cpu.vexriscv.IBusCachedPlugin_decompressor_raw [12] 14'11000110000000 \cpu.vexriscv.IBusCachedPlugin_decompressor_raw [6:2] \cpu.vexriscv.IBusCachedPlugin_decompressor_raw [11:7] 3'001 \cpu.vexriscv.IBusCachedPlugin_decompressor_raw [11:7] 11'00100110000 \cpu.vexriscv.IBusCachedPlugin_decompressor_raw [3:2] \cpu.vexriscv.IBusCachedPlugin_decompressor_raw [12] \cpu.vexriscv.IBusCachedPlugin_decompressor_raw [6:4] 10'0000010010 \cpu.vexriscv.IBusCachedPlugin_decompressor_raw [11:7] 14'00000110000000 $auto$wreduce.cc:514:run$3606 [24:0] 4'0000 \cpu.vexriscv.IBusCachedPlugin_decompressor_raw [8:7] \cpu.vexriscv.IBusCachedPlugin_decompressor_raw [12] \cpu.vexriscv.IBusCachedPlugin_decompressor_raw [6:2] 8'00010010 \cpu.vexriscv.IBusCachedPlugin_decompressor_raw [11:9] 9'000100011 }, Y=\cpu.vexriscv.IBusCachedPlugin_decompressor_decompressed
      New ports: A=31'0000000000000000000000000000000, B={ 2'00 $auto$wreduce.cc:514:run$3610 [29:22] 5'00000 $auto$wreduce.cc:514:run$3610 [0] 5'00000 $auto$wreduce.cc:514:run$3610 [0] $auto$wreduce.cc:514:run$3610 [9:7] 2'00 $auto$wreduce.cc:514:run$3610 [0] 2'00 $auto$wreduce.cc:514:run$3610 [0] 5'00000 \cpu.vexriscv.IBusCachedPlugin_decompressor_raw [5] \cpu.vexriscv.IBusCachedPlugin_decompressor_raw [12:10] \cpu.vexriscv.IBusCachedPlugin_decompressor_raw [6] 4'0001 \cpu.vexriscv.IBusCachedPlugin_decompressor_raw [9:7] 5'01001 \cpu.vexriscv.IBusCachedPlugin_decompressor_raw [4:2] 11'00000100000 \cpu.vexriscv.IBusCachedPlugin_decompressor_raw [5] \cpu.vexriscv.IBusCachedPlugin_decompressor_raw [12] 2'01 \cpu.vexriscv.IBusCachedPlugin_decompressor_raw [4:2] 2'01 \cpu.vexriscv.IBusCachedPlugin_decompressor_raw [9:7] 3'010 \cpu.vexriscv.IBusCachedPlugin_decompressor_raw [11:10] \cpu.vexriscv.IBusCachedPlugin_decompressor_raw [6] 8'00010001 \cpu.vexriscv.IBusCachedPlugin_decompressor_raw [12] \cpu.vexriscv.IBusCachedPlugin_decompressor_raw [12] \cpu.vexriscv.IBusCachedPlugin_decompressor_raw [12] \cpu.vexriscv.IBusCachedPlugin_decompressor_raw [12] \cpu.vexriscv.IBusCachedPlugin_decompressor_raw [12] \cpu.vexriscv.IBusCachedPlugin_decompressor_raw [12] \cpu.vexriscv.IBusCachedPlugin_decompressor_raw [12] \cpu.vexriscv.IBusCachedPlugin_decompressor_raw [6:2] \cpu.vexriscv.IBusCachedPlugin_decompressor_raw [11:7] 3'000 \cpu.vexriscv.IBusCachedPlugin_decompressor_raw [11:7] 6'001001 \cpu.vexriscv.IBusCachedPlugin_decompressor_raw [12] \cpu.vexriscv.IBusCachedPlugin_decompressor_raw [8] \cpu.vexriscv.IBusCachedPlugin_decompressor_raw [10:9] \cpu.vexriscv.IBusCachedPlugin_decompressor_raw [6] \cpu.vexriscv.IBusCachedPlugin_decompressor_raw [7] \cpu.vexriscv.IBusCachedPlugin_decompressor_raw [2] \cpu.vexriscv.IBusCachedPlugin_decompressor_raw [11] \cpu.vexriscv.IBusCachedPlugin_decompressor_raw [5:3] \cpu.vexriscv.IBusCachedPlugin_decompressor_raw [12] \cpu.vexriscv.IBusCachedPlugin_decompressor_raw [12] \cpu.vexriscv.IBusCachedPlugin_decompressor_raw [12] \cpu.vexriscv.IBusCachedPlugin_decompressor_raw [12] \cpu.vexriscv.IBusCachedPlugin_decompressor_raw [12] \cpu.vexriscv.IBusCachedPlugin_decompressor_raw [12] \cpu.vexriscv.IBusCachedPlugin_decompressor_raw [12] \cpu.vexriscv.IBusCachedPlugin_decompressor_raw [12] \cpu.vexriscv.IBusCachedPlugin_decompressor_raw [12] 11'00001110111 \cpu.vexriscv.IBusCachedPlugin_decompressor_raw [12] \cpu.vexriscv.IBusCachedPlugin_decompressor_raw [12] \cpu.vexriscv.IBusCachedPlugin_decompressor_raw [12] \cpu.vexriscv.IBusCachedPlugin_decompressor_raw [12] \cpu.vexriscv.IBusCachedPlugin_decompressor_raw [12] \cpu.vexriscv.IBusCachedPlugin_decompressor_raw [12] \cpu.vexriscv.IBusCachedPlugin_decompressor_raw [12] \cpu.vexriscv.IBusCachedPlugin_decompressor_raw [6:2] 8'00000000 \cpu.vexriscv.IBusCachedPlugin_decompressor_raw [11:7] 6'001001 \cpu.vexriscv.IBusCachedPlugin_decompressor_raw [12] \cpu.vexriscv.IBusCachedPlugin_decompressor_raw [12] \cpu.vexriscv.IBusCachedPlugin_decompressor_raw [12] $flatten\cpu.\vexriscv.$ternary$vexriscv_imc.v:3071$336_Y [28:24] $flatten\cpu.\vexriscv.$ternary$vexriscv_imc.v:3071$336_Y [20] $flatten\cpu.\vexriscv.$ternary$vexriscv_imc.v:3071$336_Y [20] $flatten\cpu.\vexriscv.$ternary$vexriscv_imc.v:3071$336_Y [20] $flatten\cpu.\vexriscv.$ternary$vexriscv_imc.v:3071$336_Y [20:12] \cpu.vexriscv.IBusCachedPlugin_decompressor_raw [11:7] 1'0 $flatten\cpu.\vexriscv.$ternary$vexriscv_imc.v:3071$336_Y [2] 2'10 $flatten\cpu.\vexriscv.$ternary$vexriscv_imc.v:3071$336_Y [2] 1'1 $flatten\cpu.\vexriscv.$ternary$vexriscv_imc.v:3074$343_Y [0] $flatten\cpu.\vexriscv.$ternary$vexriscv_imc.v:3074$343_Y [5] $flatten\cpu.\vexriscv.$ternary$vexriscv_imc.v:3074$343_Y [0] $flatten\cpu.\vexriscv.$ternary$vexriscv_imc.v:3074$343_Y [0] $flatten\cpu.\vexriscv.$ternary$vexriscv_imc.v:3074$343_Y [0] $flatten\cpu.\vexriscv.$ternary$vexriscv_imc.v:3074$343_Y [0] $flatten\cpu.\vexriscv.$ternary$vexriscv_imc.v:3074$343_Y [0] $flatten\cpu.\vexriscv.$ternary$vexriscv_imc.v:3074$340_Y [4:3] \cpu.vexriscv.IBusCachedPlugin_decompressor_raw [4:2] 2'01 \cpu.vexriscv.IBusCachedPlugin_decompressor_raw [9:7] \cpu.vexriscv._zz_IBusCachedPlugin_decompressor_decompressed_24 2'01 \cpu.vexriscv.IBusCachedPlugin_decompressor_raw [9:7] 1'0 $auto$wreduce.cc:514:run$3609 [5] 4'1001 \cpu.vexriscv.IBusCachedPlugin_decompressor_raw [12] \cpu.vexriscv.IBusCachedPlugin_decompressor_raw [8] \cpu.vexriscv.IBusCachedPlugin_decompressor_raw [10:9] \cpu.vexriscv.IBusCachedPlugin_decompressor_raw [6] \cpu.vexriscv.IBusCachedPlugin_decompressor_raw [7] \cpu.vexriscv.IBusCachedPlugin_decompressor_raw [2] \cpu.vexriscv.IBusCachedPlugin_decompressor_raw [11] \cpu.vexriscv.IBusCachedPlugin_decompressor_raw [5:3] \cpu.vexriscv.IBusCachedPlugin_decompressor_raw [12] \cpu.vexriscv.IBusCachedPlugin_decompressor_raw [12] \cpu.vexriscv.IBusCachedPlugin_decompressor_raw [12] \cpu.vexriscv.IBusCachedPlugin_decompressor_raw [12] \cpu.vexriscv.IBusCachedPlugin_decompressor_raw [12] \cpu.vexriscv.IBusCachedPlugin_decompressor_raw [12] \cpu.vexriscv.IBusCachedPlugin_decompressor_raw [12] \cpu.vexriscv.IBusCachedPlugin_decompressor_raw [12] \cpu.vexriscv.IBusCachedPlugin_decompressor_raw [12] 11'00000110111 \cpu.vexriscv.IBusCachedPlugin_decompressor_raw [12] \cpu.vexriscv.IBusCachedPlugin_decompressor_raw [12] \cpu.vexriscv.IBusCachedPlugin_decompressor_raw [12] \cpu.vexriscv.IBusCachedPlugin_decompressor_raw [12] \cpu.vexriscv.IBusCachedPlugin_decompressor_raw [6:5] \cpu.vexriscv.IBusCachedPlugin_decompressor_raw [2] 7'0000001 \cpu.vexriscv.IBusCachedPlugin_decompressor_raw [9:7] 3'000 \cpu.vexriscv.IBusCachedPlugin_decompressor_raw [11:10] \cpu.vexriscv.IBusCachedPlugin_decompressor_raw [4:3] \cpu.vexriscv.IBusCachedPlugin_decompressor_raw [12] 6'110001 \cpu.vexriscv.IBusCachedPlugin_decompressor_raw [12] \cpu.vexriscv.IBusCachedPlugin_decompressor_raw [12] \cpu.vexriscv.IBusCachedPlugin_decompressor_raw [12] \cpu.vexriscv.IBusCachedPlugin_decompressor_raw [12] \cpu.vexriscv.IBusCachedPlugin_decompressor_raw [6:5] \cpu.vexriscv.IBusCachedPlugin_decompressor_raw [2] 7'0000001 \cpu.vexriscv.IBusCachedPlugin_decompressor_raw [9:7] 3'001 \cpu.vexriscv.IBusCachedPlugin_decompressor_raw [11:10] \cpu.vexriscv.IBusCachedPlugin_decompressor_raw [4:3] \cpu.vexriscv.IBusCachedPlugin_decompressor_raw [12] 13'1100010000000 \cpu.vexriscv.IBusCachedPlugin_decompressor_raw [6:2] \cpu.vexriscv.IBusCachedPlugin_decompressor_raw [11:7] 3'001 \cpu.vexriscv.IBusCachedPlugin_decompressor_raw [11:7] 10'0010010000 \cpu.vexriscv.IBusCachedPlugin_decompressor_raw [3:2] \cpu.vexriscv.IBusCachedPlugin_decompressor_raw [12] \cpu.vexriscv.IBusCachedPlugin_decompressor_raw [6:4] 10'0000010010 \cpu.vexriscv.IBusCachedPlugin_decompressor_raw [11:7] 13'0000010000000 $auto$wreduce.cc:514:run$3606 [24:15] 3'000 $auto$wreduce.cc:514:run$3606 [11:6] 1'1 $auto$wreduce.cc:514:run$3606 [4] 1'0 $auto$wreduce.cc:514:run$3606 [2] 5'10000 \cpu.vexriscv.IBusCachedPlugin_decompressor_raw [8:7] \cpu.vexriscv.IBusCachedPlugin_decompressor_raw [12] \cpu.vexriscv.IBusCachedPlugin_decompressor_raw [6:2] 8'00010010 \cpu.vexriscv.IBusCachedPlugin_decompressor_raw [11:9] 8'00010001 }, Y={ \cpu.vexriscv.IBusCachedPlugin_decompressor_decompressed [31:2] \cpu.vexriscv.IBusCachedPlugin_decompressor_decompressed [0] }
      New connections: \cpu.vexriscv.IBusCachedPlugin_decompressor_decompressed [1] = \cpu.vexriscv.IBusCachedPlugin_decompressor_decompressed [0]
    Consolidated identical input bits for $mux cell $flatten\cpu.\vexriscv.$procmux$1682:
      Old ports: A=$flatten\cpu.\vexriscv.$procmux$1680_Y, B=\cpu.vexriscv.CsrPlugin_selfException_payload_code, Y=$flatten\cpu.\vexriscv.$procmux$1682_Y
      New ports: A={ 1'0 $flatten\cpu.\vexriscv.$procmux$1680_Y [1:0] }, B={ \cpu.vexriscv.CsrPlugin_selfException_payload_code [3] 1'1 \cpu.vexriscv.CsrPlugin_selfException_payload_code [0] }, Y={ $flatten\cpu.\vexriscv.$procmux$1682_Y [3] $flatten\cpu.\vexriscv.$procmux$1682_Y [1:0] }
      New connections: $flatten\cpu.\vexriscv.$procmux$1682_Y [2] = 1'0
  Optimizing cells in module \top.
Performed a total of 28 changes.

3.32.5. Executing OPT_MERGE pass (detect identical cells).
Finding identical cells in module `\top'.
Computing hashes of 1053 cells of `\top'.
Finding duplicate cells in `\top'.
Removed a total of 0 cells.

3.32.6. Executing OPT_DFF pass (perform DFF optimizations).

3.32.7. Executing OPT_CLEAN pass (remove unused cells and wires).
Finding unused cells or wires in module \top..
Removed 1 unused cells and 1 unused wires.
<suppressed ~2 debug messages>

3.32.8. Executing OPT_EXPR pass (perform const folding).
Optimizing module top.
<suppressed ~25 debug messages>

3.32.9. Rerunning OPT passes. (Maybe there is more to do..)

3.32.10. Executing OPT_MUXTREE pass (detect dead branches in mux trees).
Running muxtree optimizer on module \top..
  Creating internal representation of mux trees.
  Evaluating internal representation of mux trees.
  Analyzing evaluation results.
Removed 0 multiplexer ports.
<suppressed ~1030 debug messages>

3.32.11. Executing OPT_REDUCE pass (consolidate $*mux and $reduce_* inputs).
  Optimizing cells in module \top.
Performed a total of 0 changes.

3.32.12. Executing OPT_MERGE pass (detect identical cells).
Finding identical cells in module `\top'.
Computing hashes of 1044 cells of `\top'.
Finding duplicate cells in `\top'.
Removed a total of 0 cells.

3.32.13. Executing OPT_DFF pass (perform DFF optimizations).
Adding EN signal on $auto$ff.cc:337:slice$3388 ($sdffe) from module top (D = $flatten\cpu.\vexriscv.$procmux$2045_Y [0], Q = \cpu.vexriscv.IBusCachedPlugin_decodePc_pcReg [0]).
Adding SRST signal on $auto$ff.cc:337:slice$4273 ($dffe) from module top (D = $flatten\cpu.\vexriscv.$procmux$1682_Y [0], Q = \cpu.vexriscv.CsrPlugin_exceptionPortCtrl_exceptionContext_code [0], rval = 1'0).

3.32.14. Executing OPT_CLEAN pass (remove unused cells and wires).
Finding unused cells or wires in module \top..
Removed 0 unused cells and 8 unused wires.
<suppressed ~1 debug messages>

3.32.15. Executing OPT_EXPR pass (perform const folding).
Optimizing module top.
<suppressed ~1 debug messages>

3.32.16. Rerunning OPT passes. (Maybe there is more to do..)

3.32.17. Executing OPT_MUXTREE pass (detect dead branches in mux trees).
Running muxtree optimizer on module \top..
  Creating internal representation of mux trees.
  Evaluating internal representation of mux trees.
  Analyzing evaluation results.
Removed 0 multiplexer ports.
<suppressed ~1030 debug messages>

3.32.18. Executing OPT_REDUCE pass (consolidate $*mux and $reduce_* inputs).
  Optimizing cells in module \top.
Performed a total of 0 changes.

3.32.19. Executing OPT_MERGE pass (detect identical cells).
Finding identical cells in module `\top'.
Computing hashes of 1047 cells of `\top'.
Finding duplicate cells in `\top'.
Removed a total of 0 cells.

3.32.20. Executing OPT_DFF pass (perform DFF optimizations).

3.32.21. Executing OPT_CLEAN pass (remove unused cells and wires).
Finding unused cells or wires in module \top..
Removed 0 unused cells and 1 unused wires.
<suppressed ~1 debug messages>

3.32.22. Executing OPT_EXPR pass (perform const folding).
Optimizing module top.

3.32.23. Rerunning OPT passes. (Maybe there is more to do..)

3.32.24. Executing OPT_MUXTREE pass (detect dead branches in mux trees).
Running muxtree optimizer on module \top..
  Creating internal representation of mux trees.
  Evaluating internal representation of mux trees.
  Analyzing evaluation results.
Removed 0 multiplexer ports.
<suppressed ~1030 debug messages>

3.32.25. Executing OPT_REDUCE pass (consolidate $*mux and $reduce_* inputs).
  Optimizing cells in module \top.
Performed a total of 0 changes.

3.32.26. Executing OPT_MERGE pass (detect identical cells).
Finding identical cells in module `\top'.
Computing hashes of 1047 cells of `\top'.
Finding duplicate cells in `\top'.
Removed a total of 0 cells.

3.32.27. Executing OPT_DFF pass (perform DFF optimizations).

3.32.28. Executing OPT_CLEAN pass (remove unused cells and wires).
Finding unused cells or wires in module \top..

3.32.29. Executing OPT_EXPR pass (perform const folding).
Optimizing module top.

3.32.30. Finished fast OPT passes. (There is nothing left to do.)

3.33. Executing TECHMAP pass (map to technology primitives).

3.33.1. Executing Verilog-2005 frontend: /home/dan/opt/oss-cad-suite/lib/../share/yosys/techmap.v
Parsing Verilog input from `/home/dan/opt/oss-cad-suite/lib/../share/yosys/techmap.v' to AST representation.
Generating RTLIL representation for module `\_90_simplemap_bool_ops'.
Generating RTLIL representation for module `\_90_simplemap_reduce_ops'.
Generating RTLIL representation for module `\_90_simplemap_logic_ops'.
Generating RTLIL representation for module `\_90_simplemap_compare_ops'.
Generating RTLIL representation for module `\_90_simplemap_various'.
Generating RTLIL representation for module `\_90_simplemap_registers'.
Generating RTLIL representation for module `\_90_shift_ops_shr_shl_sshl_sshr'.
Generating RTLIL representation for module `\_90_shift_shiftx'.
Generating RTLIL representation for module `\_90_fa'.
Generating RTLIL representation for module `\_90_lcu_brent_kung'.
Generating RTLIL representation for module `\_90_alu'.
Generating RTLIL representation for module `\_90_macc'.
Generating RTLIL representation for module `\_90_alumacc'.
Generating RTLIL representation for module `$__div_mod_u'.
Generating RTLIL representation for module `$__div_mod_trunc'.
Generating RTLIL representation for module `\_90_div'.
Generating RTLIL representation for module `\_90_mod'.
Generating RTLIL representation for module `$__div_mod_floor'.
Generating RTLIL representation for module `\_90_divfloor'.
Generating RTLIL representation for module `\_90_modfloor'.
Generating RTLIL representation for module `\_90_pow'.
Generating RTLIL representation for module `\_90_demux'.
Generating RTLIL representation for module `\_90_lut'.
Generating RTLIL representation for module `$connect'.
Generating RTLIL representation for module `$input_port'.
Successfully finished Verilog frontend.

3.33.2. Executing Verilog-2005 frontend: /home/dan/opt/oss-cad-suite/lib/../share/yosys/lattice/arith_map_ccu2c.v
Parsing Verilog input from `/home/dan/opt/oss-cad-suite/lib/../share/yosys/lattice/arith_map_ccu2c.v' to AST representation.
Generating RTLIL representation for module `\_80_ccu2c_alu'.
Successfully finished Verilog frontend.

3.33.3. Continuing TECHMAP pass.
Using extmapper simplemap for cells of type $dffe.
Using extmapper simplemap for cells of type $sdffce.
Using extmapper simplemap for cells of type $sdffe.
Using extmapper simplemap for cells of type $reduce_and.
Using extmapper simplemap for cells of type $or.
Using extmapper simplemap for cells of type $dff.
Using extmapper simplemap for cells of type $reduce_bool.
Using extmapper simplemap for cells of type $mux.
Using template $paramod$824a2ca00d29d886599434cf8ea60471635f2955\_90_demux for cells of type $demux.
Using extmapper simplemap for cells of type $and.
Using extmapper simplemap for cells of type $eq.
Using template $paramod$b8c0a997bce700f23568a5ada79cc6781d1f5ca0\_90_alu for cells of type $alu.
Using template $paramod$fc972a7a46956c1788f3cb5257b53c8f1df2d0cc\_90_alu for cells of type $alu.
Using template $paramod$6a42b6fefed750f8a1c58eab59479d960557103c\_80_ccu2c_alu for cells of type $alu.
Using template $paramod$44a13d10af618e7fbe7b9aad2f6151ffcee1e2fa\_80_ccu2c_alu for cells of type $alu.
Using template $paramod$d901baf1fb63991ac0a40d2e3f4807d372bb57a2\_80_ccu2c_alu for cells of type $alu.
Using template $paramod$ebf89ea36a793f0f77858f212141d47c833068ad\_80_ccu2c_alu for cells of type $alu.
Using template $paramod$fbc7873bff55778c0b3173955b7e4bce1d9d6834\_80_ccu2c_alu for cells of type $alu.
Using template $paramod$9e063c849228667263119758c3ef2ce4bde04054\_80_ccu2c_alu for cells of type $alu.
Using template $paramod$32efbfac1c4dc57230cf86180788fdfd12e3b511\_80_ccu2c_alu for cells of type $alu.
Using template $paramod$ba2b8c117ce4915aa78c6334bae512cf5c3ff68e\_80_ccu2c_alu for cells of type $alu.
Using template $paramod$3ef7d3dd227da7627a99c5e5a6a4deb817573e39\_90_alu for cells of type $alu.
Using template $paramod$c3cd1564c35d873179656addd6052d7ea8b6d991\_80_ccu2c_alu for cells of type $alu.
Using template $paramod$cc80a4e89b0341cb117f5d28b0e7244620640141\_80_ccu2c_alu for cells of type $alu.
Using extmapper simplemap for cells of type $reduce_or.
Using extmapper simplemap for cells of type $not.
Using template $paramod$7af24cf7f572852703f08ef7a936c59efa2c57af\_90_alu for cells of type $alu.
Using extmapper maccmap for cells of type $macc_v2.
  add \cpu.vexriscv._zz_execute_SRC1 (32 bits, signed)
  add { 1'0 \cpu.vexriscv.decode_to_execute_SRC_USE_SUB_LESS } (2 bits, signed)
  add \cpu.vexriscv._zz_execute_SrcPlugin_addSub_3 (32 bits, signed)
  packed 1 (1) bits / 1 words into adder tree
  add { 1'0 \cpu.vexriscv.execute_to_memory_MUL_LL } (33 bits, signed)
  add { \cpu.vexriscv.execute_to_memory_MUL_HL 16'0000000000000000 } (50 bits, signed)
  add { \cpu.vexriscv.execute_to_memory_MUL_LH 16'0000000000000000 } (50 bits, signed)
Using extmapper simplemap for cells of type $sdff.
Using extmapper simplemap for cells of type $ne.
Using template $paramod$constmap:23117d34f5e3bf9492dd8104363ead425feb8cda$paramod$455891ae50d34e43581a517459d55825f76fa58e\_90_shift_ops_shr_shl_sshl_sshr for cells of type $sshr.
Using extmapper simplemap for cells of type $logic_and.
Using extmapper simplemap for cells of type $logic_not.
Using extmapper simplemap for cells of type $logic_or.
Using extmapper simplemap for cells of type $xor.
Using extmapper simplemap for cells of type $pmux.
Using extmapper simplemap for cells of type $lut.
Using template $paramod\_90_fa\WIDTH=32'00000000000000000000000000110100 for cells of type $fa.
Using template $paramod$cc23faa4302ed2a717f4fd0b175ca8ec4dc7bbd3\_80_ccu2c_alu for cells of type $alu.
Using extmapper simplemap for cells of type $pos.
Using template $paramod\_90_fa\WIDTH=32'00000000000000000000000000000011 for cells of type $fa.
Using template $paramod\_90_lcu_brent_kung\WIDTH=32'00000000000000000000000000000011 for cells of type $lcu.
Using template $paramod\_90_fa\WIDTH=32'00000000000000000000000000000001 for cells of type $fa.
Using template $paramod\_90_lcu_brent_kung\WIDTH=32'00000000000000000000000000000001 for cells of type $lcu.
No more expansions possible.
<suppressed ~3311 debug messages>

3.34. Executing OPT pass (performing simple optimizations).

3.34.1. Executing OPT_EXPR pass (perform const folding).
Optimizing module top.
<suppressed ~3692 debug messages>

3.34.2. Executing OPT_MERGE pass (detect identical cells).
Finding identical cells in module `\top'.
Computing hashes of 10503 cells of `\top'.
Finding duplicate cells in `\top'.
Computing hashes of 9780 cells of `\top'.
Finding duplicate cells in `\top'.
Computing hashes of 9565 cells of `\top'.
Finding duplicate cells in `\top'.
Computing hashes of 9485 cells of `\top'.
Finding duplicate cells in `\top'.
Computing hashes of 9477 cells of `\top'.
Finding duplicate cells in `\top'.
Computing hashes of 9475 cells of `\top'.
Finding duplicate cells in `\top'.
<suppressed ~3084 debug messages>
Removed a total of 1028 cells.

3.34.3. Executing OPT_DFF pass (perform DFF optimizations).

3.34.4. Executing OPT_CLEAN pass (remove unused cells and wires).
Finding unused cells or wires in module \top..
Removed 1261 unused cells and 2997 unused wires.
<suppressed ~1269 debug messages>

3.34.5. Finished fast OPT passes.

3.35. Executing OPT_CLEAN pass (remove unused cells and wires).
Finding unused cells or wires in module \top..

3.36. Executing DFFLEGALIZE pass (convert FFs to types supported by the target).

3.37. Executing OPT_MERGE pass (detect identical cells).
Finding identical cells in module `\top'.
Computing hashes of 8506 cells of `\top'.
Finding duplicate cells in `\top'.
Computing hashes of 8219 cells of `\top'.
Finding duplicate cells in `\top'.
<suppressed ~861 debug messages>
Removed a total of 287 cells.

3.38. Executing TECHMAP pass (map to technology primitives).

3.38.1. Executing Verilog-2005 frontend: /home/dan/opt/oss-cad-suite/lib/../share/yosys/lattice/cells_map_trellis.v
Parsing Verilog input from `/home/dan/opt/oss-cad-suite/lib/../share/yosys/lattice/cells_map_trellis.v' to AST representation.
Generating RTLIL representation for module `$_DFF_N_'.
Generating RTLIL representation for module `$_DFF_P_'.
Generating RTLIL representation for module `$_DFFE_NN_'.
Generating RTLIL representation for module `$_DFFE_PN_'.
Generating RTLIL representation for module `$_DFFE_NP_'.
Generating RTLIL representation for module `$_DFFE_PP_'.
Generating RTLIL representation for module `$_DFF_NP0_'.
Generating RTLIL representation for module `$_DFF_NP1_'.
Generating RTLIL representation for module `$_DFF_PP0_'.
Generating RTLIL representation for module `$_DFF_PP1_'.
Generating RTLIL representation for module `$_SDFF_NP0_'.
Generating RTLIL representation for module `$_SDFF_NP1_'.
Generating RTLIL representation for module `$_SDFF_PP0_'.
Generating RTLIL representation for module `$_SDFF_PP1_'.
Generating RTLIL representation for module `$_DFFE_NP0P_'.
Generating RTLIL representation for module `$_DFFE_NP1P_'.
Generating RTLIL representation for module `$_DFFE_PP0P_'.
Generating RTLIL representation for module `$_DFFE_PP1P_'.
Generating RTLIL representation for module `$_DFFE_NP0N_'.
Generating RTLIL representation for module `$_DFFE_NP1N_'.
Generating RTLIL representation for module `$_DFFE_PP0N_'.
Generating RTLIL representation for module `$_DFFE_PP1N_'.
Generating RTLIL representation for module `$_SDFFE_NP0P_'.
Generating RTLIL representation for module `$_SDFFE_NP1P_'.
Generating RTLIL representation for module `$_SDFFE_PP0P_'.
Generating RTLIL representation for module `$_SDFFE_PP1P_'.
Generating RTLIL representation for module `$_SDFFE_NP0N_'.
Generating RTLIL representation for module `$_SDFFE_NP1N_'.
Generating RTLIL representation for module `$_SDFFE_PP0N_'.
Generating RTLIL representation for module `$_SDFFE_PP1N_'.
Generating RTLIL representation for module `$_ALDFF_NP_'.
Generating RTLIL representation for module `$_ALDFF_PP_'.
Generating RTLIL representation for module `$_ALDFFE_NPN_'.
Generating RTLIL representation for module `$_ALDFFE_NPP_'.
Generating RTLIL representation for module `$_ALDFFE_PPN_'.
Generating RTLIL representation for module `$_ALDFFE_PPP_'.
Generating RTLIL representation for module `\FD1P3AX'.
Generating RTLIL representation for module `\FD1P3AY'.
Generating RTLIL representation for module `\FD1P3BX'.
Generating RTLIL representation for module `\FD1P3DX'.
Generating RTLIL representation for module `\FD1P3IX'.
Generating RTLIL representation for module `\FD1P3JX'.
Generating RTLIL representation for module `\FD1S3AX'.
Generating RTLIL representation for module `\FD1S3AY'.
Generating RTLIL representation for module `\FD1S3BX'.
Generating RTLIL representation for module `\FD1S3DX'.
Generating RTLIL representation for module `\FD1S3IX'.
Generating RTLIL representation for module `\FD1S3JX'.
Generating RTLIL representation for module `\IFS1P3BX'.
Generating RTLIL representation for module `\IFS1P3DX'.
Generating RTLIL representation for module `\IFS1P3IX'.
Generating RTLIL representation for module `\IFS1P3JX'.
Generating RTLIL representation for module `\OFS1P3BX'.
Generating RTLIL representation for module `\OFS1P3DX'.
Generating RTLIL representation for module `\OFS1P3IX'.
Generating RTLIL representation for module `\OFS1P3JX'.
Generating RTLIL representation for module `\IB'.
Generating RTLIL representation for module `\IBPU'.
Generating RTLIL representation for module `\IBPD'.
Generating RTLIL representation for module `\OB'.
Generating RTLIL representation for module `\OBZ'.
Generating RTLIL representation for module `\OBZPU'.
Generating RTLIL representation for module `\OBZPD'.
Generating RTLIL representation for module `\OBCO'.
Generating RTLIL representation for module `\BB'.
Generating RTLIL representation for module `\BBPU'.
Generating RTLIL representation for module `\BBPD'.
Generating RTLIL representation for module `\ILVDS'.
Generating RTLIL representation for module `\OLVDS'.
Successfully finished Verilog frontend.

3.38.2. Continuing TECHMAP pass.
Using template $paramod$_DFF_P_\_TECHMAP_WIREINIT_Q_=1'x for cells of type $_DFF_P_.
Using template $paramod$_DFFE_PN_\_TECHMAP_WIREINIT_Q_=1'x for cells of type $_DFFE_PN_.
Using template $_SDFFE_PP0N_ for cells of type $_SDFFE_PP0N_.
Using template $_SDFFE_PP0P_ for cells of type $_SDFFE_PP0P_.
Using template $_SDFF_PP0_ for cells of type $_SDFF_PP0_.
Using template $paramod$_DFFE_PP_\_TECHMAP_WIREINIT_Q_=1'x for cells of type $_DFFE_PP_.
Using template $_SDFF_PP1_ for cells of type $_SDFF_PP1_.
Using template $_SDFFE_PP1P_ for cells of type $_SDFFE_PP1P_.
Using template IB for cells of type IB.
Using template OBZ for cells of type OBZ.
No more expansions possible.
<suppressed ~1608 debug messages>

3.39. Executing OPT_EXPR pass (perform const folding).
Optimizing module top.
<suppressed ~76 debug messages>

3.40. Executing SIMPLEMAP pass (map simple cells to gate primitives).

3.41. Executing LATTICE_GSR pass (implement FF init values).
Handling GSR in top.

3.42. Executing ATTRMVCP pass (move or copy attributes).

3.43. Executing OPT_CLEAN pass (remove unused cells and wires).
Finding unused cells or wires in module \top..
Removed 0 unused cells and 7506 unused wires.
<suppressed ~1 debug messages>

3.44. Executing TECHMAP pass (map to technology primitives).

3.44.1. Executing Verilog-2005 frontend: /home/dan/opt/oss-cad-suite/lib/../share/yosys/lattice/latches_map.v
Parsing Verilog input from `/home/dan/opt/oss-cad-suite/lib/../share/yosys/lattice/latches_map.v' to AST representation.
Generating RTLIL representation for module `$_DLATCH_N_'.
Generating RTLIL representation for module `$_DLATCH_P_'.
Successfully finished Verilog frontend.

3.44.2. Continuing TECHMAP pass.
No more expansions possible.
<suppressed ~4 debug messages>

3.45. Executing ABC9 pass.

3.45.1. Executing ABC9_OPS pass (helper functions for ABC9).

3.45.2. Executing ABC9_OPS pass (helper functions for ABC9).

3.45.3. Executing PROC pass (convert processes to netlists).

3.45.3.1. Executing PROC_CLEAN pass (remove empty switches from decision trees).
Found and cleaned up 1 empty switch in `$paramod$2074b3813575c9ede27f9a04ee0bf291c9c7bf2f\TRELLIS_DPR16X4.$proc$/home/dan/opt/oss-cad-suite/lib/../share/yosys/lattice/common_sim.vh:151$24338'.
Cleaned up 1 empty switch.

3.45.3.2. Executing PROC_RMDEAD pass (remove dead branches from decision trees).
Marked 1 switch rules as full_case in process $proc$/home/dan/opt/oss-cad-suite/lib/../share/yosys/lattice/common_sim.vh:159$24339 in module $paramod$2074b3813575c9ede27f9a04ee0bf291c9c7bf2f\TRELLIS_DPR16X4.
Removed a total of 0 dead cases.

3.45.3.3. Executing PROC_PRUNE pass (remove redundant assignments in processes).
Removed 0 redundant assignments.
Promoted 22 assignments to connections.

3.45.3.4. Executing PROC_INIT pass (extract init attributes).

3.45.3.5. Executing PROC_ARST pass (detect async resets in processes).

3.45.3.6. Executing PROC_ROM pass (convert switches to ROMs).
Converted 0 switches.
<suppressed ~1 debug messages>

3.45.3.7. Executing PROC_MUX pass (convert decision trees to multiplexers).
Creating decoders for process `$paramod$2074b3813575c9ede27f9a04ee0bf291c9c7bf2f\TRELLIS_DPR16X4.$proc$/home/dan/opt/oss-cad-suite/lib/../share/yosys/lattice/common_sim.vh:143$24363'.
Creating decoders for process `$paramod$2074b3813575c9ede27f9a04ee0bf291c9c7bf2f\TRELLIS_DPR16X4.$proc$/home/dan/opt/oss-cad-suite/lib/../share/yosys/lattice/common_sim.vh:159$24339'.
     1/3: $1$memwr$\mem$/home/dan/opt/oss-cad-suite/lib/../share/yosys/lattice/common_sim.vh:161$24337_EN[3:0]$24345
     2/3: $1$memwr$\mem$/home/dan/opt/oss-cad-suite/lib/../share/yosys/lattice/common_sim.vh:161$24337_DATA[3:0]$24344
     3/3: $1$memwr$\mem$/home/dan/opt/oss-cad-suite/lib/../share/yosys/lattice/common_sim.vh:161$24337_ADDR[3:0]$24343
Creating decoders for process `$paramod$2074b3813575c9ede27f9a04ee0bf291c9c7bf2f\TRELLIS_DPR16X4.$proc$/home/dan/opt/oss-cad-suite/lib/../share/yosys/lattice/common_sim.vh:151$24338'.

3.45.3.8. Executing PROC_DLATCH pass (convert process syncs to latches).
No latch inferred for signal `$paramod$2074b3813575c9ede27f9a04ee0bf291c9c7bf2f\TRELLIS_DPR16X4.\i' from process `$paramod$2074b3813575c9ede27f9a04ee0bf291c9c7bf2f\TRELLIS_DPR16X4.$proc$/home/dan/opt/oss-cad-suite/lib/../share/yosys/lattice/common_sim.vh:143$24363'.
No latch inferred for signal `$paramod$2074b3813575c9ede27f9a04ee0bf291c9c7bf2f\TRELLIS_DPR16X4.$memwr$\mem$/home/dan/opt/oss-cad-suite/lib/../share/yosys/lattice/common_sim.vh:145$24321_EN' from process `$paramod$2074b3813575c9ede27f9a04ee0bf291c9c7bf2f\TRELLIS_DPR16X4.$proc$/home/dan/opt/oss-cad-suite/lib/../share/yosys/lattice/common_sim.vh:143$24363'.
No latch inferred for signal `$paramod$2074b3813575c9ede27f9a04ee0bf291c9c7bf2f\TRELLIS_DPR16X4.$memwr$\mem$/home/dan/opt/oss-cad-suite/lib/../share/yosys/lattice/common_sim.vh:145$24322_EN' from process `$paramod$2074b3813575c9ede27f9a04ee0bf291c9c7bf2f\TRELLIS_DPR16X4.$proc$/home/dan/opt/oss-cad-suite/lib/../share/yosys/lattice/common_sim.vh:143$24363'.
No latch inferred for signal `$paramod$2074b3813575c9ede27f9a04ee0bf291c9c7bf2f\TRELLIS_DPR16X4.$memwr$\mem$/home/dan/opt/oss-cad-suite/lib/../share/yosys/lattice/common_sim.vh:145$24323_EN' from process `$paramod$2074b3813575c9ede27f9a04ee0bf291c9c7bf2f\TRELLIS_DPR16X4.$proc$/home/dan/opt/oss-cad-suite/lib/../share/yosys/lattice/common_sim.vh:143$24363'.
No latch inferred for signal `$paramod$2074b3813575c9ede27f9a04ee0bf291c9c7bf2f\TRELLIS_DPR16X4.$memwr$\mem$/home/dan/opt/oss-cad-suite/lib/../share/yosys/lattice/common_sim.vh:145$24324_EN' from process `$paramod$2074b3813575c9ede27f9a04ee0bf291c9c7bf2f\TRELLIS_DPR16X4.$proc$/home/dan/opt/oss-cad-suite/lib/../share/yosys/lattice/common_sim.vh:143$24363'.
No latch inferred for signal `$paramod$2074b3813575c9ede27f9a04ee0bf291c9c7bf2f\TRELLIS_DPR16X4.$memwr$\mem$/home/dan/opt/oss-cad-suite/lib/../share/yosys/lattice/common_sim.vh:145$24325_EN' from process `$paramod$2074b3813575c9ede27f9a04ee0bf291c9c7bf2f\TRELLIS_DPR16X4.$proc$/home/dan/opt/oss-cad-suite/lib/../share/yosys/lattice/common_sim.vh:143$24363'.
No latch inferred for signal `$paramod$2074b3813575c9ede27f9a04ee0bf291c9c7bf2f\TRELLIS_DPR16X4.$memwr$\mem$/home/dan/opt/oss-cad-suite/lib/../share/yosys/lattice/common_sim.vh:145$24326_EN' from process `$paramod$2074b3813575c9ede27f9a04ee0bf291c9c7bf2f\TRELLIS_DPR16X4.$proc$/home/dan/opt/oss-cad-suite/lib/../share/yosys/lattice/common_sim.vh:143$24363'.
No latch inferred for signal `$paramod$2074b3813575c9ede27f9a04ee0bf291c9c7bf2f\TRELLIS_DPR16X4.$memwr$\mem$/home/dan/opt/oss-cad-suite/lib/../share/yosys/lattice/common_sim.vh:145$24327_EN' from process `$paramod$2074b3813575c9ede27f9a04ee0bf291c9c7bf2f\TRELLIS_DPR16X4.$proc$/home/dan/opt/oss-cad-suite/lib/../share/yosys/lattice/common_sim.vh:143$24363'.
No latch inferred for signal `$paramod$2074b3813575c9ede27f9a04ee0bf291c9c7bf2f\TRELLIS_DPR16X4.$memwr$\mem$/home/dan/opt/oss-cad-suite/lib/../share/yosys/lattice/common_sim.vh:145$24328_EN' from process `$paramod$2074b3813575c9ede27f9a04ee0bf291c9c7bf2f\TRELLIS_DPR16X4.$proc$/home/dan/opt/oss-cad-suite/lib/../share/yosys/lattice/common_sim.vh:143$24363'.
No latch inferred for signal `$paramod$2074b3813575c9ede27f9a04ee0bf291c9c7bf2f\TRELLIS_DPR16X4.$memwr$\mem$/home/dan/opt/oss-cad-suite/lib/../share/yosys/lattice/common_sim.vh:145$24329_EN' from process `$paramod$2074b3813575c9ede27f9a04ee0bf291c9c7bf2f\TRELLIS_DPR16X4.$proc$/home/dan/opt/oss-cad-suite/lib/../share/yosys/lattice/common_sim.vh:143$24363'.
No latch inferred for signal `$paramod$2074b3813575c9ede27f9a04ee0bf291c9c7bf2f\TRELLIS_DPR16X4.$memwr$\mem$/home/dan/opt/oss-cad-suite/lib/../share/yosys/lattice/common_sim.vh:145$24330_EN' from process `$paramod$2074b3813575c9ede27f9a04ee0bf291c9c7bf2f\TRELLIS_DPR16X4.$proc$/home/dan/opt/oss-cad-suite/lib/../share/yosys/lattice/common_sim.vh:143$24363'.
No latch inferred for signal `$paramod$2074b3813575c9ede27f9a04ee0bf291c9c7bf2f\TRELLIS_DPR16X4.$memwr$\mem$/home/dan/opt/oss-cad-suite/lib/../share/yosys/lattice/common_sim.vh:145$24331_EN' from process `$paramod$2074b3813575c9ede27f9a04ee0bf291c9c7bf2f\TRELLIS_DPR16X4.$proc$/home/dan/opt/oss-cad-suite/lib/../share/yosys/lattice/common_sim.vh:143$24363'.
No latch inferred for signal `$paramod$2074b3813575c9ede27f9a04ee0bf291c9c7bf2f\TRELLIS_DPR16X4.$memwr$\mem$/home/dan/opt/oss-cad-suite/lib/../share/yosys/lattice/common_sim.vh:145$24332_EN' from process `$paramod$2074b3813575c9ede27f9a04ee0bf291c9c7bf2f\TRELLIS_DPR16X4.$proc$/home/dan/opt/oss-cad-suite/lib/../share/yosys/lattice/common_sim.vh:143$24363'.
No latch inferred for signal `$paramod$2074b3813575c9ede27f9a04ee0bf291c9c7bf2f\TRELLIS_DPR16X4.$memwr$\mem$/home/dan/opt/oss-cad-suite/lib/../share/yosys/lattice/common_sim.vh:145$24333_EN' from process `$paramod$2074b3813575c9ede27f9a04ee0bf291c9c7bf2f\TRELLIS_DPR16X4.$proc$/home/dan/opt/oss-cad-suite/lib/../share/yosys/lattice/common_sim.vh:143$24363'.
No latch inferred for signal `$paramod$2074b3813575c9ede27f9a04ee0bf291c9c7bf2f\TRELLIS_DPR16X4.$memwr$\mem$/home/dan/opt/oss-cad-suite/lib/../share/yosys/lattice/common_sim.vh:145$24334_EN' from process `$paramod$2074b3813575c9ede27f9a04ee0bf291c9c7bf2f\TRELLIS_DPR16X4.$proc$/home/dan/opt/oss-cad-suite/lib/../share/yosys/lattice/common_sim.vh:143$24363'.
No latch inferred for signal `$paramod$2074b3813575c9ede27f9a04ee0bf291c9c7bf2f\TRELLIS_DPR16X4.$memwr$\mem$/home/dan/opt/oss-cad-suite/lib/../share/yosys/lattice/common_sim.vh:145$24335_EN' from process `$paramod$2074b3813575c9ede27f9a04ee0bf291c9c7bf2f\TRELLIS_DPR16X4.$proc$/home/dan/opt/oss-cad-suite/lib/../share/yosys/lattice/common_sim.vh:143$24363'.
No latch inferred for signal `$paramod$2074b3813575c9ede27f9a04ee0bf291c9c7bf2f\TRELLIS_DPR16X4.$memwr$\mem$/home/dan/opt/oss-cad-suite/lib/../share/yosys/lattice/common_sim.vh:145$24336_EN' from process `$paramod$2074b3813575c9ede27f9a04ee0bf291c9c7bf2f\TRELLIS_DPR16X4.$proc$/home/dan/opt/oss-cad-suite/lib/../share/yosys/lattice/common_sim.vh:143$24363'.
No latch inferred for signal `$paramod$2074b3813575c9ede27f9a04ee0bf291c9c7bf2f\TRELLIS_DPR16X4.\muxwre' from process `$paramod$2074b3813575c9ede27f9a04ee0bf291c9c7bf2f\TRELLIS_DPR16X4.$proc$/home/dan/opt/oss-cad-suite/lib/../share/yosys/lattice/common_sim.vh:151$24338'.

3.45.3.9. Executing PROC_DFF pass (convert process syncs to FFs).
Creating register for signal `$paramod$2074b3813575c9ede27f9a04ee0bf291c9c7bf2f\TRELLIS_DPR16X4.$memwr$\mem$/home/dan/opt/oss-cad-suite/lib/../share/yosys/lattice/common_sim.vh:161$24337_ADDR' using process `$paramod$2074b3813575c9ede27f9a04ee0bf291c9c7bf2f\TRELLIS_DPR16X4.$proc$/home/dan/opt/oss-cad-suite/lib/../share/yosys/lattice/common_sim.vh:159$24339'.
  created $dff cell `$procdff$24389' with positive edge clock.
Creating register for signal `$paramod$2074b3813575c9ede27f9a04ee0bf291c9c7bf2f\TRELLIS_DPR16X4.$memwr$\mem$/home/dan/opt/oss-cad-suite/lib/../share/yosys/lattice/common_sim.vh:161$24337_DATA' using process `$paramod$2074b3813575c9ede27f9a04ee0bf291c9c7bf2f\TRELLIS_DPR16X4.$proc$/home/dan/opt/oss-cad-suite/lib/../share/yosys/lattice/common_sim.vh:159$24339'.
  created $dff cell `$procdff$24390' with positive edge clock.
Creating register for signal `$paramod$2074b3813575c9ede27f9a04ee0bf291c9c7bf2f\TRELLIS_DPR16X4.$memwr$\mem$/home/dan/opt/oss-cad-suite/lib/../share/yosys/lattice/common_sim.vh:161$24337_EN' using process `$paramod$2074b3813575c9ede27f9a04ee0bf291c9c7bf2f\TRELLIS_DPR16X4.$proc$/home/dan/opt/oss-cad-suite/lib/../share/yosys/lattice/common_sim.vh:159$24339'.
  created $dff cell `$procdff$24391' with positive edge clock.

3.45.3.10. Executing PROC_MEMWR pass (convert process memory writes to cells).

3.45.3.11. Executing PROC_CLEAN pass (remove empty switches from decision trees).
Removing empty process `$paramod$2074b3813575c9ede27f9a04ee0bf291c9c7bf2f\TRELLIS_DPR16X4.$proc$/home/dan/opt/oss-cad-suite/lib/../share/yosys/lattice/common_sim.vh:143$24363'.
Found and cleaned up 1 empty switch in `$paramod$2074b3813575c9ede27f9a04ee0bf291c9c7bf2f\TRELLIS_DPR16X4.$proc$/home/dan/opt/oss-cad-suite/lib/../share/yosys/lattice/common_sim.vh:159$24339'.
Removing empty process `$paramod$2074b3813575c9ede27f9a04ee0bf291c9c7bf2f\TRELLIS_DPR16X4.$proc$/home/dan/opt/oss-cad-suite/lib/../share/yosys/lattice/common_sim.vh:159$24339'.
Removing empty process `$paramod$2074b3813575c9ede27f9a04ee0bf291c9c7bf2f\TRELLIS_DPR16X4.$proc$/home/dan/opt/oss-cad-suite/lib/../share/yosys/lattice/common_sim.vh:151$24338'.
Cleaned up 1 empty switch.

3.45.4. Executing SCC pass (detecting logic loops).
Found an SCC: $auto$simplemap.cc:256:simplemap_logbin$10382 $auto$ff.cc:337:slice$6480 $auto$dfflegalize.cc:941:flip_pol$22694 $auto$simplemap.cc:157:simplemap_reduce$6479 $auto$simplemap.cc:256:simplemap_logbin$11286 $auto$simplemap.cc:227:simplemap_lognot$11285 $auto$simplemap.cc:298:simplemap_mux$17962 $auto$simplemap.cc:157:simplemap_reduce$11160 $auto$simplemap.cc:298:simplemap_mux$17956 $auto$simplemap.cc:256:simplemap_logbin$10308 $auto$simplemap.cc:227:simplemap_lognot$10300 $auto$simplemap.cc:256:simplemap_logbin$10267 $auto$ff.cc:337:slice$6621 $auto$simplemap.cc:157:simplemap_reduce$6618 $auto$simplemap.cc:256:simplemap_logbin$10306 $auto$simplemap.cc:298:simplemap_mux$14373 $auto$simplemap.cc:298:simplemap_mux$14374 $auto$ff.cc:337:slice$6558 $auto$simplemap.cc:157:simplemap_reduce$6560 $auto$simplemap.cc:256:simplemap_logbin$10301 $auto$simplemap.cc:298:simplemap_mux$9386 $auto$simplemap.cc:157:simplemap_reduce$11162
Found an SCC: $auto$opt_expr.cc:607:replace_const_cells$21970 $auto$ff.cc:337:slice$6578 $auto$simplemap.cc:157:simplemap_reduce$10635 $auto$ff.cc:337:slice$6577 $auto$ff.cc:337:slice$6576 $auto$simplemap.cc:157:simplemap_reduce$10634 $auto$ff.cc:337:slice$6575 $auto$ff.cc:337:slice$6574 $auto$simplemap.cc:227:simplemap_lognot$10584 $auto$simplemap.cc:157:simplemap_reduce$10582 $auto$simplemap.cc:157:simplemap_reduce$10580 $auto$simplemap.cc:157:simplemap_reduce$10576 $auto$opt_expr.cc:607:replace_const_cells$21972 $auto$ff.cc:337:slice$6573 $auto$simplemap.cc:157:simplemap_reduce$6571 $auto$simplemap.cc:256:simplemap_logbin$10585
Found an SCC: $auto$simplemap.cc:298:simplemap_mux$17963 $auto$ff.cc:337:slice$6550 $auto$opt_expr.cc:607:replace_const_cells$22142 $auto$simplemap.cc:298:simplemap_mux$17964
Found 3 SCCs in module top.
Found 3 SCCs.

3.45.5. Executing ABC9_OPS pass (helper functions for ABC9).

3.45.6. Executing TECHMAP pass (map to technology primitives).

3.45.6.1. Executing Verilog-2005 frontend: /home/dan/opt/oss-cad-suite/lib/../share/yosys/techmap.v
Parsing Verilog input from `/home/dan/opt/oss-cad-suite/lib/../share/yosys/techmap.v' to AST representation.
Generating RTLIL representation for module `\_90_simplemap_bool_ops'.
Generating RTLIL representation for module `\_90_simplemap_reduce_ops'.
Generating RTLIL representation for module `\_90_simplemap_logic_ops'.
Generating RTLIL representation for module `\_90_simplemap_compare_ops'.
Generating RTLIL representation for module `\_90_simplemap_various'.
Generating RTLIL representation for module `\_90_simplemap_registers'.
Generating RTLIL representation for module `\_90_shift_ops_shr_shl_sshl_sshr'.
Generating RTLIL representation for module `\_90_shift_shiftx'.
Generating RTLIL representation for module `\_90_fa'.
Generating RTLIL representation for module `\_90_lcu_brent_kung'.
Generating RTLIL representation for module `\_90_alu'.
Generating RTLIL representation for module `\_90_macc'.
Generating RTLIL representation for module `\_90_alumacc'.
Generating RTLIL representation for module `$__div_mod_u'.
Generating RTLIL representation for module `$__div_mod_trunc'.
Generating RTLIL representation for module `\_90_div'.
Generating RTLIL representation for module `\_90_mod'.
Generating RTLIL representation for module `$__div_mod_floor'.
Generating RTLIL representation for module `\_90_divfloor'.
Generating RTLIL representation for module `\_90_modfloor'.
Generating RTLIL representation for module `\_90_pow'.
Generating RTLIL representation for module `\_90_demux'.
Generating RTLIL representation for module `\_90_lut'.
Generating RTLIL representation for module `$connect'.
Generating RTLIL representation for module `$input_port'.
Successfully finished Verilog frontend.

3.45.6.2. Continuing TECHMAP pass.
No more expansions possible.
<suppressed ~168 debug messages>

3.45.7. Executing OPT pass (performing simple optimizations).

3.45.7.1. Executing OPT_EXPR pass (perform const folding).
Optimizing module $paramod$2074b3813575c9ede27f9a04ee0bf291c9c7bf2f\TRELLIS_DPR16X4.

3.45.7.2. Executing OPT_MERGE pass (detect identical cells).
Finding identical cells in module `$paramod$2074b3813575c9ede27f9a04ee0bf291c9c7bf2f\TRELLIS_DPR16X4'.
Computing hashes of 2 cells of `$paramod$2074b3813575c9ede27f9a04ee0bf291c9c7bf2f\TRELLIS_DPR16X4'.
Finding duplicate cells in `$paramod$2074b3813575c9ede27f9a04ee0bf291c9c7bf2f\TRELLIS_DPR16X4'.
Removed a total of 0 cells.

3.45.7.3. Executing OPT_MUXTREE pass (detect dead branches in mux trees).
Running muxtree optimizer on module $paramod$2074b3813575c9ede27f9a04ee0bf291c9c7bf2f\TRELLIS_DPR16X4..
  Creating internal representation of mux trees.
  No muxes found in this module.
Removed 0 multiplexer ports.

3.45.7.4. Executing OPT_REDUCE pass (consolidate $*mux and $reduce_* inputs).
  Optimizing cells in module $paramod$2074b3813575c9ede27f9a04ee0bf291c9c7bf2f\TRELLIS_DPR16X4.
Performed a total of 0 changes.

3.45.7.5. Executing OPT_MERGE pass (detect identical cells).
Finding identical cells in module `$paramod$2074b3813575c9ede27f9a04ee0bf291c9c7bf2f\TRELLIS_DPR16X4'.
Computing hashes of 2 cells of `$paramod$2074b3813575c9ede27f9a04ee0bf291c9c7bf2f\TRELLIS_DPR16X4'.
Finding duplicate cells in `$paramod$2074b3813575c9ede27f9a04ee0bf291c9c7bf2f\TRELLIS_DPR16X4'.
Removed a total of 0 cells.

3.45.7.6. Executing OPT_DFF pass (perform DFF optimizations).

3.45.7.7. Executing OPT_CLEAN pass (remove unused cells and wires).
Finding unused cells or wires in module $paramod$2074b3813575c9ede27f9a04ee0bf291c9c7bf2f\TRELLIS_DPR16X4..

3.45.7.8. Executing OPT_EXPR pass (perform const folding).
Optimizing module $paramod$2074b3813575c9ede27f9a04ee0bf291c9c7bf2f\TRELLIS_DPR16X4.

3.45.7.9. Finished fast OPT passes. (There is nothing left to do.)

3.45.8. Executing TECHMAP pass (map to technology primitives).

3.45.8.1. Executing Verilog-2005 frontend: /home/dan/opt/oss-cad-suite/lib/../share/yosys/abc9_map.v
Parsing Verilog input from `/home/dan/opt/oss-cad-suite/lib/../share/yosys/abc9_map.v' to AST representation.
Successfully finished Verilog frontend.

3.45.8.2. Continuing TECHMAP pass.
Using template $paramod$2074b3813575c9ede27f9a04ee0bf291c9c7bf2f\TRELLIS_DPR16X4 for cells of type $paramod$2074b3813575c9ede27f9a04ee0bf291c9c7bf2f\TRELLIS_DPR16X4.
No more expansions possible.
<suppressed ~35 debug messages>

3.45.9. Executing Verilog-2005 frontend: /home/dan/opt/oss-cad-suite/lib/../share/yosys/abc9_model.v
Parsing Verilog input from `/home/dan/opt/oss-cad-suite/lib/../share/yosys/abc9_model.v' to AST representation.
Generating RTLIL representation for module `$__ABC9_DELAY'.
Generating RTLIL representation for module `$__ABC9_SCC_BREAKER'.
Generating RTLIL representation for module `$__DFF_N__$abc9_flop'.
Generating RTLIL representation for module `$__DFF_P__$abc9_flop'.
Successfully finished Verilog frontend.

3.45.10. Executing ABC9_OPS pass (helper functions for ABC9).
<suppressed ~2 debug messages>

3.45.11. Executing ABC9_OPS pass (helper functions for ABC9).

3.45.12. Executing ABC9_OPS pass (helper functions for ABC9).
<suppressed ~2 debug messages>

3.45.13. Executing TECHMAP pass (map to technology primitives).

3.45.13.1. Executing Verilog-2005 frontend: /home/dan/opt/oss-cad-suite/lib/../share/yosys/techmap.v
Parsing Verilog input from `/home/dan/opt/oss-cad-suite/lib/../share/yosys/techmap.v' to AST representation.
Generating RTLIL representation for module `\_90_simplemap_bool_ops'.
Generating RTLIL representation for module `\_90_simplemap_reduce_ops'.
Generating RTLIL representation for module `\_90_simplemap_logic_ops'.
Generating RTLIL representation for module `\_90_simplemap_compare_ops'.
Generating RTLIL representation for module `\_90_simplemap_various'.
Generating RTLIL representation for module `\_90_simplemap_registers'.
Generating RTLIL representation for module `\_90_shift_ops_shr_shl_sshl_sshr'.
Generating RTLIL representation for module `\_90_shift_shiftx'.
Generating RTLIL representation for module `\_90_fa'.
Generating RTLIL representation for module `\_90_lcu_brent_kung'.
Generating RTLIL representation for module `\_90_alu'.
Generating RTLIL representation for module `\_90_macc'.
Generating RTLIL representation for module `\_90_alumacc'.
Generating RTLIL representation for module `$__div_mod_u'.
Generating RTLIL representation for module `$__div_mod_trunc'.
Generating RTLIL representation for module `\_90_div'.
Generating RTLIL representation for module `\_90_mod'.
Generating RTLIL representation for module `$__div_mod_floor'.
Generating RTLIL representation for module `\_90_divfloor'.
Generating RTLIL representation for module `\_90_modfloor'.
Generating RTLIL representation for module `\_90_pow'.
Generating RTLIL representation for module `\_90_demux'.
Generating RTLIL representation for module `\_90_lut'.
Generating RTLIL representation for module `$connect'.
Generating RTLIL representation for module `$input_port'.
Successfully finished Verilog frontend.

3.45.13.2. Continuing TECHMAP pass.
Using template $paramod$838872d5a4bab89607f53482b205c0fd50d8b82e\CCU2C for cells of type $paramod$838872d5a4bab89607f53482b205c0fd50d8b82e\CCU2C.
Using extmapper simplemap for cells of type $or.
Using extmapper simplemap for cells of type $and.
Using extmapper simplemap for cells of type $not.
Using extmapper simplemap for cells of type $xor.
Using template $paramod\LUT2\INIT=4'1010 for cells of type LUT2.
Using template $paramod\LUT4\INIT=16'1001011010101010 for cells of type LUT4.
Using extmapper simplemap for cells of type $mux.
No more expansions possible.
<suppressed ~207 debug messages>

3.45.14. Executing OPT pass (performing simple optimizations).

3.45.14.1. Executing OPT_EXPR pass (perform const folding).
Optimizing module top.
<suppressed ~18 debug messages>

3.45.14.2. Executing OPT_MERGE pass (detect identical cells).
Finding identical cells in module `\top'.
Computing hashes of 59 cells of `\top'.
Finding duplicate cells in `\top'.
Computing hashes of 57 cells of `\top'.
Finding duplicate cells in `\top'.
<suppressed ~6 debug messages>
Removed a total of 2 cells.

3.45.14.3. Executing OPT_MUXTREE pass (detect dead branches in mux trees).
Running muxtree optimizer on module \top..
  Creating internal representation of mux trees.
  No muxes found in this module.
Removed 0 multiplexer ports.

3.45.14.4. Executing OPT_REDUCE pass (consolidate $*mux and $reduce_* inputs).
  Optimizing cells in module \top.
Performed a total of 0 changes.

3.45.14.5. Executing OPT_MERGE pass (detect identical cells).
Finding identical cells in module `\top'.
Computing hashes of 57 cells of `\top'.
Finding duplicate cells in `\top'.
Removed a total of 0 cells.

3.45.14.6. Executing OPT_DFF pass (perform DFF optimizations).

3.45.14.7. Executing OPT_CLEAN pass (remove unused cells and wires).
Finding unused cells or wires in module \top..
Removed 0 unused cells and 55 unused wires.
<suppressed ~1 debug messages>

3.45.14.8. Executing OPT_EXPR pass (perform const folding).
Optimizing module top.

3.45.14.9. Rerunning OPT passes. (Maybe there is more to do..)

3.45.14.10. Executing OPT_MUXTREE pass (detect dead branches in mux trees).
Running muxtree optimizer on module \top..
  Creating internal representation of mux trees.
  No muxes found in this module.
Removed 0 multiplexer ports.

3.45.14.11. Executing OPT_REDUCE pass (consolidate $*mux and $reduce_* inputs).
  Optimizing cells in module \top.
Performed a total of 0 changes.

3.45.14.12. Executing OPT_MERGE pass (detect identical cells).
Finding identical cells in module `\top'.
Computing hashes of 57 cells of `\top'.
Finding duplicate cells in `\top'.
Removed a total of 0 cells.

3.45.14.13. Executing OPT_DFF pass (perform DFF optimizations).

3.45.14.14. Executing OPT_CLEAN pass (remove unused cells and wires).
Finding unused cells or wires in module \top..

3.45.14.15. Executing OPT_EXPR pass (perform const folding).
Optimizing module top.

3.45.14.16. Finished fast OPT passes. (There is nothing left to do.)

3.45.15. Executing AIGMAP pass (map logic to AIG).
Module top: replaced 18 cells with 120 new cells, skipped 39 cells.
  replaced 3 cell types:
      14 $_MUX_
       2 $_OR_
       2 $_XOR_
  not replaced 3 cell types:
       4 $_AND_
       4 $_NOT_
      31 $specify2

3.45.16. Executing AIGMAP pass (map logic to AIG).
Module top: replaced 5141 cells with 31095 new cells, skipped 3090 cells.
  replaced 4 cell types:
       1 $_ANDNOT_
    3344 $_MUX_
    1629 $_OR_
     167 $_XOR_
  not replaced 12 cell types:
     771 $_AND_
     469 $_NOT_
       1 $__ABC9_SCC_BREAKER
      16 $scopeinfo
    1452 TRELLIS_FF
       1 EHXPLLL
      52 TRELLIS_IO
       3 DP16KD
       4 MULT18X18D
     257 $paramod$838872d5a4bab89607f53482b205c0fd50d8b82e\CCU2C
      32 $paramod$2074b3813575c9ede27f9a04ee0bf291c9c7bf2f\TRELLIS_DPR16X4
      32 $paramod$2074b3813575c9ede27f9a04ee0bf291c9c7bf2f\TRELLIS_DPR16X4_$abc9_byp

3.45.16.1. Executing ABC9_OPS pass (helper functions for ABC9).

3.45.16.2. Executing ABC9_OPS pass (helper functions for ABC9).

3.45.16.3. Executing XAIGER backend.
<suppressed ~11 debug messages>
Extracted 12934 AND gates and 36277 wires from module `top' to a netlist network with 1825 inputs and 1757 outputs.

3.45.16.4. Executing ABC9_EXE pass (technology mapping using ABC9).

3.45.16.5. Executing ABC9.
Running ABC command: "<yosys-exe-dir>/yosys-abc" -s -f <abc-temp-dir>/abc.script 2>&1
ABC: ======== ABC command line "source <abc-temp-dir>/abc.script"
ABC: + read_lut <abc-temp-dir>/input.lut 
ABC: + read_box <abc-temp-dir>/input.box 
ABC: + &read <abc-temp-dir>/input.xaig 
ABC: + &ps 
ABC: <abc-temp-dir>/input : i/o =   1825/   1757  and =   11106  lev =   58 (5.76)  mem = 0.24 MB  box = 289  bb = 32
ABC: + &scorr 
ABC: Warning: The network is combinational.
ABC: + &sweep 
ABC: + &dc2 
ABC: + &dch -f -r 
ABC: + &ps 
ABC: <abc-temp-dir>/input : i/o =   1825/   1757  and =   14793  lev =   30 (3.70)  mem = 0.28 MB  ch = 2176  box = 289  bb = 32
ABC: cst =       0  cls =   1990  lit =    2176  unused =   13351  proof =     0
ABC: + &if -W 300 -v 
ABC: K = 7. Memory (bytes): Truth =    0. Cut =   76. Obj =  156. Set =  780. CutMin = no
ABC: Node =   14793.  Ch =  1990.  Total mem =    3.58 MB. Peak cut mem =    0.29 MB.
ABC: P:  Del = 5754.00.  Ar =   10968.0.  Edge =    14503.  Cut =   175140.  T =     0.02 sec
ABC: P:  Del = 5754.00.  Ar =   10646.0.  Edge =    13934.  Cut =   172721.  T =     0.02 sec
ABC: P:  Del = 5754.00.  Ar =    4066.0.  Edge =    10503.  Cut =   381481.  T =     0.04 sec
ABC: F:  Del = 5753.00.  Ar =    3345.0.  Edge =     9868.  Cut =   337639.  T =     0.04 sec
ABC: A:  Del = 5751.00.  Ar =    3119.0.  Edge =     8807.  Cut =   347024.  T =     0.07 sec
ABC: A:  Del = 5734.00.  Ar =    3095.0.  Edge =     8784.  Cut =   347135.  T =     0.06 sec
ABC: Total time =     0.25 sec
ABC: + &write -n <abc-temp-dir>/output.aig 
ABC: + &mfs 
ABC: + &ps -l 
ABC: <abc-temp-dir>/input : i/o =   1825/   1757  and =    9451  lev =   28 (3.58)  mem = 0.22 MB  box = 289  bb = 32
ABC: Mapping (K=7)  :  lut =   2365  edge =    8731  lev =   12 (1.66)  levB =   33  mem = 0.11 MB
ABC: LUT = 2365 : 2=348 14.7 %  3=648 27.4 %  4=811 34.3 %  5=521 22.0 %  6=17 0.7 %  7=20 0.8 %  Ave = 3.69
ABC: + &write -n <abc-temp-dir>/output.aig 
ABC: + &verify 
ABC: Networks are equivalent.  Time =     0.15 sec
ABC: + time 
ABC: elapse: 1.30 seconds, total: 1.30 seconds

3.45.16.6. Executing AIGER frontend.
<suppressed ~7174 debug messages>
Removed 14919 unused cells and 22246 unused wires.

3.45.16.7. Executing ABC9_OPS pass (helper functions for ABC9).
ABC RESULTS:              $lut cells:     2373
ABC RESULTS:   $paramod$838872d5a4bab89607f53482b205c0fd50d8b82e\CCU2C cells:      257
ABC RESULTS:   $paramod$2074b3813575c9ede27f9a04ee0bf291c9c7bf2f\TRELLIS_DPR16X4_$abc9_byp cells:       32
ABC RESULTS:           input signals:      193
ABC RESULTS:          output signals:      245
Removing temp directory.

3.45.17. Executing TECHMAP pass (map to technology primitives).

3.45.17.1. Executing Verilog-2005 frontend: /home/dan/opt/oss-cad-suite/lib/../share/yosys/abc9_unmap.v
Parsing Verilog input from `/home/dan/opt/oss-cad-suite/lib/../share/yosys/abc9_unmap.v' to AST representation.
Generating RTLIL representation for module `$__DFF_x__$abc9_flop'.
Generating RTLIL representation for module `$__ABC9_SCC_BREAKER'.
Successfully finished Verilog frontend.

3.45.17.2. Continuing TECHMAP pass.
Using template $paramod$__ABC9_SCC_BREAKER\WIDTH=32'00000000000000000000000000000011 for cells of type $__ABC9_SCC_BREAKER.
Using template $paramod$2074b3813575c9ede27f9a04ee0bf291c9c7bf2f\TRELLIS_DPR16X4 for cells of type $paramod$2074b3813575c9ede27f9a04ee0bf291c9c7bf2f\TRELLIS_DPR16X4.
Using template $paramod$838872d5a4bab89607f53482b205c0fd50d8b82e\CCU2C for cells of type $paramod$838872d5a4bab89607f53482b205c0fd50d8b82e\CCU2C.
Using template $paramod$2074b3813575c9ede27f9a04ee0bf291c9c7bf2f\TRELLIS_DPR16X4_$abc9_byp for cells of type $paramod$2074b3813575c9ede27f9a04ee0bf291c9c7bf2f\TRELLIS_DPR16X4_$abc9_byp.
No more expansions possible.
<suppressed ~341 debug messages>
Removed 449 unused cells and 40026 unused wires.

3.46. Executing TECHMAP pass (map to technology primitives).

3.46.1. Executing Verilog-2005 frontend: /home/dan/opt/oss-cad-suite/lib/../share/yosys/lattice/cells_map_trellis.v
Parsing Verilog input from `/home/dan/opt/oss-cad-suite/lib/../share/yosys/lattice/cells_map_trellis.v' to AST representation.
Generating RTLIL representation for module `$_DFF_N_'.
Generating RTLIL representation for module `$_DFF_P_'.
Generating RTLIL representation for module `$_DFFE_NN_'.
Generating RTLIL representation for module `$_DFFE_PN_'.
Generating RTLIL representation for module `$_DFFE_NP_'.
Generating RTLIL representation for module `$_DFFE_PP_'.
Generating RTLIL representation for module `$_DFF_NP0_'.
Generating RTLIL representation for module `$_DFF_NP1_'.
Generating RTLIL representation for module `$_DFF_PP0_'.
Generating RTLIL representation for module `$_DFF_PP1_'.
Generating RTLIL representation for module `$_SDFF_NP0_'.
Generating RTLIL representation for module `$_SDFF_NP1_'.
Generating RTLIL representation for module `$_SDFF_PP0_'.
Generating RTLIL representation for module `$_SDFF_PP1_'.
Generating RTLIL representation for module `$_DFFE_NP0P_'.
Generating RTLIL representation for module `$_DFFE_NP1P_'.
Generating RTLIL representation for module `$_DFFE_PP0P_'.
Generating RTLIL representation for module `$_DFFE_PP1P_'.
Generating RTLIL representation for module `$_DFFE_NP0N_'.
Generating RTLIL representation for module `$_DFFE_NP1N_'.
Generating RTLIL representation for module `$_DFFE_PP0N_'.
Generating RTLIL representation for module `$_DFFE_PP1N_'.
Generating RTLIL representation for module `$_SDFFE_NP0P_'.
Generating RTLIL representation for module `$_SDFFE_NP1P_'.
Generating RTLIL representation for module `$_SDFFE_PP0P_'.
Generating RTLIL representation for module `$_SDFFE_PP1P_'.
Generating RTLIL representation for module `$_SDFFE_NP0N_'.
Generating RTLIL representation for module `$_SDFFE_NP1N_'.
Generating RTLIL representation for module `$_SDFFE_PP0N_'.
Generating RTLIL representation for module `$_SDFFE_PP1N_'.
Generating RTLIL representation for module `$_ALDFF_NP_'.
Generating RTLIL representation for module `$_ALDFF_PP_'.
Generating RTLIL representation for module `$_ALDFFE_NPN_'.
Generating RTLIL representation for module `$_ALDFFE_NPP_'.
Generating RTLIL representation for module `$_ALDFFE_PPN_'.
Generating RTLIL representation for module `$_ALDFFE_PPP_'.
Generating RTLIL representation for module `\FD1P3AX'.
Generating RTLIL representation for module `\FD1P3AY'.
Generating RTLIL representation for module `\FD1P3BX'.
Generating RTLIL representation for module `\FD1P3DX'.
Generating RTLIL representation for module `\FD1P3IX'.
Generating RTLIL representation for module `\FD1P3JX'.
Generating RTLIL representation for module `\FD1S3AX'.
Generating RTLIL representation for module `\FD1S3AY'.
Generating RTLIL representation for module `\FD1S3BX'.
Generating RTLIL representation for module `\FD1S3DX'.
Generating RTLIL representation for module `\FD1S3IX'.
Generating RTLIL representation for module `\FD1S3JX'.
Generating RTLIL representation for module `\IFS1P3BX'.
Generating RTLIL representation for module `\IFS1P3DX'.
Generating RTLIL representation for module `\IFS1P3IX'.
Generating RTLIL representation for module `\IFS1P3JX'.
Generating RTLIL representation for module `\OFS1P3BX'.
Generating RTLIL representation for module `\OFS1P3DX'.
Generating RTLIL representation for module `\OFS1P3IX'.
Generating RTLIL representation for module `\OFS1P3JX'.
Generating RTLIL representation for module `\IB'.
Generating RTLIL representation for module `\IBPU'.
Generating RTLIL representation for module `\IBPD'.
Generating RTLIL representation for module `\OB'.
Generating RTLIL representation for module `\OBZ'.
Generating RTLIL representation for module `\OBZPU'.
Generating RTLIL representation for module `\OBZPD'.
Generating RTLIL representation for module `\OBCO'.
Generating RTLIL representation for module `\BB'.
Generating RTLIL representation for module `\BBPU'.
Generating RTLIL representation for module `\BBPD'.
Generating RTLIL representation for module `\ILVDS'.
Generating RTLIL representation for module `\OLVDS'.
Generating RTLIL representation for module `$lut'.
Successfully finished Verilog frontend.

3.46.2. Continuing TECHMAP pass.
Using template $paramod$lut\WIDTH=32'00000000000000000000000000000010\LUT=4'1000 for cells of type $lut.
Using template $paramod$lut\WIDTH=32'00000000000000000000000000000010\LUT=4'0110 for cells of type $lut.
Using template $paramod$lut\WIDTH=32'00000000000000000000000000000011\LUT=8'10000000 for cells of type $lut.
Using template $paramod$59f2a3e232df3029c8bc36978b9bbe72a71dfb5a$lut for cells of type $lut.
Using template $paramod$lut\WIDTH=32'00000000000000000000000000000011\LUT=8'00001101 for cells of type $lut.
Using template $paramod$lut\WIDTH=32'00000000000000000000000000000011\LUT=8'10001010 for cells of type $lut.
Using template $paramod$b89c522b7f70adaee1a35d80e932f38159b6a445$lut for cells of type $lut.
Using template $paramod$d60c353e927fd7d60aae3777e92542cce5c2c730$lut for cells of type $lut.
Using template $paramod$bb4fff1cc3b827238aa40993cafede1c5beecbe3$lut for cells of type $lut.
Using template $paramod$ceef5fb3d639a639b30f2fa59e00e8742ca185d8$lut for cells of type $lut.
Using template $paramod$e626b78ed9cf0d27acf5ff277090b6ea3a95e4c7$lut for cells of type $lut.
Using template $paramod$8ee1abc068d92a1f96a439a23ad8f213b59df7ba$lut for cells of type $lut.
Using template $paramod$0e7bedeec7f58250f19e8b3de75485ea9d4f787f$lut for cells of type $lut.
Using template $paramod$b941a3c01dd504d67953abe100872c58789bd900$lut for cells of type $lut.
Using template $paramod$b27efe94af524608e2c158786bdf6c13e4c8b578$lut for cells of type $lut.
Using template $paramod$67614092f68df2bd229622d5727f3c0cb5fb6bb0$lut for cells of type $lut.
Using template $paramod$3f303fcb83bf91508d655fd562fd9a9360d6edcc$lut for cells of type $lut.
Using template $paramod$lut\WIDTH=32'00000000000000000000000000000011\LUT=8'10010110 for cells of type $lut.
Using template $paramod$f2022828634de50284cb70441236e306d196f5c1$lut for cells of type $lut.
Using template $paramod$6069bd1aae3bd46f0a8d5a3eae1ac313f6cb701d$lut for cells of type $lut.
Using template $paramod$8e44661def013b6bf9fe6f8b049ef2c838d749f9$lut for cells of type $lut.
Using template $paramod$lut\WIDTH=32'00000000000000000000000000000011\LUT=8'01000000 for cells of type $lut.
Using template $paramod$d4fae2c0d9ad2966369cd4e39b81c71bcd1327c9$lut for cells of type $lut.
Using template $paramod$dc80e74b9623b8a802ef4b5162559616e5ac1cef$lut for cells of type $lut.
Using template $paramod$lut\WIDTH=32'00000000000000000000000000000011\LUT=8'10110000 for cells of type $lut.
Using template $paramod$lut\WIDTH=32'00000000000000000000000000000011\LUT=8'00100111 for cells of type $lut.
Using template $paramod$77c8484b6aafaccd9985192e26642b297ed58964$lut for cells of type $lut.
Using template $paramod$lut\WIDTH=32'00000000000000000000000000000010\LUT=4'0001 for cells of type $lut.
Using template $paramod$lut\WIDTH=32'00000000000000000000000000000011\LUT=8'10110011 for cells of type $lut.
Using template $paramod$lut\WIDTH=32'00000000000000000000000000000011\LUT=8'00001000 for cells of type $lut.
Using template $paramod$ffc2ea81a65101fbef8a332deddf112494d27163$lut for cells of type $lut.
Using template $paramod$f8f63b209b7230e81958663ff24fef1613156af7$lut for cells of type $lut.
Using template $paramod$b4f85a6321a00b090afc4e21d68e7b99eb94d149$lut for cells of type $lut.
Using template $paramod$cad45b6c9da81941161a13849773fe2ed4bc1c6f$lut for cells of type $lut.
Using template $paramod$94d2f1f461ef911482e15efdba185521de732c99$lut for cells of type $lut.
Using template $paramod$f7c513d7fb312b4781d125043c91e24f75281b19$lut for cells of type $lut.
Using template $paramod$247b9f770cbc5fb75c0d8b7d5cd0d69ef97e8a15$lut for cells of type $lut.
Using template $paramod$lut\WIDTH=32'00000000000000000000000000000011\LUT=8'10111000 for cells of type $lut.
Using template $paramod$lut\WIDTH=32'00000000000000000000000000000011\LUT=8'00111010 for cells of type $lut.
Using template $paramod$2fe495f602d2c12e9eb854a991e9deee26af189f$lut for cells of type $lut.
Using template $paramod$219b71aec9a19e7a27754ed85a7d6cdad9e5ec96$lut for cells of type $lut.
Using template $paramod$5f99aa1a31b4f0c356281a67e16706e1e689d29f$lut for cells of type $lut.
Using template $paramod$lut\WIDTH=32'00000000000000000000000000000011\LUT=8'00000001 for cells of type $lut.
Using template $paramod$a1cfe99817bd6d57a83efd5e1c3fc26a743b692f$lut for cells of type $lut.
Using template $paramod$d646cd5cb36fb1f9dd2b06f584b3b88b2dec1d24$lut for cells of type $lut.
Using template $paramod$f24ba3ced4b870f8e829f5ac5a8af88573350e6f$lut for cells of type $lut.
Using template $paramod$f7cbd8f5974233f70d25c33ef6a692898e4f6377$lut for cells of type $lut.
Using template $paramod$25003f26a78bb2f583f23824f1e0b8cc16b88761$lut for cells of type $lut.
Using template $paramod$658b9ed803f0d3d335616d3858b53e0a2522f1e8$lut for cells of type $lut.
Using template $paramod$272652f6c6fbe9a75eff76e45cc7e2788835518b$lut for cells of type $lut.
Using template $paramod$802937636c830004373e16b327889ec06d3fe50c$lut for cells of type $lut.
Using template $paramod$d6ca727e39f31d51d29072e0f33aa09c65e37336$lut for cells of type $lut.
Using template $paramod$611e5863a30eeacc19b5015939188ef7be763eab$lut for cells of type $lut.
Using template $paramod$9640380942618015231dc80e07fe9e6281ac216a$lut for cells of type $lut.
Using template $paramod$7e3d8ac009723e554811ad53385162c0e6a41625$lut for cells of type $lut.
Using template $paramod$0acc8d601702e9b60288baa3d5cf1d38d4f22457$lut for cells of type $lut.
Using template $paramod$de2e28f1851b2c5d82b6e526dab75f4ceddd7971$lut for cells of type $lut.
Using template $paramod$lut\WIDTH=32'00000000000000000000000000000011\LUT=8'00110101 for cells of type $lut.
Using template $paramod$lut\WIDTH=32'00000000000000000000000000000011\LUT=8'11001010 for cells of type $lut.
Using template $paramod$c50bf79556f7c35c37bbd3d892f752a0609f21ca$lut for cells of type $lut.
Using template $paramod$ffbdf3001f0d2972a014e8e8948b59dcda97f633$lut for cells of type $lut.
Using template $paramod$lut\WIDTH=32'00000000000000000000000000000011\LUT=8'00100001 for cells of type $lut.
Using template $paramod$17f1b90a5c6d7e6613368c5e7d3f44dd634e59e2$lut for cells of type $lut.
Using template $paramod$a5516fc31d1e552de2435200bb732b4d4ad63a9c$lut for cells of type $lut.
Using template $paramod$08a16e25f6e3a830446cd389fea8b17b277e0617$lut for cells of type $lut.
Using template $paramod$b26fbfdb68e98cf016d61a8611b449e9f4a30f3c$lut for cells of type $lut.
Using template $paramod$lut\WIDTH=32'00000000000000000000000000000011\LUT=8'10101100 for cells of type $lut.
Using template $paramod$086937f2e69afb7c662e45e33f5a7616aa818da8$lut for cells of type $lut.
Using template $paramod$eab8c2e20ad6848564bec45c7148558972138f5b$lut for cells of type $lut.
Using template $paramod$dcba541ad53a9873d71bfba6c13dc2a8e2a60a79$lut for cells of type $lut.
Using template $paramod$571404c0889eaf57f492cb5e37f8acb5df5852f9$lut for cells of type $lut.
Using template $paramod$251994398653c4cf8de320f1e306e535d5d2d624$lut for cells of type $lut.
Using template $paramod$7cd69f5f562497db37067abd048cf8f680ab8c0a$lut for cells of type $lut.
Using template $paramod$lut\WIDTH=32'00000000000000000000000000000011\LUT=8'10001011 for cells of type $lut.
Using template $paramod$c28a8b7ce0535d090c4cfb52e9c74affd52b110c$lut for cells of type $lut.
Using template $paramod$lut\WIDTH=32'00000000000000000000000000000011\LUT=8'00010000 for cells of type $lut.
Using template $paramod$65ded9066c2ba0c381446d7e483a87d0bcfafbb2$lut for cells of type $lut.
Using template $paramod$lut\WIDTH=32'00000000000000000000000000000010\LUT=4'0100 for cells of type $lut.
Using template $paramod$2bbec90035bea8ace991b30dd6d61930d1c61b49$lut for cells of type $lut.
Using template $paramod$lut\WIDTH=32'00000000000000000000000000000011\LUT=8'00000010 for cells of type $lut.
Using template $paramod$lut\WIDTH=32'00000000000000000000000000000011\LUT=8'00101100 for cells of type $lut.
Using template $paramod$bba54c1ef87367812b4c15f4aed5ac70773df775$lut for cells of type $lut.
Using template $paramod$2f4ff9c62deb1e9b8ba9fa5da8739e2cd2631b97$lut for cells of type $lut.
Using template $paramod$lut\WIDTH=32'00000000000000000000000000000011\LUT=8'01110000 for cells of type $lut.
Using template $paramod$973818279bc95792902f3c09371fd2407d04a2a5$lut for cells of type $lut.
Using template $paramod$4cab3b31c601551ff65536bf4f533afa0b2094ee$lut for cells of type $lut.
Using template $paramod$7d7d10d01ad0b0f84c295373b1fe3864889e6539$lut for cells of type $lut.
Using template $paramod$97208951e215f90b4f6395abe0e3212702ec5317$lut for cells of type $lut.
Using template $paramod$873c285bdccf0ac2b60d2304ea5cd14bf211d2a6$lut for cells of type $lut.
Using template $paramod$fca001e3e0b52158a872e76e56c01ec10dfbb1de$lut for cells of type $lut.
Using template $paramod$8e2ae10bc1869d5c8bd44394946692eae95667da$lut for cells of type $lut.
Using template $paramod$7425d6b117f514d343b9172026ed9ca0b449e677$lut for cells of type $lut.
Using template $paramod$b878d636a8aef297866bacfdf74f76f2f8306191$lut for cells of type $lut.
Using template $paramod$50c04e0d9d4d18fa1d48fde34511146cb9a57d39$lut for cells of type $lut.
Using template $paramod$lut\WIDTH=32'00000000000000000000000000000010\LUT=4'0010 for cells of type $lut.
Using template $paramod$85cf051f3fdf14ba130bb79bde25282f3f79c3fc$lut for cells of type $lut.
Using template $paramod$5a3b726670ce434c27ab6d39e16edfbe9baa03b2$lut for cells of type $lut.
Using template $paramod$6d6beead1425af15cf78b27fd9b11b41b5d4bce8$lut for cells of type $lut.
Using template $paramod$7e9df0afb32b76fe5fce0691b8752aca650057fa$lut for cells of type $lut.
Using template $paramod$ae1412d08a7a42ec7343cf278866f91b6014443b$lut for cells of type $lut.
Using template $paramod$55ecde0ef16094344b1770ab3a738a5be7d0ecd4$lut for cells of type $lut.
Using template $paramod$f61939e729186dddf4cfc633df5f99e3a22bca8e$lut for cells of type $lut.
Using template $paramod$6e238df02989b317f10820a22773676e71120644$lut for cells of type $lut.
Using template $paramod$8e2b259d24733d1482877e5c0e7952d17110d553$lut for cells of type $lut.
Using template $paramod$84d42c23705295465f37640c24b519ce6b5a776e$lut for cells of type $lut.
Using template $paramod$47358a38903650e45440c053be524b96606cfb68$lut for cells of type $lut.
Using template $paramod$364c9ffbffac467d60dfec81bba4e18476c15602$lut for cells of type $lut.
Using template $paramod$a63014c5e66a56dc5e61848489c809a59ebe7c34$lut for cells of type $lut.
Using template $paramod$6e46ec5a196ba1a24b8e69ab094cadc07c13ac1f$lut for cells of type $lut.
Using template $paramod$b2e5fc5f2c55e5497181b88fc595e4bcd0d86d93$lut for cells of type $lut.
Using template $paramod$2978a73989be3e1278af72b9db666c30fa0ff85b$lut for cells of type $lut.
Using template $paramod$8725745b077dcf8fedfccb07d40ab74f7d955c3e$lut for cells of type $lut.
Using template $paramod$ed10455c824c2a3761aabdeb1e31dad905f66e6e$lut for cells of type $lut.
Using template $paramod$b45e5cb971154e30a797eecb0461619c3eeae12d$lut for cells of type $lut.
Using template $paramod$eaea85d27cc0950ed001348e061727a194f5cf9c$lut for cells of type $lut.
Using template $paramod$47a8214374025465e226fa66bee690ff33268a25$lut for cells of type $lut.
Using template $paramod$lut\WIDTH=32'00000000000000000000000000000011\LUT=8'11110111 for cells of type $lut.
Using template $paramod$lut\WIDTH=32'00000000000000000000000000000011\LUT=8'00000111 for cells of type $lut.
Using template $paramod$79d80045160acbc0d1af40b4482c8215c1427a42$lut for cells of type $lut.
Using template $paramod$b1680225cc6a5792caa95f54b8b3218fae21705d$lut for cells of type $lut.
Using template $paramod$bdb8384de273df93ee25bfb2cd0250d17f43210f$lut for cells of type $lut.
Using template $paramod$fd3ed3a223484aac184d1b7412ec4cfe4ca64c32$lut for cells of type $lut.
Using template $paramod$70702a43631e3f8616e03e55e62de62a0ae6f041$lut for cells of type $lut.
Using template $paramod$8512f4fb47fa9596f76cdbe5b407a5b54df368e7$lut for cells of type $lut.
Using template $paramod$2d07c1a6c53c7b878509360922c4fa5ebedc3011$lut for cells of type $lut.
Using template $paramod$df196ed0a1da5c4a58c5e08a1dac304fd3fccaab$lut for cells of type $lut.
Using template $paramod$b287726797d0722f64e731f1134f7c05af8f1578$lut for cells of type $lut.
Using template $paramod$8d7a8d6e3356de09670738ba85f2c6b874f6b06d$lut for cells of type $lut.
Using template $paramod$f45429e380905f064bb0bad3a8bdb941708e63a7$lut for cells of type $lut.
Using template $paramod$29fb0dcbea7e19908c494ce4a8a756b15e2a78b6$lut for cells of type $lut.
Using template $paramod$f019b2c602ecd9ed4136572df2723ed58884f4db$lut for cells of type $lut.
Using template $paramod$lut\WIDTH=32'00000000000000000000000000000011\LUT=8'00001011 for cells of type $lut.
Using template $paramod$3d6ff48dad780115f150188c2b52b3d3d98948c0$lut for cells of type $lut.
Using template $paramod$0e0a0cbc483941fc4de23ab574554afd35bef3f4$lut for cells of type $lut.
Using template $paramod$e67f7401ddeed7957ea40cf37767a32ba5d5b941$lut for cells of type $lut.
Using template $paramod$a191129d10a368b82781b98ff31865427345b51c$lut for cells of type $lut.
Using template $paramod$30305e55a780880b9c824fe3509a4d981acb0f2b$lut for cells of type $lut.
Using template $paramod$lut\WIDTH=32'00000000000000000000000000000011\LUT=8'11100000 for cells of type $lut.
Using template $paramod$d7856980c8e3df62f97c26ab34037f33a9e831b5$lut for cells of type $lut.
Using template $paramod$e8b1383c6901b56df73ac402d78a5e0a42461be0$lut for cells of type $lut.
Using template $paramod$f9813472aa48e533b3838c6f2316dc2e78c66111$lut for cells of type $lut.
Using template $paramod$3ccc23db184ad4ca7ed34ebe2511de41d5d97e78$lut for cells of type $lut.
Using template $paramod$101238f3d8d49ab12a9b49a2f01cd503b26e9c61$lut for cells of type $lut.
Using template $paramod$cf652acbfbf67d2248e3045cd0f09c58ca55886c$lut for cells of type $lut.
Using template $paramod$ac4f3a1cf4958a797e644d9d43b873cdd7e50e51$lut for cells of type $lut.
Using template $paramod$097592bb16245531f0716c5ddb18d7090f9c7d9d$lut for cells of type $lut.
Using template $paramod$6be53ab59e0a69757fc32adb071ddcb64e8c87b6$lut for cells of type $lut.
Using template $paramod$39825c5ed3d135e502be79829033166f1762d78b$lut for cells of type $lut.
Using template $paramod$b7685cb0c8a6753256bc84bc31d36a443c15fab7$lut for cells of type $lut.
Using template $paramod$lut\WIDTH=32'00000000000000000000000000000010\LUT=4'0111 for cells of type $lut.
Using template $paramod$7ffc04c088a4897014506d1e561a14b627924059$lut for cells of type $lut.
Using template $paramod$7f1ac77c5d84ef62fa0ac317f9798af74d02a33d$lut for cells of type $lut.
Using template $paramod$9990ab0c74f8ba92b39f2a5d4120e5c1a27d4094$lut for cells of type $lut.
Using template $paramod$4b2297966ddb718657b80566604f97685ffc0120$lut for cells of type $lut.
Using template $paramod$05f19d9c2311a3d1ab38ece311a1bb9f96c62043$lut for cells of type $lut.
Using template $paramod$cd6c4b4da6d8737b72fd2dc8f5d83d8967445809$lut for cells of type $lut.
Using template $paramod$9891217114ca63a6e9d48073351d843bb1d46faf$lut for cells of type $lut.
Using template $paramod$179512a187da069f3b79ef6612a41e494e7d54b6$lut for cells of type $lut.
Using template $paramod$lut\WIDTH=32'00000000000000000000000000000011\LUT=8'11101111 for cells of type $lut.
Using template $paramod$9795d6356b577f21fd54ac904f5cedf0c5f885d9$lut for cells of type $lut.
Using template $paramod$bcc0beb2839b16a001e1d0679ee6f6d806471d7b$lut for cells of type $lut.
Using template $paramod$lut\WIDTH=32'00000000000000000000000000000011\LUT=8'00000100 for cells of type $lut.
Using template $paramod$d35161d1d7976dcc02e7c7d51172431be85143b4$lut for cells of type $lut.
Using template $paramod$865395c0228487a64a8e4011cecafc2c64b79f2b$lut for cells of type $lut.
Using template $paramod$be48d952fcad8a16b8d84daa4c48a3065f343e5e$lut for cells of type $lut.
Using template $paramod$79419002b6613ad7bfb185e306282b53760d8bfc$lut for cells of type $lut.
Using template $paramod$b40080b643baa8bb528ec249e10d82b2d80dfed9$lut for cells of type $lut.
Using template $paramod$d52cb446bc89fafcaa49f2b908e540f513a4d760$lut for cells of type $lut.
Using template $paramod$120a87b4d35296b05b24677cd37b06ca03137330$lut for cells of type $lut.
Using template $paramod$825b59cbfb58847dd28f50a3872d124190d3eb19$lut for cells of type $lut.
Using template $paramod$lut\WIDTH=32'00000000000000000000000000000010\LUT=4'1101 for cells of type $lut.
Using template $paramod$a6ef2a845efd4ff0d96bc4fd2f06cc3516fa63ff$lut for cells of type $lut.
Using template $paramod$fdb7d2f78b1b1d86177579c82e917e4e8af6f77d$lut for cells of type $lut.
Using template $paramod$f3ada871809f362efd8eb0c4fb952bb5c98f0750$lut for cells of type $lut.
Using template $paramod$lut\WIDTH=32'00000000000000000000000000000011\LUT=8'11111011 for cells of type $lut.
Using template $paramod$06e62c2045624c211a1abe4f2f36c8f22c688165$lut for cells of type $lut.
Using template $paramod$8c24dc0cdd336b7fb88bbf7eed45cec5cbae862b$lut for cells of type $lut.
Using template $paramod$0d3ac82cf5b8a192d5ff4c23e3143360366ae882$lut for cells of type $lut.
Using template $paramod$1f6f4e0c38a68ed22c0391bff11c5390c4beec3c$lut for cells of type $lut.
Using template $paramod$dcb6bcdc053739953805098c28fd1e82c6865b34$lut for cells of type $lut.
Using template $paramod$7991e43c533565df3969b82a304afcde859daeba$lut for cells of type $lut.
Using template $paramod$779a912c2e61b008e2ba6da235f91f694eb7e6d7$lut for cells of type $lut.
Using template $paramod$lut\WIDTH=32'00000000000000000000000000000011\LUT=8'10101110 for cells of type $lut.
Using template $paramod$0c5a54c406cdb1ed108583f5d43071050a5e4d5c$lut for cells of type $lut.
Using template $paramod$lut\WIDTH=32'00000000000000000000000000000011\LUT=8'11000101 for cells of type $lut.
Using template $paramod$e7ea51e7360126f0cef0e7ba58da7f2d9cbcbad4$lut for cells of type $lut.
Using template $paramod$84f4f1db72921f11c5ff5a4dc511dfd4d3da404b$lut for cells of type $lut.
Using template $paramod$lut\WIDTH=32'00000000000000000000000000000010\LUT=4'1011 for cells of type $lut.
Using template $paramod$lut\WIDTH=32'00000000000000000000000000000010\LUT=4'1110 for cells of type $lut.
Using template $paramod$c10d01b143eb6141509ddde7b2692c459117f790$lut for cells of type $lut.
Using template $paramod$7b082453f8f50d473c2ca98926eb119a6094bfa4$lut for cells of type $lut.
Using template $paramod$9851cb11f88bbbf4a516c0595f3b0113b1f100c4$lut for cells of type $lut.
Using template $paramod$7a02e05acb86bef14143e0e435fb2c7bb50c485b$lut for cells of type $lut.
Using template $paramod$lut\WIDTH=32'00000000000000000000000000000011\LUT=8'00100000 for cells of type $lut.
Using template $paramod$b538fc33095f13ed6731484a6a9ff942d5ab13d1$lut for cells of type $lut.
Using template $paramod$7ff054bf1849e35157c5493ac1b0fb5805fe014a$lut for cells of type $lut.
Using template $paramod$4bc63a5fc7bec0c6c04fadfb8a7f889068bd2e65$lut for cells of type $lut.
Using template $paramod$9df5a7460fc82bf83284092438a969af70687bc1$lut for cells of type $lut.
Using template $paramod$608f40069c27841a5b3bdf03643a34bdc8974072$lut for cells of type $lut.
Using template $paramod$lut\WIDTH=32'00000000000000000000000000000011\LUT=8'11001110 for cells of type $lut.
Using template $paramod$lut\WIDTH=32'00000000000000000000000000000011\LUT=8'11011100 for cells of type $lut.
Using template $paramod$c1a19a87ccbbb03d43a72335db63f692ddf82cc1$lut for cells of type $lut.
Using template $paramod$lut\WIDTH=32'00000000000000000000000000000011\LUT=8'01010001 for cells of type $lut.
Using template $paramod$c79843a7a21eda73c585e76a35dd51b0a4d6fd36$lut for cells of type $lut.
Using template $paramod$lut\WIDTH=32'00000000000000000000000000000011\LUT=8'11111000 for cells of type $lut.
Using template $paramod$bcd0ec8486cd042d1327ec39d9c0f6f57473bc07$lut for cells of type $lut.
Using template $paramod$fb5496753f4cd235e71c284b2ffee9d41a960ca2$lut for cells of type $lut.
Using template $paramod$lut\WIDTH=32'00000000000000000000000000000011\LUT=8'10111111 for cells of type $lut.
Using template $paramod$e2372f20dfa8b54b21637ffb5cbd5a4f43a05e34$lut for cells of type $lut.
Using template $paramod$lut\WIDTH=32'00000000000000000000000000000011\LUT=8'00101110 for cells of type $lut.
Using template $paramod$f9df0bb8fc3cbb332d575e165ec04d3cfd4c90ca$lut for cells of type $lut.
Using template $paramod$121f66828c71d3c18a58c99e9f44b94525cfca81$lut for cells of type $lut.
Using template $paramod$91b0090c19111cfbff217402a869c941180fe95c$lut for cells of type $lut.
Using template $paramod$94ab9dd9d6a139764483084ab284ec4cf5d905eb$lut for cells of type $lut.
Using template $paramod$9b742027133b4fde85a5459539c0c07da9610d18$lut for cells of type $lut.
Using template $paramod$6b0849254d6c87461fb93e37cc18f089f61eb912$lut for cells of type $lut.
Using template $paramod$93d76e007098c6f6075be768abeacda4627e26ab$lut for cells of type $lut.
Using template $paramod$040791c04ea86e31acd675021d95f3dbcc5a17ea$lut for cells of type $lut.
Using template $paramod$3b77d611b6ff6bb4f151534a7c73ecfabc8b0452$lut for cells of type $lut.
Using template $paramod$19e5b38cca183d8b6b3a15d20dc995c09cd71893$lut for cells of type $lut.
Using template $paramod$f6fd960e4368c1f6d1027db9420ab563e324b665$lut for cells of type $lut.
Using template $paramod$b156d7d727608c05895aa1bad12c9b2bf324dee2$lut for cells of type $lut.
Using template $paramod$db0b151baeb6ef2043c37b4674cd7fb6030c588e$lut for cells of type $lut.
Using template $paramod$bbb10333e84a7e80f65e1494ebbfbf3f28568fcd$lut for cells of type $lut.
Using template $paramod$a6597eda4608f36e684c1dd07ed552fcbec112b2$lut for cells of type $lut.
Using template $paramod$lut\WIDTH=32'00000000000000000000000000000011\LUT=8'10010000 for cells of type $lut.
Using template $paramod$d7a57e3f17cca0000bf99e780affc8ef7d1cf41b$lut for cells of type $lut.
Using template $paramod$505cc4e17a98e69df099ad3b168abe5f49ce84d8$lut for cells of type $lut.
Using template $paramod$lut\WIDTH=32'00000000000000000000000000000011\LUT=8'11011000 for cells of type $lut.
Using template $paramod$ee70dfc7a8d490ea31c9c4fdc2db3c88bc33bf09$lut for cells of type $lut.
Using template $paramod$5321e04f7ce32c091123c3570ab562efb1c81402$lut for cells of type $lut.
Using template $paramod$b97b4d354cee824747eaa8e781fee61d17edc383$lut for cells of type $lut.
Using template $paramod$lut\WIDTH=32'00000000000000000000000000000011\LUT=8'10001101 for cells of type $lut.
Using template $paramod$9506ecf18c91672f3dae4008b6ad1f2863e8019f$lut for cells of type $lut.
Using template $paramod$5995d6d099b139e85f99f4dc922eeb853038f669$lut for cells of type $lut.
Using template $paramod$lut\WIDTH=32'00000000000000000000000000000011\LUT=8'11100100 for cells of type $lut.
Using template $paramod$e2d96f36ef28053ecd27167cd95b944485ac3146$lut for cells of type $lut.
Using template $paramod$fc529edbc71a004b65c9955f02c9b8bcfef67f84$lut for cells of type $lut.
Using template $paramod$19457468c03b53ec09024ada785c6816b7d0407d$lut for cells of type $lut.
Using template $paramod$lut\WIDTH=32'00000000000000000000000000000011\LUT=8'01001100 for cells of type $lut.
Using template $paramod$lut\WIDTH=32'00000000000000000000000000000011\LUT=8'11100010 for cells of type $lut.
Using template $paramod$lut\WIDTH=32'00000000000000000000000000000011\LUT=8'11011111 for cells of type $lut.
Using template $paramod$e51a8a571bee774247b38f52d6e85fd62ae52cea$lut for cells of type $lut.
Using template $paramod$lut\WIDTH=32'00000000000000000000000000000011\LUT=8'10001100 for cells of type $lut.
Using template $paramod$lut\WIDTH=32'00000000000000000000000000000011\LUT=8'01011101 for cells of type $lut.
Using template $paramod$lut\WIDTH=32'00000000000000000000000000000011\LUT=8'01111111 for cells of type $lut.
Using template $paramod$fe5677e4d731d8423259c6eef92c48034299190b$lut for cells of type $lut.
Using template $paramod$016e7bb39cb5b92a5663cfe9cf595d742efff6f2$lut for cells of type $lut.
Using template $paramod$ea9f0804ffa1047d479d3e00429394419ff5856b$lut for cells of type $lut.
Using template $paramod$e1ac894a2723e96ae103a1941dc871fbb0ccd216$lut for cells of type $lut.
Using template $paramod$3e63470ea7a06b3eefdfb990254dd83d20fa13a7$lut for cells of type $lut.
Using template $paramod$67913137ca3f966ff2f569165be4786b1518b76c$lut for cells of type $lut.
Using template $paramod$b9ae2725032d016e61ed1b354a201a6f6dd7b642$lut for cells of type $lut.
Using template $paramod$599ddd1535c1b05e3a58ce55fa4ef8fc792b1d67$lut for cells of type $lut.
Using template $paramod$96b88e987a5a94f6555d50cd65fde7a290b148c8$lut for cells of type $lut.
Using template $paramod$lut\WIDTH=32'00000000000000000000000000000011\LUT=8'10110001 for cells of type $lut.
Using template $paramod$ef96da75fd5d12ea1d35c52a6ba59013d8e2c059$lut for cells of type $lut.
Using template $paramod$d4046ec0a7c027d2bde8c206115bf26437a1e924$lut for cells of type $lut.
Using template $paramod$8fd8efe0a495790cc9ddc97266933ea8a8cd7b45$lut for cells of type $lut.
Using template $paramod$70030fad4752898f91dbdc976f7643d169393c6b$lut for cells of type $lut.
Using template $paramod$20f3f4b8e32f8a8b038b0056872dc94926194798$lut for cells of type $lut.
Using template $paramod$c1747c0c7cb4f86c4813433b4d41103fb3fe105a$lut for cells of type $lut.
Using template $paramod$lut\WIDTH=32'00000000000000000000000000000011\LUT=8'01101010 for cells of type $lut.
Using template $paramod$lut\WIDTH=32'00000000000000000000000000000011\LUT=8'11110010 for cells of type $lut.
Using template $paramod$f9e6b8c8bbaa4b164a91075c553341d15958d0ba$lut for cells of type $lut.
Using template $paramod$df29fe9e6d6d694a9cc5697e4251bf7d8cd4d8e4$lut for cells of type $lut.
Using template $paramod$a54d8b8d2c90a828ee71c2d82e7e1612992a7ab8$lut for cells of type $lut.
Using template $paramod$4170b61df2c872a54de3c1d4c334814e6eafe14f$lut for cells of type $lut.
Using template $paramod$5502a85110dbca29ac631107f0b0635e7fade476$lut for cells of type $lut.
Using template $paramod$1eb604e25e5dd8661f9ad5fe709ab24d48a14997$lut for cells of type $lut.
Using template $paramod$30234ddca80ec18fbcf4d45d8bd1821aad47e8fd$lut for cells of type $lut.
Using template $paramod$6e424bd4a747f8421ac946af3d9bb3a47fd0b233$lut for cells of type $lut.
Using template $paramod$baa939b0bd5b3e0c8760492528669bd58f640542$lut for cells of type $lut.
Using template $paramod$06d48384215a4b9c4c65d4c357d3c17e83169d72$lut for cells of type $lut.
Using template $paramod$7491e7206ae8c682d288373efe06a43b67c277cf$lut for cells of type $lut.
Using template $paramod$e4194407746abfe058895841c3172bf999a9aea8$lut for cells of type $lut.
Using template $paramod$fdcae86fcfd036c1880a04306ae771a9d7579c31$lut for cells of type $lut.
Using template $paramod$ac58dde3ccb42cb70e5cc4eb565a0549b0e7e3b6$lut for cells of type $lut.
Using template $paramod$301321002cb28483434a813b17302088bf27b78e$lut for cells of type $lut.
Using template $paramod$ecdd11b23ce15ecd2330bc0b492ca75ce147976f$lut for cells of type $lut.
Using template $paramod$5e9374f44a27c3f8a1c38af244ec43ceb4fb8d4f$lut for cells of type $lut.
Using template $paramod$06460152ef9e13ace1c9ee3453b598b261598cb2$lut for cells of type $lut.
Using template $paramod$lut\WIDTH=32'00000000000000000000000000000011\LUT=8'01001111 for cells of type $lut.
Using template $paramod$lut\WIDTH=32'00000000000000000000000000000011\LUT=8'00111011 for cells of type $lut.
Using template $paramod$a670b08a47dd8a34f954c50cd06e9996d77e8467$lut for cells of type $lut.
Using template $paramod$53ce561f80f32d4298a3beadc88b6c5c78293221$lut for cells of type $lut.
Using template $paramod$55b7c9c528a8b112fdf90975c0bf01da640665b5$lut for cells of type $lut.
Using template $paramod$daac9b1e7bb2ac018f7132a3fbe0026ddd7b1a71$lut for cells of type $lut.
Using template $paramod$37c9af120c85145419565a9ccf4ceb7397fbbe92$lut for cells of type $lut.
Using template $paramod$f9b715fbf1040e81e900b2461c2390d17ed5e988$lut for cells of type $lut.
Using template $paramod$8df7b8badc182c20ce048bfb3d2f08b3f7d14b9e$lut for cells of type $lut.
Using template $paramod$ead66ba22839f96e739c8f1b5a09bc1717b3be02$lut for cells of type $lut.
Using template $paramod$d79e8c7f0cb3bd049a34d82ec5fe688d444e5a52$lut for cells of type $lut.
Using template $paramod$7d35f3eb4056e6484203c99fe42cfcf1dfaba704$lut for cells of type $lut.
Using template $paramod$56e6d8a28a52006bb4e50e077743f0a2163235af$lut for cells of type $lut.
Using template $paramod$b86b68a00733dbecb31d58a14a13683475a2002a$lut for cells of type $lut.
Using template $paramod$ce23c8cef76b1a8b8b143bfa07ff3a4e4564b99e$lut for cells of type $lut.
Using template $paramod$8322f95ca396e5aaddcc69277ce590abe4617531$lut for cells of type $lut.
Using template $paramod$1241d759e3df4cac11dc7c99c36b0d1b07f7a673$lut for cells of type $lut.
Using template $paramod$d0f8e9e00b83cb69742e69fe894a4d457c015e6a$lut for cells of type $lut.
Using template $paramod$bdd0743498c1b082701359850a99d6fbd624c0dd$lut for cells of type $lut.
Using template $paramod$478e33feeac3aa53ff57d491aada044b8aedceae$lut for cells of type $lut.
Using template $paramod$lut\WIDTH=32'00000000000000000000000000000011\LUT=8'00110001 for cells of type $lut.
Using template $paramod$8f8f3ed0dfbd822273417c0b66ef033f29ee6b95$lut for cells of type $lut.
Using template $paramod$f3e2787dc13ce8cba761a8a91118a32a52b8906f$lut for cells of type $lut.
Using template $paramod$8494168726d27c2200605afcf1fb7470bf987857$lut for cells of type $lut.
Using template $paramod$1f599fe65ead07e6bc301fa280380189bd7f71bf$lut for cells of type $lut.
Using template $paramod$7d4a1ac3c9467d5f3054838e9727a2863f2fc294$lut for cells of type $lut.
Using template $paramod$3f0f7cc7eda482229ec6bd7ecbe5616e9dd2e40d$lut for cells of type $lut.
Using template $paramod$b72d0a9f7a4920eaca9781b5e8db5ce1d99f84fd$lut for cells of type $lut.
Using template $paramod$cd90509c22e1a603f409cb42f9e09a11dea067ca$lut for cells of type $lut.
Using template $paramod$411ccb9902af6597029d6f4876c1fd7e79e2b508$lut for cells of type $lut.
Using template $paramod$cef3d344f236016ad78f511d970c0ed55dc829c5$lut for cells of type $lut.
Using template $paramod$0a927579eee66bd18a9837223b6e0a7cfa5ab0b6$lut for cells of type $lut.
Using template $paramod$31ea2d6383111ae9716c91ed706836a45d1a3ea3$lut for cells of type $lut.
Using template $paramod$5132bd7bda59a227f1c4c1d8c0411aefb54c51f4$lut for cells of type $lut.
Using template $paramod$624c533cb42c2f2683288607f34589b12a24a367$lut for cells of type $lut.
Using template $paramod$lut\WIDTH=32'00000000000000000000000000000011\LUT=8'01110010 for cells of type $lut.
Using template $paramod$81018019865ce3c4ae4ecb45a20b7a601d39d0c8$lut for cells of type $lut.
Using template $paramod$5b5755730b9a53f6c50cca29ba2f99d7e0bc0fe6$lut for cells of type $lut.
Using template $paramod$ba7b4568c306470a7f204c239212739869e234a1$lut for cells of type $lut.
Using template $paramod$7cf1a73e0ae63a41670f715b833963fbd8dcaa17$lut for cells of type $lut.
Using template $paramod$e6d61e5e52018f8d3fe280aad543cad1e662fe83$lut for cells of type $lut.
Using template $paramod$bcae70a9660d397f29c760d17d9a062af145206e$lut for cells of type $lut.
Using template $paramod$aff3a645bb9f572421a4f0f49cf8987ceb4bcdc5$lut for cells of type $lut.
Using template $paramod$bd9ca93cd39b5fe47626ea753886fe0f81c62e68$lut for cells of type $lut.
Using template $paramod$lut\WIDTH=32'00000000000000000000000000000011\LUT=8'11101000 for cells of type $lut.
Using template $paramod$90bf02bfbc9ec8907e9d716c05e921b93d4705fd$lut for cells of type $lut.
Using template $paramod$e197e162644f13ba3d6def1b385f7543969ee569$lut for cells of type $lut.
Using template $paramod$lut\WIDTH=32'00000000000000000000000000000011\LUT=8'01001110 for cells of type $lut.
Using template $paramod$lut\WIDTH=32'00000000000000000000000000000011\LUT=8'00011011 for cells of type $lut.
Using template $paramod$6d05ee5be4fbc817e6482b590e1831ddde15ffbe$lut for cells of type $lut.
Using template $paramod$448496cb53eb7c1242b5786d67bd117d88f563fb$lut for cells of type $lut.
Using template $paramod$234fd643079033ba0cbc98ff572df9b7b7a0dc86$lut for cells of type $lut.
Using template $paramod$c71ed138d834112b80a85f4478e2e21f72e5c48b$lut for cells of type $lut.
Using template $paramod$03b4181d05f7ae07b9b6819e3830b0bd064a4efc$lut for cells of type $lut.
Using template $paramod$5c7d886f3b88971ac55fed4bca034a87bf180f7d$lut for cells of type $lut.
Using template $paramod$a39e9b040c600be8b32ed3010c751970388c7358$lut for cells of type $lut.
Using template $paramod$lut\WIDTH=32'00000000000000000000000000000011\LUT=8'11000110 for cells of type $lut.
Using template $paramod$725c7935b219edec970fdeae1a5161c7577a1fb2$lut for cells of type $lut.
Using template $paramod$3cbeb0c9c05219076d15c80ba61981b72b36edc5$lut for cells of type $lut.
Using template $paramod$82b4a585d1edcb5c6e755dc9bd3392228a1c1304$lut for cells of type $lut.
Using template $paramod$6bf2caa40fb1acb49d1a3518d072e0f81faf3832$lut for cells of type $lut.
Using template $paramod$993c4247bd27277eb9f982be96e0f00c20b6c4f9$lut for cells of type $lut.
Using template $paramod$16894c241be5ea1f024e9339dea788b4dbe184ae$lut for cells of type $lut.
Using template $paramod$c8f16510db975553c8b0be1064e8f5234175f8a8$lut for cells of type $lut.
Using template $paramod$9e394303e290a474880b56f98766417009256d93$lut for cells of type $lut.
Using template $paramod$97ca706fec9a5eeeb79c4b81f2ed524eda35d187$lut for cells of type $lut.
Using template $paramod$2519369102810c93a6a374dd0894f7db48965952$lut for cells of type $lut.
Using template $paramod$d411a09387fd8cedc7091e004adb50d5f4c3d45a$lut for cells of type $lut.
Using template $paramod$c6a0421f5b5114b68e9782f0585d571421cf8f01$lut for cells of type $lut.
Using template $paramod$74b88973ec1b4011436044ad7d9940531eda196f$lut for cells of type $lut.
Using template $paramod$9a79c3432028e5f1d7c480c0b9d7b4837eb2bc95$lut for cells of type $lut.
Using template $paramod$58df2c605746858c7e53492c8f57d6f1fafa12d2$lut for cells of type $lut.
Using template $paramod$4f885685dad0f4b3e324e9c13364f17ead36f4ec$lut for cells of type $lut.
Using template $paramod$lut\WIDTH=32'00000000000000000000000000000010\LUT=4'1001 for cells of type $lut.
Using template $paramod$e5758a88c2c156ccb3037f71a73d1b15af5b310d$lut for cells of type $lut.
Using template $paramod$fd025d19c25a1884d39bf6fd9179cb93526b8565$lut for cells of type $lut.
Using template $paramod$018ced85a9218308f67e1f8f3840fe7a9ad4bdbe$lut for cells of type $lut.
Using template $paramod$2645ed3928f2726e8ccb403cb23252de43b617d7$lut for cells of type $lut.
Using template $paramod$633ae299df262467973f925d88826d85d4a12fb4$lut for cells of type $lut.
Using template $paramod$d88478cfcd67640d1d25b55bda182e43c1956400$lut for cells of type $lut.
Using template $paramod$86289896ce53c30269e94174b740104c46255c61$lut for cells of type $lut.
Using template $paramod$5d3c172243e3c415ad04e6bc3a7880b5f6b9722d$lut for cells of type $lut.
Using template $paramod$lut\WIDTH=32'00000000000000000000000000000011\LUT=8'00010011 for cells of type $lut.
Using template $paramod$239081b1531d84a8a5bcf44e8905df542d8d240e$lut for cells of type $lut.
Using template $paramod$d5c7dda3e544463bf43ed73dadb51262f5dcf2fe$lut for cells of type $lut.
Using template $paramod$d54d0e440c49fc9214ad93b5a7a39944cc09a889$lut for cells of type $lut.
Using template $paramod$2d2913a0da6307a136cd83b65d53aea2874862e5$lut for cells of type $lut.
Using template $paramod$4a14e79756b08a1d692476c2348ee927a696f65b$lut for cells of type $lut.
Using template $paramod$43779580bfffd5d5a9f321249a174febf1dac288$lut for cells of type $lut.
Using template $paramod$debd9b669717840687fe3e52f7822c4b59921848$lut for cells of type $lut.
Using template $paramod$6a34cd5b50e324824168b4186d0b04ba5e83b039$lut for cells of type $lut.
Using template $paramod$f85f1073c412d406200a6a72283f918c8b751314$lut for cells of type $lut.
Using template $paramod$6be975a26177567f2cfc4f74d7e868df03416887$lut for cells of type $lut.
Using template $paramod$703a13a751e631ef123f38f7d2125aeabec0f94c$lut for cells of type $lut.
Using template $paramod$lut\WIDTH=32'00000000000000000000000000000011\LUT=8'00001110 for cells of type $lut.
Using template $paramod$3cb6b46749407fd249a11b84b63abd5e78889b66$lut for cells of type $lut.
Using template $paramod$0968a996322329bd4c6547799645fcadeb04c32b$lut for cells of type $lut.
Using template $paramod$566d25958ae3c7bb6da39604781cb619384ca89a$lut for cells of type $lut.
Using template $paramod$3ed7a1f8582c474f8b9e9f60bcced772e6f8b4f5$lut for cells of type $lut.
Using template $paramod$e942ff15257dd44eb70ae034d1b665e0116c7a3e$lut for cells of type $lut.
Using template $paramod$7e8fe64f22f1153a85bf31be98f3c990173d62ab$lut for cells of type $lut.
Using template $paramod$e2af334daa6ace2e938de589841bfb5dbf3ab2bd$lut for cells of type $lut.
Using template $paramod$lut\WIDTH=32'00000000000000000000000000000011\LUT=8'11000100 for cells of type $lut.
Using template $paramod$d2845ee2da121e591069744d16cf238f53bde61d$lut for cells of type $lut.
Using template $paramod$11c8a0532ba9d971252419a72d4f85ab2c4dc081$lut for cells of type $lut.
Using template $paramod$908f47c264ca19cc0c21d07b63a487a6b042de45$lut for cells of type $lut.
Using template $paramod$cad8f5c808e91f937dcf797b89e646787b39867a$lut for cells of type $lut.
Using template $paramod$be6ac5828ef34873154e44fd05a2dbaadc4bbfbd$lut for cells of type $lut.
Using template $paramod$e9c77024ca501b890c641f9c0b10e27242db8730$lut for cells of type $lut.
Using template $paramod$d4016dbc07d92f4737de285cbb22ec723fd89319$lut for cells of type $lut.
Using template $paramod$3f8de76d5901ddf9563eb3c7b60ca602ef842817$lut for cells of type $lut.
Using template $paramod$3f330f3f236f8a0c8630b339a705c122dda8a3af$lut for cells of type $lut.
Using template $paramod$c24ed72ebb67e9ead6029e42e909ef7fc0abbb11$lut for cells of type $lut.
Using template $paramod$efc60783c939ae41b2f3555af407b17c007b27f8$lut for cells of type $lut.
Using template $paramod$2aa716f9a4c5591c2aa6059f9b8a14d113f28078$lut for cells of type $lut.
Using template $paramod$b31370d4969b9a0b73861d9fe4755093af2f12ca$lut for cells of type $lut.
Using template $paramod$ee0d8770f142857e1e665d7f6c8b0ea034def1f5$lut for cells of type $lut.
Using template $paramod$739c7cfb112c3df1b7be7bbf0e7330ebb5b4bb5c$lut for cells of type $lut.
Using template $paramod$12ef31446fd6f1fa9ed73d48ce76ac19cf9ea31d$lut for cells of type $lut.
Using template $paramod$a95d093814a2601a0ff7bf547b0ea4521347a48e$lut for cells of type $lut.
Using template $paramod$274b33a2197f5102f1a5c75b95d5dcaf1b02d819$lut for cells of type $lut.
Using template $paramod$lut\WIDTH=32'00000000000000000000000000000011\LUT=8'10100010 for cells of type $lut.
Using template $paramod$1b53a9695a0f80de7517b50863b438fd2b7f56da$lut for cells of type $lut.
Using template $paramod$d188f72f7d05a7f9563857ebc18eaeb2de23819b$lut for cells of type $lut.
Using template $paramod$d1567818414311e9272a5c9fdf2e1ba57d08a85b$lut for cells of type $lut.
Using template $paramod$88fd76ae9707e59fd685af46aff26bdcd7e7fb7f$lut for cells of type $lut.
Using template $paramod$5bbc8d49c3fc31cf6661312d1516e2aaafe308a4$lut for cells of type $lut.
Using template $paramod$af763bca85949884aefa417266a961f9c91132de$lut for cells of type $lut.
Using template $paramod$lut\WIDTH=32'00000000000000000000000000000011\LUT=8'00101000 for cells of type $lut.
Using template $paramod$0e7ce19e5da99c6675c7a5220f7cc55270b24ac0$lut for cells of type $lut.
Using template $paramod$b574a45e447526d24162a8f5310b0931c2227a89$lut for cells of type $lut.
Using template $paramod$66caeb00a39d236782a97659e3bd99621b74681b$lut for cells of type $lut.
Using template $paramod$lut\WIDTH=32'00000000000000000000000000000001\LUT=2'01 for cells of type $lut.
No more expansions possible.
<suppressed ~7844 debug messages>

3.47. Executing OPT_LUT_INS pass (discard unused LUT inputs).
Optimizing LUTs in top.
  Optimizing lut $abc$87063$lut$aiger87062$5869.genblk1.genblk1.genblk1.genblk1.genblk1.lut1 (4 -> 1)
  Optimizing lut $abc$87063$lut$flatten\cpu.\vexriscv.$procmux$1767_Y[4].genblk1.genblk1.genblk1.genblk1.genblk1.lut1 (4 -> 1)
  Optimizing lut $abc$87063$lut$flatten\cpu.\vexriscv.$procmux$1767_Y[18].genblk1.genblk1.genblk1.genblk1.genblk1.lut1 (4 -> 1)
  Optimizing lut $abc$87063$lut\cpu.vexriscv.decode_INSTRUCTION_ANTICIPATED[15].genblk1.genblk1.genblk1.genblk1.genblk1.genblk1.lut2 (4 -> 2)
  Optimizing lut $abc$87063$lut\cpu.vexriscv.decode_INSTRUCTION_ANTICIPATED[15].genblk1.genblk1.genblk1.genblk1.genblk1.genblk1.lut3 (4 -> 2)
  Optimizing lut $abc$87063$lut$aiger87062$4364.genblk1.genblk1.genblk1.genblk1.genblk1.genblk1.genblk1.lut1 (4 -> 3)
  Optimizing lut $abc$87063$lut$aiger87062$4364.genblk1.genblk1.genblk1.genblk1.genblk1.genblk1.genblk1.lut2 (4 -> 1)
  Optimizing lut $abc$87063$lut$aiger87062$4364.genblk1.genblk1.genblk1.genblk1.genblk1.genblk1.genblk1.lut3 (4 -> 1)
  Optimizing lut $abc$87063$lut$aiger87062$4364.genblk1.genblk1.genblk1.genblk1.genblk1.genblk1.genblk1.lut4 (4 -> 1)
  Optimizing lut $abc$87063$lut$aiger87062$4364.genblk1.genblk1.genblk1.genblk1.genblk1.genblk1.genblk1.lut5 (4 -> 1)
  Optimizing lut $abc$87063$lut$aiger87062$4364.genblk1.genblk1.genblk1.genblk1.genblk1.genblk1.genblk1.lut6 (4 -> 1)
  Optimizing lut $abc$87063$lut$aiger87062$4364.genblk1.genblk1.genblk1.genblk1.genblk1.genblk1.genblk1.lut7 (4 -> 1)
  Optimizing lut $abc$87063$lut$aiger87062$7557.genblk1.genblk1.genblk1.genblk1.genblk1.lut1 (4 -> 1)
  Optimizing lut $abc$87063$lut\cpu.vexriscv.decode_INSTRUCTION_ANTICIPATED[16].genblk1.genblk1.genblk1.genblk1.genblk1.genblk1.lut1 (4 -> 1)
  Optimizing lut $abc$87063$lut\cpu.vexriscv.decode_INSTRUCTION_ANTICIPATED[16].genblk1.genblk1.genblk1.genblk1.genblk1.genblk1.lut2 (4 -> 3)
  Optimizing lut $abc$87063$lut$aiger87062$4400.genblk1.genblk1.genblk1.genblk1.genblk1.genblk1.genblk1.lut1 (4 -> 0)
  Optimizing lut $abc$87063$lut$aiger87062$4400.genblk1.genblk1.genblk1.genblk1.genblk1.genblk1.genblk1.lut2 (4 -> 0)
  Optimizing lut $abc$87063$lut$aiger87062$4400.genblk1.genblk1.genblk1.genblk1.genblk1.genblk1.genblk1.lut3 (4 -> 0)
  Optimizing lut $abc$87063$lut$aiger87062$4400.genblk1.genblk1.genblk1.genblk1.genblk1.genblk1.genblk1.lut4 (4 -> 0)
  Optimizing lut $abc$87063$lut$aiger87062$4400.genblk1.genblk1.genblk1.genblk1.genblk1.genblk1.genblk1.lut6 (4 -> 0)
  Optimizing lut $abc$87063$lut$aiger87062$4400.genblk1.genblk1.genblk1.genblk1.genblk1.genblk1.genblk1.lut7 (4 -> 0)
  Optimizing lut $abc$87063$lut\cpu.vexriscv.decode_INSTRUCTION_ANTICIPATED[17].genblk1.genblk1.genblk1.genblk1.genblk1.genblk1.lut1 (4 -> 3)
  Optimizing lut $abc$87063$lut\cpu.vexriscv.decode_INSTRUCTION_ANTICIPATED[17].genblk1.genblk1.genblk1.genblk1.genblk1.genblk1.lut2 (4 -> 1)
  Optimizing lut $abc$87063$lut$flatten\cpu.\vexriscv.$procmux$1767_Y[3].genblk1.genblk1.genblk1.genblk1.genblk1.lut1 (4 -> 1)
  Optimizing lut $abc$87063$lut$aiger87062$4446.genblk1.genblk1.genblk1.genblk1.genblk1.genblk1.lut2 (4 -> 1)
  Optimizing lut $abc$87063$lut$aiger87062$4446.genblk1.genblk1.genblk1.genblk1.genblk1.genblk1.lut3 (4 -> 1)
  Optimizing lut $abc$87063$lut$flatten\cpu.\vexriscv.$procmux$1758_Y[19].genblk1.genblk1.genblk1.genblk1.genblk1.lut1 (4 -> 1)
  Optimizing lut $abc$87063$lut$aiger87062$7061.genblk1.genblk1.genblk1.genblk1.genblk1.lut1 (4 -> 1)
  Optimizing lut $abc$87063$lut$flatten\cpu.\vexriscv.$procmux$1758_Y[0].genblk1.genblk1.genblk1.genblk1.genblk1.lut1 (4 -> 1)
  Optimizing lut $abc$87063$lut$aiger87062$7280.genblk1.genblk1.genblk1.genblk1.genblk1.lut1 (4 -> 1)
  Optimizing lut $abc$87063$lut$flatten\cpu.\vexriscv.$procmux$1767_Y[17].genblk1.genblk1.genblk1.genblk1.genblk1.lut1 (4 -> 1)
  Optimizing lut $abc$87063$lut$flatten\cpu.\vexriscv.$procmux$1767_Y[7].genblk1.genblk1.genblk1.genblk1.genblk1.lut1 (4 -> 1)
  Optimizing lut $abc$87063$lut$aiger87062$6473.genblk1.genblk1.genblk1.genblk1.genblk1.lut1 (4 -> 1)
  Optimizing lut $abc$87063$lut$flatten\cpu.\vexriscv.$procmux$1758_Y[30].genblk1.genblk1.genblk1.genblk1.genblk1.lut1 (4 -> 1)
  Optimizing lut $abc$87063$lut$flatten\cpu.\vexriscv.$procmux$1758_Y[21].genblk1.genblk1.genblk1.genblk1.genblk1.lut1 (4 -> 1)
  Optimizing lut $abc$87063$lut$flatten\cpu.\vexriscv.$procmux$1758_Y[6].genblk1.genblk1.genblk1.genblk1.genblk1.lut1 (4 -> 1)
  Optimizing lut $abc$87063$lut$flatten\cpu.\vexriscv.$procmux$1758_Y[5].genblk1.genblk1.genblk1.genblk1.genblk1.lut1 (4 -> 1)
  Optimizing lut $abc$87063$lut$flatten\cpu.\vexriscv.$procmux$1767_Y[15].genblk1.genblk1.genblk1.genblk1.genblk1.lut1 (4 -> 1)
  Optimizing lut $abc$87063$lut$aiger87062$5592.genblk1.genblk1.genblk1.genblk1.genblk1.genblk1.lut2 (4 -> 3)
  Optimizing lut $abc$87063$lut$aiger87062$5639.genblk1.genblk1.genblk1.genblk1.genblk1.genblk1.lut2 (4 -> 3)
  Optimizing lut $abc$87063$lut$aiger87062$7843.genblk1.genblk1.genblk1.genblk1.genblk1.lut1 (4 -> 1)
  Optimizing lut $abc$87063$lut\cpu.vexriscv.decode_INSTRUCTION_ANTICIPATED[20].genblk1.genblk1.genblk1.genblk1.genblk1.genblk1.lut2 (4 -> 1)
  Optimizing lut $abc$87063$lut\cpu.vexriscv.decode_INSTRUCTION_ANTICIPATED[20].genblk1.genblk1.genblk1.genblk1.genblk1.genblk1.lut3 (4 -> 1)
  Optimizing lut $abc$87063$lut$flatten\cpu.\vexriscv.$procmux$1758_Y[20].genblk1.genblk1.genblk1.genblk1.genblk1.lut1 (4 -> 1)
  Optimizing lut $abc$87063$lut$aiger87062$3948.genblk1.genblk1.genblk1.genblk1.genblk1.lut1 (4 -> 1)
  Optimizing lut $abc$87063$lut\cpu.vexriscv.decode_INSTRUCTION_ANTICIPATED[22].genblk1.genblk1.genblk1.genblk1.genblk1.genblk1.lut1 (4 -> 2)
  Optimizing lut $abc$87063$lut\cpu.vexriscv.decode_INSTRUCTION_ANTICIPATED[22].genblk1.genblk1.genblk1.genblk1.genblk1.genblk1.lut2 (4 -> 2)
  Optimizing lut $abc$87063$lut\cpu.vexriscv.decode_INSTRUCTION_ANTICIPATED[22].genblk1.genblk1.genblk1.genblk1.genblk1.genblk1.lut3 (4 -> 2)
  Optimizing lut $abc$87063$lut$aiger87062$3964.genblk1.genblk1.genblk1.genblk1.genblk1.genblk1.lut1 (4 -> 1)
  Optimizing lut $abc$87063$lut$aiger87062$3964.genblk1.genblk1.genblk1.genblk1.genblk1.genblk1.lut2 (4 -> 1)
  Optimizing lut $abc$87063$lut$aiger87062$3964.genblk1.genblk1.genblk1.genblk1.genblk1.genblk1.lut3 (4 -> 1)
  Optimizing lut $abc$87063$lut$aiger87062$3985.genblk1.genblk1.genblk1.genblk1.genblk1.genblk1.genblk1.lut1 (4 -> 1)
  Optimizing lut $abc$87063$lut$aiger87062$3985.genblk1.genblk1.genblk1.genblk1.genblk1.genblk1.genblk1.lut3 (4 -> 2)
  Optimizing lut $abc$87063$lut$aiger87062$3985.genblk1.genblk1.genblk1.genblk1.genblk1.genblk1.genblk1.lut4 (4 -> 1)
  Optimizing lut $abc$87063$lut$aiger87062$3985.genblk1.genblk1.genblk1.genblk1.genblk1.genblk1.genblk1.lut5 (4 -> 1)
  Optimizing lut $abc$87063$lut$aiger87062$3985.genblk1.genblk1.genblk1.genblk1.genblk1.genblk1.genblk1.lut6 (4 -> 2)
  Optimizing lut $abc$87063$lut$aiger87062$3985.genblk1.genblk1.genblk1.genblk1.genblk1.genblk1.genblk1.lut7 (4 -> 2)
  Optimizing lut $abc$87063$lut$aiger87062$3998.genblk1.genblk1.genblk1.genblk1.genblk1.genblk1.genblk1.lut1 (4 -> 2)
  Optimizing lut $abc$87063$lut$aiger87062$3998.genblk1.genblk1.genblk1.genblk1.genblk1.genblk1.genblk1.lut2 (4 -> 3)
  Optimizing lut $abc$87063$lut$aiger87062$3998.genblk1.genblk1.genblk1.genblk1.genblk1.genblk1.genblk1.lut4 (4 -> 0)
  Optimizing lut $abc$87063$lut$aiger87062$3998.genblk1.genblk1.genblk1.genblk1.genblk1.genblk1.genblk1.lut5 (4 -> 0)
  Optimizing lut $abc$87063$lut$aiger87062$3998.genblk1.genblk1.genblk1.genblk1.genblk1.genblk1.genblk1.lut6 (4 -> 0)
  Optimizing lut $abc$87063$lut$aiger87062$3998.genblk1.genblk1.genblk1.genblk1.genblk1.genblk1.genblk1.lut7 (4 -> 0)
  Optimizing lut $abc$87063$lut$flatten\cpu.\vexriscv.$procmux$1767_Y[8].genblk1.genblk1.genblk1.genblk1.genblk1.lut1 (4 -> 1)
  Optimizing lut $abc$87063$lut$flatten\cpu.\vexriscv.$procmux$1767_Y[12].genblk1.genblk1.genblk1.genblk1.genblk1.lut1 (4 -> 1)
  Optimizing lut $abc$87063$lut$aiger87062$3824.genblk1.genblk1.genblk1.genblk1.genblk1.lut1 (4 -> 0)
  Optimizing lut $abc$87063$lut$aiger87062$3833.genblk1.genblk1.genblk1.genblk1.genblk1.lut1 (4 -> 1)
  Optimizing lut $abc$87063$lut$flatten\cpu.\vexriscv.$procmux$1767_Y[27].genblk1.genblk1.genblk1.genblk1.genblk1.lut1 (4 -> 1)
  Optimizing lut $abc$87063$lut$aiger87062$8184.genblk1.genblk1.genblk1.genblk1.genblk1.lut1 (4 -> 1)
  Optimizing lut $abc$87063$lut\cpu.vexriscv.decode_INSTRUCTION_ANTICIPATED[19].genblk1.genblk1.genblk1.genblk1.genblk1.genblk1.lut2 (4 -> 3)
  Optimizing lut $abc$87063$lut$aiger87062$4412.genblk1.genblk1.genblk1.genblk1.genblk1.lut1 (4 -> 3)
  Optimizing lut $abc$87063$lut$aiger87062$4457.genblk1.genblk1.genblk1.genblk1.genblk1.lut1 (4 -> 1)
  Optimizing lut $auto$abc9_ops.cc:1612:reintegrate$87077.genblk1.genblk1.genblk1.genblk1.genblk1.lut1 (4 -> 1)
  Optimizing lut $auto$abc9_ops.cc:1612:reintegrate$87116.genblk1.genblk1.genblk1.genblk1.genblk1.lut1 (4 -> 1)
  Optimizing lut $auto$abc9_ops.cc:1612:reintegrate$87130.genblk1.genblk1.genblk1.genblk1.genblk1.lut1 (4 -> 1)
  Optimizing lut $auto$abc9_ops.cc:1612:reintegrate$87136.genblk1.genblk1.genblk1.genblk1.genblk1.lut1 (4 -> 1)
  Optimizing lut $auto$abc9_ops.cc:1612:reintegrate$87137.genblk1.genblk1.genblk1.genblk1.genblk1.lut1 (4 -> 1)
  Optimizing lut $auto$abc9_ops.cc:1612:reintegrate$87167.genblk1.genblk1.genblk1.genblk1.genblk1.lut1 (4 -> 2)
  Optimizing lut $auto$abc9_ops.cc:1612:reintegrate$87184.genblk1.genblk1.genblk1.genblk1.genblk1.lut1 (4 -> 2)
  Optimizing lut $auto$abc9_ops.cc:1612:reintegrate$87193.genblk1.genblk1.genblk1.genblk1.genblk1.lut1 (4 -> 2)
  Optimizing lut $auto$abc9_ops.cc:1612:reintegrate$87203.genblk1.genblk1.genblk1.genblk1.genblk1.lut1 (4 -> 1)
  Optimizing lut $auto$abc9_ops.cc:1612:reintegrate$87214.genblk1.genblk1.genblk1.genblk1.genblk1.lut1 (4 -> 1)
  Optimizing lut $auto$abc9_ops.cc:1612:reintegrate$87232.genblk1.genblk1.genblk1.genblk1.genblk1.lut1 (4 -> 1)
  Optimizing lut $auto$abc9_ops.cc:1612:reintegrate$87255.genblk1.genblk1.genblk1.genblk1.genblk1.lut1 (4 -> 1)
  Optimizing lut $abc$87063$lut$aiger87062$4764.genblk1.genblk1.genblk1.genblk1.genblk1.lut1 (4 -> 3)
  Optimizing lut $abc$87063$lut$aiger87062$4668.genblk1.genblk1.genblk1.genblk1.genblk1.lut1 (4 -> 3)
  Optimizing lut $abc$87063$lut$aiger87062$4796.genblk1.genblk1.genblk1.genblk1.genblk1.lut1 (4 -> 3)
  Optimizing lut $abc$87063$lut$aiger87062$4939.genblk1.genblk1.genblk1.genblk1.genblk1.lut1 (4 -> 3)
  Optimizing lut $abc$87063$lut$aiger87062$4780.genblk1.genblk1.genblk1.genblk1.genblk1.lut1 (4 -> 3)
  Optimizing lut $abc$87063$lut$aiger87062$4700.genblk1.genblk1.genblk1.genblk1.genblk1.lut1 (4 -> 3)
  Optimizing lut $abc$87063$lut$aiger87062$4901.genblk1.genblk1.genblk1.genblk1.genblk1.lut1 (4 -> 3)
  Optimizing lut $abc$87063$lut$aiger87062$4684.genblk1.genblk1.genblk1.genblk1.genblk1.lut1 (4 -> 3)
  Optimizing lut $abc$87063$lut$aiger87062$4828.genblk1.genblk1.genblk1.genblk1.genblk1.lut1 (4 -> 3)
  Optimizing lut $abc$87063$lut$aiger87062$4588.genblk1.genblk1.genblk1.genblk1.genblk1.lut1 (4 -> 3)
  Optimizing lut $abc$87063$lut$aiger87062$3952.genblk1.genblk1.genblk1.genblk1.genblk1.lut1 (4 -> 0)
  Optimizing lut $abc$87063$lut$aiger87062$4160.genblk1.genblk1.genblk1.genblk1.genblk1.genblk1.lut1 (4 -> 1)
  Optimizing lut $abc$87063$lut$aiger87062$4160.genblk1.genblk1.genblk1.genblk1.genblk1.genblk1.lut2 (4 -> 0)
  Optimizing lut $auto$abc9_ops.cc:1612:reintegrate$87335.genblk1.genblk1.genblk1.genblk1.genblk1.lut1 (4 -> 1)
  Optimizing lut $auto$abc9_ops.cc:1612:reintegrate$87353.genblk1.genblk1.genblk1.genblk1.genblk1.lut1 (4 -> 1)
  Optimizing lut $auto$abc9_ops.cc:1612:reintegrate$87375.genblk1.genblk1.genblk1.genblk1.genblk1.lut1 (4 -> 1)
  Optimizing lut $abc$87063$lut$aiger87062$3797.genblk1.genblk1.genblk1.genblk1.genblk1.genblk1.genblk1.lut2 (4 -> 3)
  Optimizing lut $abc$87063$lut$aiger87062$3797.genblk1.genblk1.genblk1.genblk1.genblk1.genblk1.genblk1.lut3 (4 -> 3)
  Optimizing lut $abc$87063$lut$aiger87062$3797.genblk1.genblk1.genblk1.genblk1.genblk1.genblk1.genblk1.lut4 (4 -> 2)
  Optimizing lut $abc$87063$lut$aiger87062$3797.genblk1.genblk1.genblk1.genblk1.genblk1.genblk1.genblk1.lut5 (4 -> 2)
  Optimizing lut $abc$87063$lut$aiger87062$3797.genblk1.genblk1.genblk1.genblk1.genblk1.genblk1.genblk1.lut6 (4 -> 0)
  Optimizing lut $abc$87063$lut$aiger87062$3797.genblk1.genblk1.genblk1.genblk1.genblk1.genblk1.genblk1.lut7 (4 -> 1)
  Optimizing lut $abc$87063$lut$aiger87062$3910.genblk1.genblk1.genblk1.genblk1.genblk1.genblk1.genblk1.lut2 (4 -> 1)
  Optimizing lut $abc$87063$lut$aiger87062$3910.genblk1.genblk1.genblk1.genblk1.genblk1.genblk1.genblk1.lut3 (4 -> 1)
  Optimizing lut $abc$87063$lut$aiger87062$3910.genblk1.genblk1.genblk1.genblk1.genblk1.genblk1.genblk1.lut4 (4 -> 1)
  Optimizing lut $abc$87063$lut$aiger87062$3910.genblk1.genblk1.genblk1.genblk1.genblk1.genblk1.genblk1.lut5 (4 -> 1)
  Optimizing lut $abc$87063$lut$aiger87062$3910.genblk1.genblk1.genblk1.genblk1.genblk1.genblk1.genblk1.lut6 (4 -> 1)
  Optimizing lut $abc$87063$lut$aiger87062$3910.genblk1.genblk1.genblk1.genblk1.genblk1.genblk1.genblk1.lut7 (4 -> 1)
  Optimizing lut $abc$87063$lut$aiger87062$2969.genblk1.genblk1.genblk1.genblk1.genblk1.lut1 (4 -> 2)
  Optimizing lut $abc$87063$lut$aiger87062$4405.genblk1.genblk1.genblk1.genblk1.genblk1.genblk1.lut2 (4 -> 0)
  Optimizing lut $abc$87063$lut$aiger87062$4405.genblk1.genblk1.genblk1.genblk1.genblk1.genblk1.lut3 (4 -> 0)
  Optimizing lut $abc$87063$lut$aiger87062$3884.genblk1.genblk1.genblk1.genblk1.genblk1.genblk1.lut2 (4 -> 0)
  Optimizing lut $abc$87063$lut$aiger87062$3884.genblk1.genblk1.genblk1.genblk1.genblk1.genblk1.lut3 (4 -> 0)
  Optimizing lut $auto$abc9_ops.cc:1612:reintegrate$87391.genblk1.genblk1.genblk1.genblk1.genblk1.lut1 (4 -> 1)
  Optimizing lut $abc$87063$lut$aiger87062$3693.genblk1.genblk1.genblk1.genblk1.genblk1.genblk1.genblk1.lut2 (4 -> 1)
  Optimizing lut $abc$87063$lut$aiger87062$3693.genblk1.genblk1.genblk1.genblk1.genblk1.genblk1.genblk1.lut3 (4 -> 1)
  Optimizing lut $abc$87063$lut$aiger87062$3693.genblk1.genblk1.genblk1.genblk1.genblk1.genblk1.genblk1.lut4 (4 -> 1)
  Optimizing lut $abc$87063$lut$aiger87062$3693.genblk1.genblk1.genblk1.genblk1.genblk1.genblk1.genblk1.lut5 (4 -> 1)
  Optimizing lut $abc$87063$lut$aiger87062$3693.genblk1.genblk1.genblk1.genblk1.genblk1.genblk1.genblk1.lut6 (4 -> 1)
  Optimizing lut $abc$87063$lut$aiger87062$3693.genblk1.genblk1.genblk1.genblk1.genblk1.genblk1.genblk1.lut7 (4 -> 1)
  Optimizing lut $abc$87063$lut$aiger87062$3707.genblk1.genblk1.genblk1.genblk1.genblk1.genblk1.genblk1.lut2 (4 -> 1)
  Optimizing lut $abc$87063$lut$aiger87062$3707.genblk1.genblk1.genblk1.genblk1.genblk1.genblk1.genblk1.lut3 (4 -> 1)
  Optimizing lut $abc$87063$lut$aiger87062$3707.genblk1.genblk1.genblk1.genblk1.genblk1.genblk1.genblk1.lut4 (4 -> 1)
  Optimizing lut $abc$87063$lut$aiger87062$3707.genblk1.genblk1.genblk1.genblk1.genblk1.genblk1.genblk1.lut5 (4 -> 1)
  Optimizing lut $abc$87063$lut$aiger87062$3707.genblk1.genblk1.genblk1.genblk1.genblk1.genblk1.genblk1.lut6 (4 -> 1)
  Optimizing lut $abc$87063$lut$aiger87062$3707.genblk1.genblk1.genblk1.genblk1.genblk1.genblk1.genblk1.lut7 (4 -> 1)
  Optimizing lut $abc$87063$lut$aiger87062$3721.genblk1.genblk1.genblk1.genblk1.genblk1.genblk1.genblk1.lut2 (4 -> 1)
  Optimizing lut $abc$87063$lut$aiger87062$3721.genblk1.genblk1.genblk1.genblk1.genblk1.genblk1.genblk1.lut3 (4 -> 1)
  Optimizing lut $abc$87063$lut$aiger87062$3721.genblk1.genblk1.genblk1.genblk1.genblk1.genblk1.genblk1.lut4 (4 -> 1)
  Optimizing lut $abc$87063$lut$aiger87062$3721.genblk1.genblk1.genblk1.genblk1.genblk1.genblk1.genblk1.lut5 (4 -> 1)
  Optimizing lut $abc$87063$lut$aiger87062$3721.genblk1.genblk1.genblk1.genblk1.genblk1.genblk1.genblk1.lut6 (4 -> 1)
  Optimizing lut $abc$87063$lut$aiger87062$3721.genblk1.genblk1.genblk1.genblk1.genblk1.genblk1.genblk1.lut7 (4 -> 1)
  Optimizing lut $abc$87063$lut$aiger87062$3735.genblk1.genblk1.genblk1.genblk1.genblk1.genblk1.genblk1.lut2 (4 -> 1)
  Optimizing lut $abc$87063$lut$aiger87062$3735.genblk1.genblk1.genblk1.genblk1.genblk1.genblk1.genblk1.lut3 (4 -> 1)
  Optimizing lut $abc$87063$lut$aiger87062$3735.genblk1.genblk1.genblk1.genblk1.genblk1.genblk1.genblk1.lut4 (4 -> 1)
  Optimizing lut $abc$87063$lut$aiger87062$3735.genblk1.genblk1.genblk1.genblk1.genblk1.genblk1.genblk1.lut5 (4 -> 1)
  Optimizing lut $abc$87063$lut$aiger87062$3735.genblk1.genblk1.genblk1.genblk1.genblk1.genblk1.genblk1.lut6 (4 -> 1)
  Optimizing lut $abc$87063$lut$aiger87062$3735.genblk1.genblk1.genblk1.genblk1.genblk1.genblk1.genblk1.lut7 (4 -> 1)
  Optimizing lut $abc$87063$lut$aiger87062$3863.genblk1.genblk1.genblk1.genblk1.genblk1.genblk1.genblk1.lut2 (4 -> 1)
  Optimizing lut $abc$87063$lut$aiger87062$3863.genblk1.genblk1.genblk1.genblk1.genblk1.genblk1.genblk1.lut3 (4 -> 1)
  Optimizing lut $abc$87063$lut$aiger87062$3863.genblk1.genblk1.genblk1.genblk1.genblk1.genblk1.genblk1.lut4 (4 -> 1)
  Optimizing lut $abc$87063$lut$aiger87062$3863.genblk1.genblk1.genblk1.genblk1.genblk1.genblk1.genblk1.lut5 (4 -> 1)
  Optimizing lut $abc$87063$lut$aiger87062$3863.genblk1.genblk1.genblk1.genblk1.genblk1.genblk1.genblk1.lut6 (4 -> 1)
  Optimizing lut $abc$87063$lut$aiger87062$3863.genblk1.genblk1.genblk1.genblk1.genblk1.genblk1.genblk1.lut7 (4 -> 1)
  Optimizing lut $abc$87063$lut$aiger87062$3679.genblk1.genblk1.genblk1.genblk1.genblk1.genblk1.genblk1.lut2 (4 -> 0)
  Optimizing lut $abc$87063$lut$aiger87062$3679.genblk1.genblk1.genblk1.genblk1.genblk1.genblk1.genblk1.lut3 (4 -> 0)
  Optimizing lut $abc$87063$lut$aiger87062$3679.genblk1.genblk1.genblk1.genblk1.genblk1.genblk1.genblk1.lut4 (4 -> 0)
  Optimizing lut $abc$87063$lut$aiger87062$3679.genblk1.genblk1.genblk1.genblk1.genblk1.genblk1.genblk1.lut5 (4 -> 0)
  Optimizing lut $abc$87063$lut$aiger87062$3679.genblk1.genblk1.genblk1.genblk1.genblk1.genblk1.genblk1.lut6 (4 -> 0)
  Optimizing lut $abc$87063$lut$aiger87062$3679.genblk1.genblk1.genblk1.genblk1.genblk1.genblk1.genblk1.lut7 (4 -> 0)
  Optimizing lut $abc$87063$lut$aiger87062$3591.genblk1.genblk1.genblk1.genblk1.genblk1.genblk1.genblk1.lut2 (4 -> 1)
  Optimizing lut $abc$87063$lut$aiger87062$3591.genblk1.genblk1.genblk1.genblk1.genblk1.genblk1.genblk1.lut3 (4 -> 1)
  Optimizing lut $abc$87063$lut$aiger87062$3591.genblk1.genblk1.genblk1.genblk1.genblk1.genblk1.genblk1.lut4 (4 -> 1)
  Optimizing lut $abc$87063$lut$aiger87062$3591.genblk1.genblk1.genblk1.genblk1.genblk1.genblk1.genblk1.lut5 (4 -> 1)
  Optimizing lut $abc$87063$lut$aiger87062$3591.genblk1.genblk1.genblk1.genblk1.genblk1.genblk1.genblk1.lut6 (4 -> 1)
  Optimizing lut $abc$87063$lut$aiger87062$3591.genblk1.genblk1.genblk1.genblk1.genblk1.genblk1.genblk1.lut7 (4 -> 1)
  Optimizing lut $abc$87063$lut$aiger87062$3622.genblk1.genblk1.genblk1.genblk1.genblk1.genblk1.lut1 (4 -> 3)
  Optimizing lut $abc$87063$lut$aiger87062$3622.genblk1.genblk1.genblk1.genblk1.genblk1.genblk1.lut2 (4 -> 0)
  Optimizing lut $abc$87063$lut$aiger87062$3622.genblk1.genblk1.genblk1.genblk1.genblk1.genblk1.lut3 (4 -> 0)
  Optimizing lut $abc$87063$lut$aiger87062$3635.genblk1.genblk1.genblk1.genblk1.genblk1.genblk1.genblk1.lut1 (4 -> 3)
  Optimizing lut $abc$87063$lut$aiger87062$3635.genblk1.genblk1.genblk1.genblk1.genblk1.genblk1.genblk1.lut2 (4 -> 3)
  Optimizing lut $abc$87063$lut$aiger87062$3635.genblk1.genblk1.genblk1.genblk1.genblk1.genblk1.genblk1.lut3 (4 -> 3)
  Optimizing lut $abc$87063$lut$aiger87062$3635.genblk1.genblk1.genblk1.genblk1.genblk1.genblk1.genblk1.lut4 (4 -> 2)
  Optimizing lut $abc$87063$lut$aiger87062$3635.genblk1.genblk1.genblk1.genblk1.genblk1.genblk1.genblk1.lut5 (4 -> 2)
  Optimizing lut $abc$87063$lut$aiger87062$3635.genblk1.genblk1.genblk1.genblk1.genblk1.genblk1.genblk1.lut6 (4 -> 0)
  Optimizing lut $abc$87063$lut$aiger87062$3635.genblk1.genblk1.genblk1.genblk1.genblk1.genblk1.genblk1.lut7 (4 -> 1)
  Optimizing lut $abc$87063$lut$aiger87062$3603.genblk1.genblk1.genblk1.genblk1.genblk1.genblk1.genblk1.lut2 (4 -> 3)
  Optimizing lut $abc$87063$lut$aiger87062$3603.genblk1.genblk1.genblk1.genblk1.genblk1.genblk1.genblk1.lut3 (4 -> 3)
  Optimizing lut $abc$87063$lut$aiger87062$3603.genblk1.genblk1.genblk1.genblk1.genblk1.genblk1.genblk1.lut4 (4 -> 2)
  Optimizing lut $abc$87063$lut$aiger87062$3603.genblk1.genblk1.genblk1.genblk1.genblk1.genblk1.genblk1.lut5 (4 -> 2)
  Optimizing lut $abc$87063$lut$aiger87062$3603.genblk1.genblk1.genblk1.genblk1.genblk1.genblk1.genblk1.lut6 (4 -> 0)
  Optimizing lut $abc$87063$lut$aiger87062$3603.genblk1.genblk1.genblk1.genblk1.genblk1.genblk1.genblk1.lut7 (4 -> 1)
  Optimizing lut $abc$87063$lut$aiger87062$3656.genblk1.genblk1.genblk1.genblk1.genblk1.genblk1.genblk1.lut2 (4 -> 1)
  Optimizing lut $abc$87063$lut$aiger87062$3656.genblk1.genblk1.genblk1.genblk1.genblk1.genblk1.genblk1.lut3 (4 -> 1)
  Optimizing lut $abc$87063$lut$aiger87062$3656.genblk1.genblk1.genblk1.genblk1.genblk1.genblk1.genblk1.lut4 (4 -> 1)
  Optimizing lut $abc$87063$lut$aiger87062$3656.genblk1.genblk1.genblk1.genblk1.genblk1.genblk1.genblk1.lut5 (4 -> 1)
  Optimizing lut $abc$87063$lut$aiger87062$3656.genblk1.genblk1.genblk1.genblk1.genblk1.genblk1.genblk1.lut6 (4 -> 1)
  Optimizing lut $abc$87063$lut$aiger87062$3656.genblk1.genblk1.genblk1.genblk1.genblk1.genblk1.genblk1.lut7 (4 -> 1)
  Optimizing lut $abc$87063$lut$aiger87062$3671.genblk1.genblk1.genblk1.genblk1.genblk1.genblk1.genblk1.lut2 (4 -> 1)
  Optimizing lut $abc$87063$lut$aiger87062$3671.genblk1.genblk1.genblk1.genblk1.genblk1.genblk1.genblk1.lut3 (4 -> 1)
  Optimizing lut $abc$87063$lut$aiger87062$3671.genblk1.genblk1.genblk1.genblk1.genblk1.genblk1.genblk1.lut4 (4 -> 1)
  Optimizing lut $abc$87063$lut$aiger87062$3671.genblk1.genblk1.genblk1.genblk1.genblk1.genblk1.genblk1.lut5 (4 -> 1)
  Optimizing lut $abc$87063$lut$aiger87062$3671.genblk1.genblk1.genblk1.genblk1.genblk1.genblk1.genblk1.lut6 (4 -> 1)
  Optimizing lut $abc$87063$lut$aiger87062$3671.genblk1.genblk1.genblk1.genblk1.genblk1.genblk1.genblk1.lut7 (4 -> 1)
  Optimizing lut $abc$87063$lut$aiger87062$3765.genblk1.genblk1.genblk1.genblk1.genblk1.genblk1.genblk1.lut2 (4 -> 1)
  Optimizing lut $abc$87063$lut$aiger87062$3765.genblk1.genblk1.genblk1.genblk1.genblk1.genblk1.genblk1.lut3 (4 -> 1)
  Optimizing lut $abc$87063$lut$aiger87062$3765.genblk1.genblk1.genblk1.genblk1.genblk1.genblk1.genblk1.lut4 (4 -> 1)
  Optimizing lut $abc$87063$lut$aiger87062$3765.genblk1.genblk1.genblk1.genblk1.genblk1.genblk1.genblk1.lut5 (4 -> 1)
  Optimizing lut $abc$87063$lut$aiger87062$3765.genblk1.genblk1.genblk1.genblk1.genblk1.genblk1.genblk1.lut6 (4 -> 1)
  Optimizing lut $abc$87063$lut$aiger87062$3765.genblk1.genblk1.genblk1.genblk1.genblk1.genblk1.genblk1.lut7 (4 -> 1)
  Optimizing lut $abc$87063$lut$aiger87062$3816.genblk1.genblk1.genblk1.genblk1.genblk1.genblk1.genblk1.lut2 (4 -> 1)
  Optimizing lut $abc$87063$lut$aiger87062$3816.genblk1.genblk1.genblk1.genblk1.genblk1.genblk1.genblk1.lut3 (4 -> 1)
  Optimizing lut $abc$87063$lut$aiger87062$3816.genblk1.genblk1.genblk1.genblk1.genblk1.genblk1.genblk1.lut4 (4 -> 1)
  Optimizing lut $abc$87063$lut$aiger87062$3816.genblk1.genblk1.genblk1.genblk1.genblk1.genblk1.genblk1.lut5 (4 -> 1)
  Optimizing lut $abc$87063$lut$aiger87062$3816.genblk1.genblk1.genblk1.genblk1.genblk1.genblk1.genblk1.lut6 (4 -> 1)
  Optimizing lut $abc$87063$lut$aiger87062$3816.genblk1.genblk1.genblk1.genblk1.genblk1.genblk1.genblk1.lut7 (4 -> 1)
  Optimizing lut $abc$87063$lut\cpu.vexriscv.IBusCachedPlugin_decompressor_bufferValidPatched.genblk1.genblk1.genblk1.genblk1.genblk1.genblk1.genblk1.lut2 (4 -> 1)
  Optimizing lut $abc$87063$lut\cpu.vexriscv.IBusCachedPlugin_decompressor_bufferValidPatched.genblk1.genblk1.genblk1.genblk1.genblk1.genblk1.genblk1.lut3 (4 -> 1)
  Optimizing lut $abc$87063$lut\cpu.vexriscv.IBusCachedPlugin_decompressor_bufferValidPatched.genblk1.genblk1.genblk1.genblk1.genblk1.genblk1.genblk1.lut4 (4 -> 1)
  Optimizing lut $abc$87063$lut\cpu.vexriscv.IBusCachedPlugin_decompressor_bufferValidPatched.genblk1.genblk1.genblk1.genblk1.genblk1.genblk1.genblk1.lut5 (4 -> 1)
  Optimizing lut $abc$87063$lut\cpu.vexriscv.IBusCachedPlugin_decompressor_bufferValidPatched.genblk1.genblk1.genblk1.genblk1.genblk1.genblk1.genblk1.lut6 (4 -> 1)
  Optimizing lut $abc$87063$lut$aiger87062$3563.genblk1.genblk1.genblk1.genblk1.genblk1.genblk1.lut3 (4 -> 0)
  Optimizing lut $auto$abc9_ops.cc:1612:reintegrate$87398.genblk1.genblk1.genblk1.genblk1.genblk1.lut1 (4 -> 1)
  Optimizing lut $auto$abc9_ops.cc:1612:reintegrate$87409.genblk1.genblk1.genblk1.genblk1.genblk1.lut1 (4 -> 1)
  Optimizing lut $auto$abc9_ops.cc:1612:reintegrate$87428.genblk1.genblk1.genblk1.genblk1.genblk1.lut1 (4 -> 1)
  Optimizing lut $auto$abc9_ops.cc:1612:reintegrate$87477.genblk1.genblk1.genblk1.genblk1.genblk1.lut1 (4 -> 3)
  Optimizing lut $auto$abc9_ops.cc:1612:reintegrate$87478.genblk1.genblk1.genblk1.genblk1.genblk1.lut1 (4 -> 3)
  Optimizing lut $auto$abc9_ops.cc:1612:reintegrate$87479.genblk1.genblk1.genblk1.genblk1.genblk1.lut1 (4 -> 3)
  Optimizing lut $auto$abc9_ops.cc:1612:reintegrate$87480.genblk1.genblk1.genblk1.genblk1.genblk1.lut1 (4 -> 3)
  Optimizing lut $auto$abc9_ops.cc:1612:reintegrate$87481.genblk1.genblk1.genblk1.genblk1.genblk1.lut1 (4 -> 3)
  Optimizing lut $auto$abc9_ops.cc:1612:reintegrate$87482.genblk1.genblk1.genblk1.genblk1.genblk1.lut1 (4 -> 3)
  Optimizing lut $auto$abc9_ops.cc:1612:reintegrate$87483.genblk1.genblk1.genblk1.genblk1.genblk1.lut1 (4 -> 3)
  Optimizing lut $abc$87063$lut$aiger87062$8184.genblk1.genblk1.genblk1.genblk1.genblk1.lut0 (4 -> 3)
  Optimizing lut $abc$87063$lut$aiger87062$5869.genblk1.genblk1.genblk1.genblk1.genblk1.lut0 (4 -> 3)
  Optimizing lut $abc$87063$lut$aiger87062$10366.genblk1.genblk1.genblk1.genblk1.genblk1.lut0 (4 -> 3)
  Optimizing lut $abc$87063$lut$flatten\cpu.\vexriscv.$procmux$1758_Y[4].genblk1.genblk1.genblk1.genblk1.genblk1.lut1 (4 -> 1)
  Optimizing lut $abc$87063$lut$aiger87062$9806.genblk1.genblk1.genblk1.genblk1.genblk1.lut0 (4 -> 3)
  Optimizing lut $abc$87063$lut$aiger87062$4860.genblk1.genblk1.genblk1.genblk1.genblk1.lut1 (4 -> 3)
  Optimizing lut $abc$87063$lut$flatten\cpu.\vexriscv.$procmux$1758_Y[4].genblk1.genblk1.genblk1.genblk1.genblk1.lut0 (4 -> 3)
  Optimizing lut $abc$87063$lut$aiger87062$2924.genblk1.genblk1.genblk1.genblk1.genblk1.lut0 (4 -> 0)
  Optimizing lut $abc$87063$lut\cpu.vexriscv.IBusCachedPlugin_cache._zz_fetchStage_read_banksValue_0_dataMem[2].genblk1.genblk1.genblk1.genblk1.genblk1.lut1 (4 -> 0)
  Optimizing lut $abc$87063$lut$aiger87062$5154.genblk1.genblk1.genblk1.genblk1.genblk1.lut0 (4 -> 0)
  Optimizing lut $abc$87063$lut$aiger87062$5878.genblk1.genblk1.genblk1.genblk1.genblk1.lut0 (4 -> 2)
  Optimizing lut $abc$87063$lut$flatten\cpu.\vexriscv.$procmux$1767_Y[23].genblk1.genblk1.genblk1.genblk1.genblk1.lut1 (4 -> 1)
  Optimizing lut $auto$abc9_ops.cc:1612:reintegrate$87431.genblk1.genblk1.genblk1.genblk1.genblk1.lut1 (4 -> 1)
  Optimizing lut $abc$87063$lut$flatten\cpu.\vexriscv.$procmux$1767_Y[23].genblk1.genblk1.genblk1.genblk1.genblk1.lut0 (4 -> 3)
  Optimizing lut $abc$87063$lut$aiger87062$4254.genblk1.genblk1.genblk1.genblk1.genblk1.lut0 (4 -> 3)
  Optimizing lut $abc$87063$lut$aiger87062$4254.genblk1.genblk1.genblk1.genblk1.genblk1.lut1 (4 -> 3)
  Optimizing lut $abc$87063$lut$aiger87062$7698.genblk1.genblk1.genblk1.genblk1.genblk1.lut1 (4 -> 1)
  Optimizing lut $abc$87063$lut$aiger87062$4636.genblk1.genblk1.genblk1.genblk1.genblk1.lut1 (4 -> 3)
  Optimizing lut $auto$abc9_ops.cc:1612:reintegrate$87067.genblk1.genblk1.genblk1.genblk1.genblk1.lut1 (4 -> 1)
  Optimizing lut $auto$abc9_ops.cc:1612:reintegrate$87067.genblk1.genblk1.genblk1.genblk1.genblk1.lut0 (4 -> 3)
  Optimizing lut $abc$87063$lut$aiger87062$4652.genblk1.genblk1.genblk1.genblk1.genblk1.lut1 (4 -> 3)
  Optimizing lut $auto$abc9_ops.cc:1612:reintegrate$87071.genblk1.genblk1.genblk1.genblk1.genblk1.lut1 (4 -> 1)
  Optimizing lut $auto$abc9_ops.cc:1612:reintegrate$87071.genblk1.genblk1.genblk1.genblk1.genblk1.lut0 (4 -> 3)
  Optimizing lut $abc$87063$lut$aiger87062$2965.genblk1.genblk1.genblk1.genblk1.genblk1.lut0 (4 -> 3)
  Optimizing lut $abc$87063$lut$aiger87062$9806.genblk1.genblk1.genblk1.genblk1.genblk1.lut1 (4 -> 3)
  Optimizing lut $abc$87063$lut$aiger87062$9718.genblk1.genblk1.genblk1.genblk1.genblk1.lut1 (4 -> 3)
  Optimizing lut $abc$87063$lut$aiger87062$7417.genblk1.genblk1.genblk1.genblk1.genblk1.lut0 (4 -> 2)
  Optimizing lut $auto$abc9_ops.cc:1612:reintegrate$87077.genblk1.genblk1.genblk1.genblk1.genblk1.lut0 (4 -> 3)
  Optimizing lut $abc$87063$lut$aiger87062$9682.genblk1.genblk1.genblk1.genblk1.genblk1.lut1 (4 -> 3)
  Optimizing lut $abc$87063$lut$aiger87062$4265.genblk1.genblk1.genblk1.genblk1.genblk1.lut0 (4 -> 3)
  Optimizing lut $abc$87063$lut$aiger87062$9659.genblk1.genblk1.genblk1.genblk1.genblk1.lut1 (4 -> 3)
  Optimizing lut $auto$abc9_ops.cc:1612:reintegrate$87083.genblk1.genblk1.genblk1.genblk1.genblk1.lut1 (4 -> 1)
  Optimizing lut $abc$87063$lut\cpu.vexriscv.IBusCachedPlugin_cache._zz_fetchStage_read_banksValue_0_dataMem[3].genblk1.genblk1.genblk1.genblk1.genblk1.lut0 (4 -> 3)
  Optimizing lut $auto$abc9_ops.cc:1612:reintegrate$87083.genblk1.genblk1.genblk1.genblk1.genblk1.lut0 (4 -> 3)
  Optimizing lut $abc$87063$lut$aiger87062$6753.genblk1.genblk1.genblk1.genblk1.genblk1.lut0 (4 -> 3)
  Optimizing lut $abc$87063$lut$aiger87062$9783.genblk1.genblk1.genblk1.genblk1.genblk1.lut0 (4 -> 2)
  Optimizing lut $abc$87063$lut$flatten\cpu.\vexriscv.$procmux$1767_Y[16].genblk1.genblk1.genblk1.genblk1.genblk1.lut1 (4 -> 1)
  Optimizing lut $abc$87063$lut$flatten\cpu.\vexriscv.$procmux$1767_Y[16].genblk1.genblk1.genblk1.genblk1.genblk1.lut0 (4 -> 3)
  Optimizing lut $abc$87063$lut$aiger87062$7725.genblk1.genblk1.genblk1.genblk1.genblk1.lut1 (4 -> 3)
  Optimizing lut $abc$87063$lut$aiger87062$5185.genblk1.genblk1.genblk1.genblk1.genblk1.lut0 (4 -> 0)
  Optimizing lut $abc$87063$lut$aiger87062$8782.genblk1.genblk1.genblk1.genblk1.genblk1.lut1 (4 -> 0)
  Optimizing lut $abc$87063$lut$flatten\cpu.\vexriscv.$procmux$1767_Y[31].genblk1.genblk1.genblk1.genblk1.genblk1.lut1 (4 -> 1)
  Optimizing lut $abc$87063$lut$flatten\cpu.\vexriscv.$procmux$1767_Y[31].genblk1.genblk1.genblk1.genblk1.genblk1.lut0 (4 -> 3)
  Optimizing lut $abc$87063$lut$flatten\cpu.\vexriscv.$procmux$1758_Y[31].genblk1.genblk1.genblk1.genblk1.genblk1.lut1 (4 -> 1)
  Optimizing lut $abc$87063$lut$aiger87062$9458.genblk1.genblk1.genblk1.genblk1.genblk1.lut1 (4 -> 3)
  Optimizing lut $abc$87063$lut$flatten\cpu.\vexriscv.$procmux$1758_Y[31].genblk1.genblk1.genblk1.genblk1.genblk1.lut0 (4 -> 3)
  Optimizing lut $abc$87063$lut$flatten\cpu.\vexriscv.$procmux$1767_Y[26].genblk1.genblk1.genblk1.genblk1.genblk1.lut1 (4 -> 1)
  Optimizing lut $abc$87063$lut$aiger87062$4872.genblk1.genblk1.genblk1.genblk1.genblk1.lut1 (4 -> 3)
  Optimizing lut $abc$87063$lut$flatten\cpu.\vexriscv.$procmux$1767_Y[26].genblk1.genblk1.genblk1.genblk1.genblk1.lut0 (4 -> 3)
  Optimizing lut $abc$87063$lut$aiger87062$4748.genblk1.genblk1.genblk1.genblk1.genblk1.lut1 (4 -> 3)
  Optimizing lut $auto$abc9_ops.cc:1612:reintegrate$87090.genblk1.genblk1.genblk1.genblk1.genblk1.lut1 (4 -> 1)
  Optimizing lut $auto$abc9_ops.cc:1612:reintegrate$87090.genblk1.genblk1.genblk1.genblk1.genblk1.lut0 (4 -> 3)
  Optimizing lut $auto$abc9_ops.cc:1612:reintegrate$87092.genblk1.genblk1.genblk1.genblk1.genblk1.lut1 (4 -> 1)
  Optimizing lut $auto$abc9_ops.cc:1612:reintegrate$87092.genblk1.genblk1.genblk1.genblk1.genblk1.lut0 (4 -> 3)
  Optimizing lut $auto$abc9_ops.cc:1612:reintegrate$87168.genblk1.genblk1.genblk1.genblk1.genblk1.lut1 (4 -> 2)
  Optimizing lut $abc$87063$lut$aiger87062$9432.genblk1.genblk1.genblk1.genblk1.genblk1.lut1 (4 -> 3)
  Optimizing lut $auto$abc9_ops.cc:1612:reintegrate$87334.genblk1.genblk1.genblk1.genblk1.genblk1.lut1 (4 -> 1)
  Optimizing lut $auto$abc9_ops.cc:1612:reintegrate$87207.genblk1.genblk1.genblk1.genblk1.genblk1.lut1 (4 -> 2)
  Optimizing lut $abc$87063$lut$aiger87062$4604.genblk1.genblk1.genblk1.genblk1.genblk1.lut1 (4 -> 3)
  Optimizing lut $auto$abc9_ops.cc:1612:reintegrate$87096.genblk1.genblk1.genblk1.genblk1.genblk1.lut0 (4 -> 3)
  Optimizing lut $abc$87063$lut$aiger87062$3023.genblk1.genblk1.genblk1.genblk1.genblk1.lut0 (4 -> 0)
  Optimizing lut $abc$87063$lut$aiger87062$9257.genblk1.genblk1.genblk1.genblk1.genblk1.lut1 (4 -> 3)
  Optimizing lut $abc$87063$lut$aiger87062$9236.genblk1.genblk1.genblk1.genblk1.genblk1.lut1 (4 -> 3)
  Optimizing lut $auto$abc9_ops.cc:1612:reintegrate$87102.genblk1.genblk1.genblk1.genblk1.genblk1.lut0 (4 -> 3)
  Optimizing lut $abc$87063$lut$flatten\cpu.\vexriscv.$procmux$1758_Y[1].genblk1.genblk1.genblk1.genblk1.genblk1.lut1 (4 -> 1)
  Optimizing lut $abc$87063$lut$flatten\cpu.\vexriscv.$procmux$1758_Y[1].genblk1.genblk1.genblk1.genblk1.genblk1.lut0 (4 -> 3)
  Optimizing lut $abc$87063$lut$flatten\cpu.\vexriscv.$procmux$1767_Y[4].genblk1.genblk1.genblk1.genblk1.genblk1.lut0 (4 -> 3)
  Optimizing lut $abc$87063$lut$aiger87062$11058.genblk1.genblk1.genblk1.genblk1.genblk1.lut0 (4 -> 3)
  Optimizing lut $abc$87063$lut$aiger87062$8909.genblk1.genblk1.genblk1.genblk1.genblk1.lut1 (4 -> 3)
  Optimizing lut $auto$abc9_ops.cc:1612:reintegrate$87107.genblk1.genblk1.genblk1.genblk1.genblk1.lut1 (4 -> 1)
  Optimizing lut $abc$87063$lut$aiger87062$4620.genblk1.genblk1.genblk1.genblk1.genblk1.lut1 (4 -> 3)
  Optimizing lut $auto$abc9_ops.cc:1612:reintegrate$87107.genblk1.genblk1.genblk1.genblk1.genblk1.lut0 (4 -> 3)
  Optimizing lut $abc$87063$lut$flatten\cpu.\vexriscv.$procmux$1767_Y[18].genblk1.genblk1.genblk1.genblk1.genblk1.lut0 (4 -> 3)
  Optimizing lut $abc$87063$lut$aiger87062$4844.genblk1.genblk1.genblk1.genblk1.genblk1.lut1 (4 -> 3)
  Optimizing lut $abc$87063$lut$flatten\cpu.\vexriscv.$procmux$1758_Y[22].genblk1.genblk1.genblk1.genblk1.genblk1.lut1 (4 -> 1)
  Optimizing lut $auto$abc9_ops.cc:1612:reintegrate$87110.genblk1.genblk1.genblk1.genblk1.genblk1.lut1 (4 -> 1)
  Optimizing lut $abc$87063$lut$flatten\cpu.\vexriscv.$procmux$1758_Y[22].genblk1.genblk1.genblk1.genblk1.genblk1.lut0 (4 -> 3)
  Optimizing lut $auto$abc9_ops.cc:1612:reintegrate$87110.genblk1.genblk1.genblk1.genblk1.genblk1.lut0 (4 -> 3)
  Optimizing lut $abc$87063$lut$aiger87062$8940.genblk1.genblk1.genblk1.genblk1.genblk1.lut1 (4 -> 3)
  Optimizing lut $auto$abc9_ops.cc:1612:reintegrate$87291.genblk1.genblk1.genblk1.genblk1.genblk1.lut1 (4 -> 0)
  Optimizing lut $abc$87063$lut$aiger87062$7061.genblk1.genblk1.genblk1.genblk1.genblk1.lut0 (4 -> 3)
  Optimizing lut $auto$abc9_ops.cc:1612:reintegrate$87115.genblk1.genblk1.genblk1.genblk1.genblk1.lut1 (4 -> 1)
  Optimizing lut $abc$87063$lut$aiger87062$4572.genblk1.genblk1.genblk1.genblk1.genblk1.lut1 (4 -> 3)
  Optimizing lut $auto$abc9_ops.cc:1612:reintegrate$87115.genblk1.genblk1.genblk1.genblk1.genblk1.lut0 (4 -> 3)
  Optimizing lut $abc$87063$lut$auto$rtlil.cc:3302:And$3860.genblk1.genblk1.genblk1.genblk1.genblk1.lut0 (4 -> 0)
  Optimizing lut $abc$87063$lut$aiger87062$3781.genblk1.genblk1.genblk1.genblk1.genblk1.lut1 (4 -> 0)
  Optimizing lut $abc$87063$lut$aiger87062$12020.genblk1.genblk1.genblk1.genblk1.genblk1.lut0 (4 -> 3)
  Optimizing lut $abc$87063$lut$aiger87062$4716.genblk1.genblk1.genblk1.genblk1.genblk1.lut1 (4 -> 3)
  Optimizing lut $abc$87063$lut$aiger87062$8438.genblk1.genblk1.genblk1.genblk1.genblk1.lut0 (4 -> 3)
  Optimizing lut $abc$87063$lut$aiger87062$7729.genblk1.genblk1.genblk1.genblk1.genblk1.lut0 (4 -> 2)
  Optimizing lut $abc$87063$lut$aiger87062$10282.genblk1.genblk1.genblk1.genblk1.genblk1.lut0 (4 -> 3)
  Optimizing lut $abc$87063$lut$flatten\cpu.\vexriscv.$procmux$1767_Y[9].genblk1.genblk1.genblk1.genblk1.genblk1.lut1 (4 -> 1)
  Optimizing lut $abc$87063$lut$aiger87062$4358.genblk1.genblk1.genblk1.genblk1.genblk1.lut0 (4 -> 1)
  Optimizing lut $abc$87063$lut$aiger87062$11027.genblk1.genblk1.genblk1.genblk1.genblk1.lut1 (4 -> 1)
  Optimizing lut $abc$87063$lut$aiger87062$8767.genblk1.genblk1.genblk1.genblk1.genblk1.lut0 (4 -> 3)
  Optimizing lut $abc$87063$lut$flatten\cpu.\vexriscv.$procmux$1767_Y[9].genblk1.genblk1.genblk1.genblk1.genblk1.lut0 (4 -> 3)
  Optimizing lut $abc$87063$lut$aiger87062$12003.genblk1.genblk1.genblk1.genblk1.genblk1.lut0 (4 -> 2)
  Optimizing lut $auto$abc9_ops.cc:1612:reintegrate$87116.genblk1.genblk1.genblk1.genblk1.genblk1.lut0 (4 -> 3)
  Optimizing lut $abc$87063$lut$aiger87062$4732.genblk1.genblk1.genblk1.genblk1.genblk1.lut1 (4 -> 3)
  Optimizing lut $abc$87063$lut$aiger87062$7557.genblk1.genblk1.genblk1.genblk1.genblk1.lut0 (4 -> 3)
  Optimizing lut $abc$87063$lut\cpu.vexriscv.decode_INSTRUCTION_ANTICIPATED[15].genblk1.genblk1.genblk1.genblk1.genblk1.genblk1.lut0 (4 -> 2)
  Optimizing lut $abc$87063$lut$aiger87062$5260.genblk1.genblk1.genblk1.genblk1.genblk1.lut0 (4 -> 0)
  Optimizing lut $abc$87063$lut$flatten\cpu.\vexriscv.$procmux$1758_Y[12].genblk1.genblk1.genblk1.genblk1.genblk1.lut1 (4 -> 1)
  Optimizing lut $abc$87063$lut$aiger87062$8579.genblk1.genblk1.genblk1.genblk1.genblk1.lut0 (4 -> 2)
  Optimizing lut $abc$87063$lut$aiger87062$4393.genblk1.genblk1.genblk1.genblk1.genblk1.lut0 (4 -> 0)
  Optimizing lut $abc$87063$lut$aiger87062$3122.genblk1.genblk1.genblk1.genblk1.genblk1.lut1 (4 -> 0)
  Optimizing lut $abc$87063$lut$aiger87062$8767.genblk1.genblk1.genblk1.genblk1.genblk1.lut1 (4 -> 3)
  Optimizing lut $abc$87063$lut$aiger87062$8731.genblk1.genblk1.genblk1.genblk1.genblk1.lut1 (4 -> 3)
  Optimizing lut $abc$87063$lut$aiger87062$4400.genblk1.genblk1.genblk1.genblk1.genblk1.genblk1.genblk1.lut0 (4 -> 0)
  Optimizing lut $abc$87063$lut$flatten\cpu.\vexriscv.$procmux$1758_Y[26].genblk1.genblk1.genblk1.genblk1.genblk1.lut1 (4 -> 1)
  Optimizing lut $abc$87063$lut$aiger87062$4405.genblk1.genblk1.genblk1.genblk1.genblk1.genblk1.lut0 (4 -> 0)
  Optimizing lut $abc$87063$lut$aiger87062$10256.genblk1.genblk1.genblk1.genblk1.genblk1.lut0 (4 -> 3)
  Optimizing lut $abc$87063$lut$aiger87062$6428.genblk1.genblk1.genblk1.genblk1.genblk1.lut0 (4 -> 3)
  Optimizing lut $abc$87063$lut$aiger87062$7070.genblk1.genblk1.genblk1.genblk1.genblk1.lut0 (4 -> 2)
  Optimizing lut $abc$87063$lut$flatten\cpu.\vexriscv.$procmux$1758_Y[26].genblk1.genblk1.genblk1.genblk1.genblk1.lut0 (4 -> 3)
  Optimizing lut $auto$abc9_ops.cc:1612:reintegrate$87096.genblk1.genblk1.genblk1.genblk1.genblk1.lut1 (4 -> 1)
  Optimizing lut $abc$87063$lut$aiger87062$8715.genblk1.genblk1.genblk1.genblk1.genblk1.lut1 (4 -> 3)
  Optimizing lut $abc$87063$lut$aiger87062$9718.genblk1.genblk1.genblk1.genblk1.genblk1.lut0 (4 -> 3)
  Optimizing lut $abc$87063$lut\cpu.vexriscv.decode_INSTRUCTION_ANTICIPATED[16].genblk1.genblk1.genblk1.genblk1.genblk1.genblk1.lut0 (4 -> 1)
  Optimizing lut $abc$87063$lut$aiger87062$8498.genblk1.genblk1.genblk1.genblk1.genblk1.lut1 (4 -> 3)
  Optimizing lut $abc$87063$lut$aiger87062$8028.genblk1.genblk1.genblk1.genblk1.genblk1.lut1 (4 -> 1)
  Optimizing lut $abc$87063$lut$aiger87062$8676.genblk1.genblk1.genblk1.genblk1.genblk1.lut1 (4 -> 0)
  Optimizing lut $auto$abc9_ops.cc:1612:reintegrate$87129.genblk1.genblk1.genblk1.genblk1.genblk1.lut1 (4 -> 1)
  Optimizing lut $abc$87063$lut$aiger87062$8028.genblk1.genblk1.genblk1.genblk1.genblk1.lut0 (4 -> 3)
  Optimizing lut $auto$abc9_ops.cc:1612:reintegrate$87129.genblk1.genblk1.genblk1.genblk1.genblk1.lut0 (4 -> 3)
  Optimizing lut $abc$87063$lut$flatten\cpu.\vexriscv.$procmux$1767_Y[30].genblk1.genblk1.genblk1.genblk1.genblk1.lut1 (4 -> 1)
  Optimizing lut $abc$87063$lut$flatten\cpu.\vexriscv.$procmux$1767_Y[30].genblk1.genblk1.genblk1.genblk1.genblk1.lut0 (4 -> 3)
  Optimizing lut $abc$87063$lut$aiger87062$4425.genblk1.genblk1.genblk1.genblk1.genblk1.lut1 (4 -> 1)
  Optimizing lut $abc$87063$lut$auto$opt_dff.cc:251:make_patterns_logic$3326.genblk1.genblk1.genblk1.genblk1.genblk1.lut0 (4 -> 0)
  Optimizing lut $auto$abc9_ops.cc:1612:reintegrate$87130.genblk1.genblk1.genblk1.genblk1.genblk1.lut0 (4 -> 3)
  Optimizing lut $abc$87063$lut$aiger87062$8438.genblk1.genblk1.genblk1.genblk1.genblk1.lut1 (4 -> 3)
  Optimizing lut $abc$87063$lut$aiger87062$8471.genblk1.genblk1.genblk1.genblk1.genblk1.lut1 (4 -> 3)
  Optimizing lut $auto$abc9_ops.cc:1612:reintegrate$87136.genblk1.genblk1.genblk1.genblk1.genblk1.lut0 (4 -> 3)
  Optimizing lut $abc$87063$lut\cpu.vexriscv.decode_INSTRUCTION_ANTICIPATED[17].genblk1.genblk1.genblk1.genblk1.genblk1.genblk1.lut0 (4 -> 1)
  Optimizing lut $abc$87063$lut$aiger87062$4446.genblk1.genblk1.genblk1.genblk1.genblk1.genblk1.lut1 (4 -> 3)
  Optimizing lut $abc$87063$lut$aiger87062$10239.genblk1.genblk1.genblk1.genblk1.genblk1.lut0 (4 -> 2)
  Optimizing lut $abc$87063$lut$flatten\cpu.\vexriscv.$procmux$1767_Y[3].genblk1.genblk1.genblk1.genblk1.genblk1.lut0 (4 -> 3)
  Optimizing lut $auto$abc9_ops.cc:1612:reintegrate$87137.genblk1.genblk1.genblk1.genblk1.genblk1.lut0 (4 -> 3)
  Optimizing lut $abc$87063$lut$aiger87062$11931.genblk1.genblk1.genblk1.genblk1.genblk1.lut0 (4 -> 3)
  Optimizing lut $abc$87063$lut$aiger87062$10973.genblk1.genblk1.genblk1.genblk1.genblk1.lut0 (4 -> 2)
  Optimizing lut $abc$87063$lut\cpu.vexriscv.decode_INSTRUCTION_ANTICIPATED[18].genblk1.genblk1.genblk1.genblk1.genblk1.lut0 (4 -> 2)
  Optimizing lut $auto$abc9_ops.cc:1612:reintegrate$87158.genblk1.genblk1.genblk1.genblk1.genblk1.lut1 (4 -> 1)
  Optimizing lut $abc$87063$lut$aiger87062$7280.genblk1.genblk1.genblk1.genblk1.genblk1.lut0 (4 -> 3)
  Optimizing lut $abc$87063$lut$aiger87062$3164.genblk1.genblk1.genblk1.genblk1.genblk1.lut0 (4 -> 0)
  Optimizing lut $abc$87063$lut\cpu.vexriscv.IBusCachedPlugin_decompressor_bufferValidPatched.genblk1.genblk1.genblk1.genblk1.genblk1.genblk1.genblk1.lut1 (4 -> 1)
  Optimizing lut $abc$87063$lut$flatten\cpu.\vexriscv.$procmux$1758_Y[19].genblk1.genblk1.genblk1.genblk1.genblk1.lut0 (4 -> 3)
  Optimizing lut $auto$abc9_ops.cc:1612:reintegrate$87222.genblk1.genblk1.genblk1.genblk1.genblk1.lut1 (4 -> 1)
  Optimizing lut $abc$87063$lut$aiger87062$3872.genblk1.genblk1.genblk1.genblk1.genblk1.lut1 (4 -> 0)
  Optimizing lut $abc$87063$lut\cpu.vexriscv.decode_INSTRUCTION_ANTICIPATED[19].genblk1.genblk1.genblk1.genblk1.genblk1.genblk1.lut0 (4 -> 1)
  Optimizing lut $abc$87063$lut$aiger87062$9981.genblk1.genblk1.genblk1.genblk1.genblk1.lut1 (4 -> 3)
  Optimizing lut $abc$87063$lut$aiger87062$8988.genblk1.genblk1.genblk1.genblk1.genblk1.lut0 (4 -> 2)
  Optimizing lut $auto$abc9_ops.cc:1612:reintegrate$87145.genblk1.genblk1.genblk1.genblk1.genblk1.lut1 (4 -> 1)
  Optimizing lut $auto$abc9_ops.cc:1612:reintegrate$87145.genblk1.genblk1.genblk1.genblk1.genblk1.lut0 (4 -> 3)
  Optimizing lut $abc$87063$lut$aiger87062$8235.genblk1.genblk1.genblk1.genblk1.genblk1.lut0 (4 -> 3)
  Optimizing lut $abc$87063$lut$aiger87062$8273.genblk1.genblk1.genblk1.genblk1.genblk1.lut1 (4 -> 3)
  Optimizing lut $abc$87063$lut$aiger87062$8235.genblk1.genblk1.genblk1.genblk1.genblk1.lut1 (4 -> 3)
  Optimizing lut $abc$87063$lut$aiger87062$3211.genblk1.genblk1.genblk1.genblk1.genblk1.lut0 (4 -> 0)
  Optimizing lut $auto$abc9_ops.cc:1612:reintegrate$87150.genblk1.genblk1.genblk1.genblk1.genblk1.lut1 (4 -> 1)
  Optimizing lut $auto$abc9_ops.cc:1612:reintegrate$87150.genblk1.genblk1.genblk1.genblk1.genblk1.lut0 (4 -> 3)
  Optimizing lut $abc$87063$lut$flatten\cpu.\vexriscv.$procmux$1758_Y[0].genblk1.genblk1.genblk1.genblk1.genblk1.lut0 (4 -> 3)
  Optimizing lut $abc$87063$lut$flatten\cpu.\vexriscv.$procmux$1758_Y[7].genblk1.genblk1.genblk1.genblk1.genblk1.lut1 (4 -> 1)
  Optimizing lut $abc$87063$lut$aiger87062$3888.genblk1.genblk1.genblk1.genblk1.genblk1.lut1 (4 -> 0)
  Optimizing lut $abc$87063$lut$flatten\cpu.\vexriscv.$procmux$1758_Y[13].genblk1.genblk1.genblk1.genblk1.genblk1.lut1 (4 -> 1)
  Optimizing lut $abc$87063$lut$flatten\cpu.\vexriscv.$procmux$1758_Y[13].genblk1.genblk1.genblk1.genblk1.genblk1.lut0 (4 -> 3)
  Optimizing lut $auto$abc9_ops.cc:1612:reintegrate$87346.genblk1.genblk1.genblk1.genblk1.genblk1.lut1 (4 -> 1)
  Optimizing lut $abc$87063$lut$flatten\cpu.\vexriscv.$procmux$1758_Y[7].genblk1.genblk1.genblk1.genblk1.genblk1.lut0 (4 -> 3)
  Optimizing lut $abc$87063$lut$aiger87062$8313.genblk1.genblk1.genblk1.genblk1.genblk1.lut0 (4 -> 2)
  Optimizing lut $auto$abc9_ops.cc:1612:reintegrate$87155.genblk1.genblk1.genblk1.genblk1.genblk1.lut1 (4 -> 2)
  Optimizing lut $auto$abc9_ops.cc:1612:reintegrate$87158.genblk1.genblk1.genblk1.genblk1.genblk1.lut0 (4 -> 3)
  Optimizing lut $abc$87063$lut$aiger87062$9682.genblk1.genblk1.genblk1.genblk1.genblk1.lut0 (4 -> 3)
  Optimizing lut $auto$abc9_ops.cc:1612:reintegrate$87160.genblk1.genblk1.genblk1.genblk1.genblk1.lut1 (4 -> 1)
  Optimizing lut $auto$abc9_ops.cc:1612:reintegrate$87160.genblk1.genblk1.genblk1.genblk1.genblk1.lut0 (4 -> 3)
  Optimizing lut $auto$abc9_ops.cc:1612:reintegrate$87162.genblk1.genblk1.genblk1.genblk1.genblk1.lut0 (4 -> 3)
  Optimizing lut $abc$87063$lut$aiger87062$3248.genblk1.genblk1.genblk1.genblk1.genblk1.lut0 (4 -> 0)
  Optimizing lut $abc$87063$lut$aiger87062$10925.genblk1.genblk1.genblk1.genblk1.genblk1.lut0 (4 -> 3)
  Optimizing lut $abc$87063$lut$flatten\cpu.\vexriscv.$procmux$1767_Y[17].genblk1.genblk1.genblk1.genblk1.genblk1.lut0 (4 -> 3)
  Optimizing lut $auto$abc9_ops.cc:1612:reintegrate$87166.genblk1.genblk1.genblk1.genblk1.genblk1.lut1 (4 -> 1)
  Optimizing lut $auto$abc9_ops.cc:1612:reintegrate$87166.genblk1.genblk1.genblk1.genblk1.genblk1.lut0 (4 -> 3)
  Optimizing lut $auto$abc9_ops.cc:1612:reintegrate$87173.genblk1.genblk1.genblk1.genblk1.genblk1.lut1 (4 -> 2)
  Optimizing lut $abc$87063$lut$aiger87062$3252.genblk1.genblk1.genblk1.genblk1.genblk1.lut1 (4 -> 2)
  Optimizing lut $auto$abc9_ops.cc:1612:reintegrate$87174.genblk1.genblk1.genblk1.genblk1.genblk1.lut0 (4 -> 3)
  Optimizing lut $abc$87063$lut$aiger87062$6473.genblk1.genblk1.genblk1.genblk1.genblk1.lut0 (4 -> 3)
  Optimizing lut $auto$abc9_ops.cc:1612:reintegrate$87179.genblk1.genblk1.genblk1.genblk1.genblk1.lut0 (4 -> 3)
  Optimizing lut $abc$87063$lut$aiger87062$8731.genblk1.genblk1.genblk1.genblk1.genblk1.lut0 (4 -> 3)
  Optimizing lut $abc$87063$lut$aiger87062$4572.genblk1.genblk1.genblk1.genblk1.genblk1.lut0 (4 -> 3)
  Optimizing lut $abc$87063$lut$aiger87062$7523.genblk1.genblk1.genblk1.genblk1.genblk1.lut1 (4 -> 3)
  Optimizing lut $abc$87063$lut$aiger87062$6482.genblk1.genblk1.genblk1.genblk1.genblk1.lut0 (4 -> 2)
  Optimizing lut $abc$87063$lut$flatten\cpu.\vexriscv.$procmux$1758_Y[25].genblk1.genblk1.genblk1.genblk1.genblk1.lut1 (4 -> 1)
  Optimizing lut $abc$87063$lut$aiger87062$3353.genblk1.genblk1.genblk1.genblk1.genblk1.lut0 (4 -> 3)
  Optimizing lut $abc$87063$lut$flatten\cpu.\vexriscv.$procmux$1758_Y[25].genblk1.genblk1.genblk1.genblk1.genblk1.lut0 (4 -> 3)
  Optimizing lut $auto$abc9_ops.cc:1612:reintegrate$87186.genblk1.genblk1.genblk1.genblk1.genblk1.lut1 (4 -> 1)
  Optimizing lut $auto$abc9_ops.cc:1612:reintegrate$87186.genblk1.genblk1.genblk1.genblk1.genblk1.lut0 (4 -> 3)
  Optimizing lut $abc$87063$lut$flatten\cpu.\vexriscv.$procmux$1767_Y[22].genblk1.genblk1.genblk1.genblk1.genblk1.lut1 (4 -> 1)
  Optimizing lut $abc$87063$lut$aiger87062$9659.genblk1.genblk1.genblk1.genblk1.genblk1.lut0 (4 -> 3)
  Optimizing lut $abc$87063$lut$flatten\cpu.\vexriscv.$procmux$1767_Y[22].genblk1.genblk1.genblk1.genblk1.genblk1.lut0 (4 -> 3)
  Optimizing lut $abc$87063$lut$flatten\cpu.\vexriscv.$procmux$1767_Y[7].genblk1.genblk1.genblk1.genblk1.genblk1.lut0 (4 -> 3)
  Optimizing lut $abc$87063$lut$flatten\cpu.\vexriscv.$procmux$1767_Y[13].genblk1.genblk1.genblk1.genblk1.genblk1.lut1 (4 -> 1)
  Optimizing lut $auto$abc9_ops.cc:1612:reintegrate$87190.genblk1.genblk1.genblk1.genblk1.genblk1.lut1 (4 -> 1)
  Optimizing lut $abc$87063$lut$flatten\cpu.\vexriscv.$procmux$1767_Y[13].genblk1.genblk1.genblk1.genblk1.genblk1.lut0 (4 -> 3)
  Optimizing lut $abc$87063$lut$aiger87062$4588.genblk1.genblk1.genblk1.genblk1.genblk1.lut0 (4 -> 3)
  Optimizing lut $abc$87063$lut$flatten\cpu.\vexriscv.$procmux$1767_Y[25].genblk1.genblk1.genblk1.genblk1.genblk1.lut1 (4 -> 1)
  Optimizing lut $abc$87063$lut$flatten\cpu.\vexriscv.$procmux$1767_Y[25].genblk1.genblk1.genblk1.genblk1.genblk1.lut0 (4 -> 3)
  Optimizing lut $auto$abc9_ops.cc:1612:reintegrate$87190.genblk1.genblk1.genblk1.genblk1.genblk1.lut0 (4 -> 3)
  Optimizing lut $abc$87063$lut$aiger87062$3380.genblk1.genblk1.genblk1.genblk1.genblk1.lut0 (4 -> 1)
  Optimizing lut $abc$87063$lut$aiger87062$11793.genblk1.genblk1.genblk1.genblk1.genblk1.lut0 (4 -> 2)
  Optimizing lut $auto$abc9_ops.cc:1612:reintegrate$87192.genblk1.genblk1.genblk1.genblk1.genblk1.lut0 (4 -> 3)
  Optimizing lut $abc$87063$lut$flatten\cpu.\vexriscv.$procmux$1767_Y[6].genblk1.genblk1.genblk1.genblk1.genblk1.lut1 (4 -> 1)
  Optimizing lut $abc$87063$lut$aiger87062$9257.genblk1.genblk1.genblk1.genblk1.genblk1.lut0 (4 -> 3)
  Optimizing lut $abc$87063$lut$flatten\cpu.\vexriscv.$procmux$1767_Y[6].genblk1.genblk1.genblk1.genblk1.genblk1.lut0 (4 -> 3)
  Optimizing lut $auto$abc9_ops.cc:1612:reintegrate$87194.genblk1.genblk1.genblk1.genblk1.genblk1.lut0 (4 -> 0)
  Optimizing lut $abc$87063$lut$flatten\cpu.\vexriscv.$procmux$1767_Y[19].genblk1.genblk1.genblk1.genblk1.genblk1.lut1 (4 -> 1)
  Optimizing lut $auto$abc9_ops.cc:1612:reintegrate$87197.genblk1.genblk1.genblk1.genblk1.genblk1.lut1 (4 -> 2)
  Optimizing lut $abc$87063$lut$flatten\cpu.\vexriscv.$procmux$1767_Y[19].genblk1.genblk1.genblk1.genblk1.genblk1.lut0 (4 -> 3)
  Optimizing lut $abc$87063$lut$aiger87062$4604.genblk1.genblk1.genblk1.genblk1.genblk1.lut0 (4 -> 3)
  Optimizing lut $auto$abc9_ops.cc:1612:reintegrate$87199.genblk1.genblk1.genblk1.genblk1.genblk1.lut1 (4 -> 1)
  Optimizing lut $auto$abc9_ops.cc:1612:reintegrate$87199.genblk1.genblk1.genblk1.genblk1.genblk1.lut0 (4 -> 3)
  Optimizing lut $auto$abc9_ops.cc:1612:reintegrate$87202.genblk1.genblk1.genblk1.genblk1.genblk1.lut1 (4 -> 1)
  Optimizing lut $auto$abc9_ops.cc:1612:reintegrate$87202.genblk1.genblk1.genblk1.genblk1.genblk1.lut0 (4 -> 3)
  Optimizing lut $auto$abc9_ops.cc:1612:reintegrate$87203.genblk1.genblk1.genblk1.genblk1.genblk1.lut0 (4 -> 3)
  Optimizing lut $abc$87063$lut$aiger87062$4620.genblk1.genblk1.genblk1.genblk1.genblk1.lut0 (4 -> 3)
  Optimizing lut $abc$87063$lut$aiger87062$10075.genblk1.genblk1.genblk1.genblk1.genblk1.lut1 (4 -> 3)
  Optimizing lut $auto$abc9_ops.cc:1612:reintegrate$87326.genblk1.genblk1.genblk1.genblk1.genblk1.lut1 (4 -> 2)
  Optimizing lut $auto$abc9_ops.cc:1612:reintegrate$87254.genblk1.genblk1.genblk1.genblk1.genblk1.lut1 (4 -> 1)
  Optimizing lut $abc$87063$lut$aiger87062$6979.genblk1.genblk1.genblk1.genblk1.genblk1.lut1 (4 -> 3)
  Optimizing lut $auto$abc9_ops.cc:1612:reintegrate$87213.genblk1.genblk1.genblk1.genblk1.genblk1.lut1 (4 -> 1)
  Optimizing lut $abc$87063$lut$flatten\cpu.\vexriscv.$procmux$1758_Y[30].genblk1.genblk1.genblk1.genblk1.genblk1.lut0 (4 -> 3)
  Optimizing lut $auto$abc9_ops.cc:1612:reintegrate$87213.genblk1.genblk1.genblk1.genblk1.genblk1.lut0 (4 -> 3)
  Optimizing lut $auto$abc9_ops.cc:1612:reintegrate$87214.genblk1.genblk1.genblk1.genblk1.genblk1.lut0 (4 -> 3)
  Optimizing lut $abc$87063$lut$aiger87062$6890.genblk1.genblk1.genblk1.genblk1.genblk1.lut1 (4 -> 0)
  Optimizing lut $abc$87063$lut$aiger87062$6883.genblk1.genblk1.genblk1.genblk1.genblk1.lut1 (4 -> 3)
  Optimizing lut $abc$87063$lut$aiger87062$4636.genblk1.genblk1.genblk1.genblk1.genblk1.lut0 (4 -> 3)
  Optimizing lut $abc$87063$lut$aiger87062$8715.genblk1.genblk1.genblk1.genblk1.genblk1.lut0 (4 -> 3)
  Optimizing lut $abc$87063$lut$aiger87062$4265.genblk1.genblk1.genblk1.genblk1.genblk1.lut1 (4 -> 3)
  Optimizing lut $auto$abc9_ops.cc:1612:reintegrate$87222.genblk1.genblk1.genblk1.genblk1.genblk1.lut0 (4 -> 3)
  Optimizing lut $abc$87063$lut$aiger87062$6753.genblk1.genblk1.genblk1.genblk1.genblk1.lut1 (4 -> 3)
  Optimizing lut $abc$87063$lut$aiger87062$7740.genblk1.genblk1.genblk1.genblk1.genblk1.lut0 (4 -> 2)
  Optimizing lut $auto$abc9_ops.cc:1612:reintegrate$87227.genblk1.genblk1.genblk1.genblk1.genblk1.lut1 (4 -> 1)
  Optimizing lut $auto$abc9_ops.cc:1612:reintegrate$87227.genblk1.genblk1.genblk1.genblk1.genblk1.lut0 (4 -> 3)
  Optimizing lut $auto$abc9_ops.cc:1612:reintegrate$87231.genblk1.genblk1.genblk1.genblk1.genblk1.lut0 (4 -> 3)
  Optimizing lut $abc$87063$lut$flatten\cpu.\vexriscv.$procmux$1767_Y[14].genblk1.genblk1.genblk1.genblk1.genblk1.lut1 (4 -> 1)
  Optimizing lut $abc$87063$lut$flatten\cpu.\vexriscv.$procmux$1767_Y[14].genblk1.genblk1.genblk1.genblk1.genblk1.lut0 (4 -> 3)
  Optimizing lut $auto$abc9_ops.cc:1612:reintegrate$87232.genblk1.genblk1.genblk1.genblk1.genblk1.lut0 (4 -> 3)
  Optimizing lut $abc$87063$lut$aiger87062$4652.genblk1.genblk1.genblk1.genblk1.genblk1.lut0 (4 -> 3)
  Optimizing lut $abc$87063$lut$aiger87062$6937.genblk1.genblk1.genblk1.genblk1.genblk1.lut1 (4 -> 1)
  Optimizing lut $abc$87063$lut$flatten\cpu.\vexriscv.$procmux$1758_Y[29].genblk1.genblk1.genblk1.genblk1.genblk1.lut1 (4 -> 1)
  Optimizing lut $abc$87063$lut$flatten\cpu.\vexriscv.$procmux$1758_Y[29].genblk1.genblk1.genblk1.genblk1.genblk1.lut0 (4 -> 3)
  Optimizing lut $auto$abc9_ops.cc:1612:reintegrate$87188.genblk1.genblk1.genblk1.genblk1.genblk1.lut1 (4 -> 2)
  Optimizing lut $abc$87063$lut$aiger87062$9236.genblk1.genblk1.genblk1.genblk1.genblk1.lut0 (4 -> 3)
  Optimizing lut $abc$87063$lut$aiger87062$3490.genblk1.genblk1.genblk1.genblk1.genblk1.lut0 (4 -> 1)
  Optimizing lut $abc$87063$lut$aiger87062$8940.genblk1.genblk1.genblk1.genblk1.genblk1.lut0 (4 -> 3)
  Optimizing lut $auto$abc9_ops.cc:1612:reintegrate$87102.genblk1.genblk1.genblk1.genblk1.genblk1.lut1 (4 -> 1)
  Optimizing lut $abc$87063$lut$aiger87062$6428.genblk1.genblk1.genblk1.genblk1.genblk1.lut1 (4 -> 3)
  Optimizing lut $abc$87063$lut$aiger87062$6868.genblk1.genblk1.genblk1.genblk1.genblk1.lut0 (4 -> 2)
  Optimizing lut $abc$87063$lut$aiger87062$11699.genblk1.genblk1.genblk1.genblk1.genblk1.lut0 (4 -> 3)
  Optimizing lut $abc$87063$lut$aiger87062$4668.genblk1.genblk1.genblk1.genblk1.genblk1.lut0 (4 -> 3)
  Optimizing lut $abc$87063$lut$aiger87062$9612.genblk1.genblk1.genblk1.genblk1.genblk1.lut0 (4 -> 2)
  Optimizing lut $auto$abc9_ops.cc:1612:reintegrate$87241.genblk1.genblk1.genblk1.genblk1.genblk1.lut1 (4 -> 1)
  Optimizing lut $auto$abc9_ops.cc:1612:reintegrate$87241.genblk1.genblk1.genblk1.genblk1.genblk1.lut0 (4 -> 3)
  Optimizing lut $abc$87063$lut$flatten\cpu.\vexriscv.$procmux$1758_Y[3].genblk1.genblk1.genblk1.genblk1.genblk1.lut1 (4 -> 1)
  Optimizing lut $abc$87063$lut$aiger87062$6340.genblk1.genblk1.genblk1.genblk1.genblk1.lut1 (4 -> 3)
  Optimizing lut $abc$87063$lut$flatten\cpu.\vexriscv.$procmux$1758_Y[3].genblk1.genblk1.genblk1.genblk1.genblk1.lut0 (4 -> 3)
  Optimizing lut $auto$abc9_ops.cc:1612:reintegrate$87247.genblk1.genblk1.genblk1.genblk1.genblk1.lut0 (4 -> 3)
  Optimizing lut $abc$87063$lut$aiger87062$4684.genblk1.genblk1.genblk1.genblk1.genblk1.lut0 (4 -> 3)
  Optimizing lut $auto$abc9_ops.cc:1612:reintegrate$87254.genblk1.genblk1.genblk1.genblk1.genblk1.lut0 (4 -> 3)
  Optimizing lut $auto$abc9_ops.cc:1612:reintegrate$87255.genblk1.genblk1.genblk1.genblk1.genblk1.lut0 (4 -> 3)
  Optimizing lut $abc$87063$lut$aiger87062$3563.genblk1.genblk1.genblk1.genblk1.genblk1.genblk1.lut1 (4 -> 0)
  Optimizing lut $abc$87063$lut$aiger87062$4700.genblk1.genblk1.genblk1.genblk1.genblk1.lut0 (4 -> 3)
  Optimizing lut $abc$87063$lut$aiger87062$3563.genblk1.genblk1.genblk1.genblk1.genblk1.genblk1.lut0 (4 -> 0)
  Optimizing lut $abc$87063$lut$aiger87062$10764.genblk1.genblk1.genblk1.genblk1.genblk1.lut1 (4 -> 3)
  Optimizing lut $abc$87063$lut\cpu.vexriscv.IBusCachedPlugin_decompressor_bufferValidPatched.genblk1.genblk1.genblk1.genblk1.genblk1.genblk1.genblk1.lut0 (4 -> 1)
  Optimizing lut $abc$87063$lut$aiger87062$3578.genblk1.genblk1.genblk1.genblk1.genblk1.lut0 (4 -> 0)
  Optimizing lut $abc$87063$lut$aiger87062$6883.genblk1.genblk1.genblk1.genblk1.genblk1.lut0 (4 -> 3)
  Optimizing lut $abc$87063$lut$aiger87062$6125.genblk1.genblk1.genblk1.genblk1.genblk1.lut1 (4 -> 0)
  Optimizing lut $abc$87063$lut$aiger87062$10754.genblk1.genblk1.genblk1.genblk1.genblk1.lut0 (4 -> 2)
  Optimizing lut $auto$abc9_ops.cc:1612:reintegrate$87263.genblk1.genblk1.genblk1.genblk1.genblk1.lut0 (4 -> 3)
  Optimizing lut $abc$87063$lut$aiger87062$4716.genblk1.genblk1.genblk1.genblk1.genblk1.lut0 (4 -> 3)
  Optimizing lut $abc$87063$lut$aiger87062$3846.genblk1.genblk1.genblk1.genblk1.genblk1.lut1 (4 -> 0)
  Optimizing lut $abc$87063$lut$aiger87062$3591.genblk1.genblk1.genblk1.genblk1.genblk1.genblk1.genblk1.lut0 (4 -> 3)
  Optimizing lut $abc$87063$lut$aiger87062$11635.genblk1.genblk1.genblk1.genblk1.genblk1.lut0 (4 -> 2)
  Optimizing lut $auto$abc9_ops.cc:1612:reintegrate$87271.genblk1.genblk1.genblk1.genblk1.genblk1.lut1 (4 -> 1)
  Optimizing lut $abc$87063$lut$aiger87062$10075.genblk1.genblk1.genblk1.genblk1.genblk1.lut0 (4 -> 3)
  Optimizing lut $abc$87063$lut$aiger87062$3656.genblk1.genblk1.genblk1.genblk1.genblk1.genblk1.genblk1.lut1 (4 -> 3)
  Optimizing lut $auto$abc9_ops.cc:1612:reintegrate$87271.genblk1.genblk1.genblk1.genblk1.genblk1.lut0 (4 -> 3)
  Optimizing lut $auto$abc9_ops.cc:1612:reintegrate$87273.genblk1.genblk1.genblk1.genblk1.genblk1.lut1 (4 -> 1)
  Optimizing lut $abc$87063$lut$aiger87062$3603.genblk1.genblk1.genblk1.genblk1.genblk1.genblk1.genblk1.lut0 (4 -> 3)
  Optimizing lut $auto$abc9_ops.cc:1612:reintegrate$87273.genblk1.genblk1.genblk1.genblk1.genblk1.lut0 (4 -> 3)
  Optimizing lut $abc$87063$lut$aiger87062$10740.genblk1.genblk1.genblk1.genblk1.genblk1.lut0 (4 -> 3)
  Optimizing lut $abc$87063$lut$aiger87062$9210.genblk1.genblk1.genblk1.genblk1.genblk1.lut0 (4 -> 2)
  Optimizing lut $abc$87063$lut$aiger87062$4732.genblk1.genblk1.genblk1.genblk1.genblk1.lut0 (4 -> 3)
  Optimizing lut $abc$87063$lut$flatten\cpu.\vexriscv.$procmux$1758_Y[21].genblk1.genblk1.genblk1.genblk1.genblk1.lut0 (4 -> 3)
  Optimizing lut $abc$87063$lut$flatten\cpu.\vexriscv.$procmux$1758_Y[6].genblk1.genblk1.genblk1.genblk1.genblk1.lut0 (4 -> 3)
  Optimizing lut $abc$87063$lut$flatten\cpu.\vexriscv.$procmux$1758_Y[14].genblk1.genblk1.genblk1.genblk1.genblk1.lut1 (4 -> 1)
  Optimizing lut $abc$87063$lut$aiger87062$3765.genblk1.genblk1.genblk1.genblk1.genblk1.genblk1.genblk1.lut1 (4 -> 3)
  Optimizing lut $abc$87063$lut$aiger87062$3622.genblk1.genblk1.genblk1.genblk1.genblk1.genblk1.lut0 (4 -> 3)
  Optimizing lut $abc$87063$lut$flatten\cpu.\vexriscv.$procmux$1758_Y[14].genblk1.genblk1.genblk1.genblk1.genblk1.lut0 (4 -> 3)
  Optimizing lut $abc$87063$lut$aiger87062$4926.genblk1.genblk1.genblk1.genblk1.genblk1.lut1 (4 -> 3)
  Optimizing lut $abc$87063$lut$aiger87062$3816.genblk1.genblk1.genblk1.genblk1.genblk1.genblk1.genblk1.lut1 (4 -> 3)
  Optimizing lut $abc$87063$lut$aiger87062$4748.genblk1.genblk1.genblk1.genblk1.genblk1.lut0 (4 -> 3)
  Optimizing lut $abc$87063$lut\cpu.vexriscv.decode_INSTRUCTION_ANTICIPATED[23].genblk1.genblk1.genblk1.genblk1.genblk1.lut1 (4 -> 1)
  Optimizing lut $abc$87063$lut$aiger87062$3635.genblk1.genblk1.genblk1.genblk1.genblk1.genblk1.genblk1.lut0 (4 -> 3)
  Optimizing lut $abc$87063$lut$aiger87062$3603.genblk1.genblk1.genblk1.genblk1.genblk1.genblk1.genblk1.lut1 (4 -> 3)
  Optimizing lut $abc$87063$lut$aiger87062$10719.genblk1.genblk1.genblk1.genblk1.genblk1.lut0 (4 -> 3)
  Optimizing lut $abc$87063$lut$flatten\cpu.\vexriscv.$procmux$1767_Y[29].genblk1.genblk1.genblk1.genblk1.genblk1.lut1 (4 -> 1)
  Optimizing lut $abc$87063$lut$flatten\cpu.\vexriscv.$procmux$1767_Y[29].genblk1.genblk1.genblk1.genblk1.genblk1.lut0 (4 -> 3)
  Optimizing lut $abc$87063$lut$aiger87062$3671.genblk1.genblk1.genblk1.genblk1.genblk1.genblk1.genblk1.lut1 (4 -> 3)
  Optimizing lut $abc$87063$lut$aiger87062$4764.genblk1.genblk1.genblk1.genblk1.genblk1.lut0 (4 -> 3)
  Optimizing lut $abc$87063$lut$aiger87062$3656.genblk1.genblk1.genblk1.genblk1.genblk1.genblk1.genblk1.lut0 (4 -> 3)
  Optimizing lut $abc$87063$lut$aiger87062$10704.genblk1.genblk1.genblk1.genblk1.genblk1.lut0 (4 -> 3)
  Optimizing lut $abc$87063$lut$aiger87062$8909.genblk1.genblk1.genblk1.genblk1.genblk1.lut0 (4 -> 3)
  Optimizing lut $abc$87063$lut$aiger87062$4812.genblk1.genblk1.genblk1.genblk1.genblk1.lut1 (4 -> 3)
  Optimizing lut $abc$87063$lut$aiger87062$3640.genblk1.genblk1.genblk1.genblk1.genblk1.lut1 (4 -> 3)
  Optimizing lut $abc$87063$lut$aiger87062$5545.genblk1.genblk1.genblk1.genblk1.genblk1.lut0 (4 -> 0)
  Optimizing lut $abc$87063$lut$aiger87062$4780.genblk1.genblk1.genblk1.genblk1.genblk1.lut0 (4 -> 3)
  Optimizing lut $abc$87063$lut$aiger87062$3671.genblk1.genblk1.genblk1.genblk1.genblk1.genblk1.genblk1.lut0 (4 -> 3)
  Optimizing lut $abc$87063$lut$aiger87062$3679.genblk1.genblk1.genblk1.genblk1.genblk1.genblk1.genblk1.lut0 (4 -> 3)
  Optimizing lut $auto$abc9_ops.cc:1612:reintegrate$87362.genblk1.genblk1.genblk1.genblk1.genblk1.lut1 (4 -> 1)
  Optimizing lut $abc$87063$lut$flatten\cpu.\vexriscv.$procmux$1767_Y[28].genblk1.genblk1.genblk1.genblk1.genblk1.lut1 (4 -> 1)
  Optimizing lut $abc$87063$lut$aiger87062$3707.genblk1.genblk1.genblk1.genblk1.genblk1.genblk1.genblk1.lut1 (4 -> 3)
  Optimizing lut $abc$87063$lut$aiger87062$3693.genblk1.genblk1.genblk1.genblk1.genblk1.genblk1.genblk1.lut0 (4 -> 3)
  Optimizing lut $abc$87063$lut$flatten\cpu.\vexriscv.$procmux$1767_Y[28].genblk1.genblk1.genblk1.genblk1.genblk1.lut0 (4 -> 3)
  Optimizing lut $abc$87063$lut$aiger87062$10037.genblk1.genblk1.genblk1.genblk1.genblk1.lut0 (4 -> 2)
  Optimizing lut $abc$87063$lut$aiger87062$4796.genblk1.genblk1.genblk1.genblk1.genblk1.lut0 (4 -> 3)
  Optimizing lut $abc$87063$lut$aiger87062$4040.genblk1.genblk1.genblk1.genblk1.genblk1.lut1 (4 -> 0)
  Optimizing lut $abc$87063$lut$aiger87062$3721.genblk1.genblk1.genblk1.genblk1.genblk1.genblk1.genblk1.lut1 (4 -> 3)
  Optimizing lut $abc$87063$lut$aiger87062$3707.genblk1.genblk1.genblk1.genblk1.genblk1.genblk1.genblk1.lut0 (4 -> 3)
  Optimizing lut $abc$87063$lut$aiger87062$10665.genblk1.genblk1.genblk1.genblk1.genblk1.lut0 (4 -> 3)
  Optimizing lut $abc$87063$lut$aiger87062$6170.genblk1.genblk1.genblk1.genblk1.genblk1.lut0 (4 -> 2)
  Optimizing lut $abc$87063$lut$flatten\cpu.\vexriscv.$procmux$1758_Y[10].genblk1.genblk1.genblk1.genblk1.genblk1.lut1 (4 -> 1)
  Optimizing lut $abc$87063$lut$aiger87062$4812.genblk1.genblk1.genblk1.genblk1.genblk1.lut0 (4 -> 3)
  Optimizing lut $abc$87063$lut$flatten\cpu.\vexriscv.$procmux$1758_Y[10].genblk1.genblk1.genblk1.genblk1.genblk1.lut0 (4 -> 3)
  Optimizing lut $abc$87063$lut$aiger87062$3490.genblk1.genblk1.genblk1.genblk1.genblk1.lut1 (4 -> 3)
  Optimizing lut $abc$87063$lut$aiger87062$3735.genblk1.genblk1.genblk1.genblk1.genblk1.genblk1.genblk1.lut1 (4 -> 3)
  Optimizing lut $abc$87063$lut$aiger87062$3721.genblk1.genblk1.genblk1.genblk1.genblk1.genblk1.genblk1.lut0 (4 -> 3)
  Optimizing lut $abc$87063$lut$flatten\cpu.\vexriscv.$procmux$1758_Y[11].genblk1.genblk1.genblk1.genblk1.genblk1.lut1 (4 -> 1)
  Optimizing lut $auto$abc9_ops.cc:1612:reintegrate$87231.genblk1.genblk1.genblk1.genblk1.genblk1.lut1 (4 -> 1)
  Optimizing lut $abc$87063$lut$flatten\cpu.\vexriscv.$procmux$1758_Y[11].genblk1.genblk1.genblk1.genblk1.genblk1.lut0 (4 -> 3)
  Optimizing lut $abc$87063$lut$flatten\cpu.\vexriscv.$procmux$1758_Y[5].genblk1.genblk1.genblk1.genblk1.genblk1.lut0 (4 -> 3)
  Optimizing lut $abc$87063$lut$flatten\cpu.\vexriscv.$procmux$1758_Y[18].genblk1.genblk1.genblk1.genblk1.genblk1.lut1 (4 -> 1)
  Optimizing lut $abc$87063$lut$flatten\cpu.\vexriscv.$procmux$1758_Y[18].genblk1.genblk1.genblk1.genblk1.genblk1.lut0 (4 -> 3)
  Optimizing lut $abc$87063$lut$flatten\cpu.\vexriscv.$procmux$1767_Y[24].genblk1.genblk1.genblk1.genblk1.genblk1.lut1 (4 -> 1)
  Optimizing lut $abc$87063$lut$aiger87062$3749.genblk1.genblk1.genblk1.genblk1.genblk1.lut1 (4 -> 3)
  Optimizing lut $abc$87063$lut$aiger87062$5592.genblk1.genblk1.genblk1.genblk1.genblk1.genblk1.lut1 (4 -> 3)
  Optimizing lut $abc$87063$lut$aiger87062$4828.genblk1.genblk1.genblk1.genblk1.genblk1.lut0 (4 -> 3)
  Optimizing lut $abc$87063$lut$flatten\cpu.\vexriscv.$procmux$1767_Y[24].genblk1.genblk1.genblk1.genblk1.genblk1.lut0 (4 -> 3)
  Optimizing lut $abc$87063$lut$aiger87062$5592.genblk1.genblk1.genblk1.genblk1.genblk1.genblk1.lut0 (4 -> 2)
  Optimizing lut $abc$87063$lut$aiger87062$3735.genblk1.genblk1.genblk1.genblk1.genblk1.genblk1.genblk1.lut0 (4 -> 3)
  Optimizing lut $abc$87063$lut$aiger87062$8158.genblk1.genblk1.genblk1.genblk1.genblk1.lut0 (4 -> 2)
  Optimizing lut $abc$87063$lut$aiger87062$3693.genblk1.genblk1.genblk1.genblk1.genblk1.genblk1.genblk1.lut1 (4 -> 3)
  Optimizing lut $abc$87063$lut$flatten\cpu.\vexriscv.$procmux$1758_Y[17].genblk1.genblk1.genblk1.genblk1.genblk1.lut1 (4 -> 1)
  Optimizing lut $auto$abc9_ops.cc:1612:reintegrate$87321.genblk1.genblk1.genblk1.genblk1.genblk1.lut1 (4 -> 1)
  Optimizing lut $abc$87063$lut$aiger87062$5602.genblk1.genblk1.genblk1.genblk1.genblk1.lut1 (4 -> 3)
  Optimizing lut $abc$87063$lut$aiger87062$11654.genblk1.genblk1.genblk1.genblk1.genblk1.lut1 (4 -> 2)
  Optimizing lut $abc$87063$lut$aiger87062$5597.genblk1.genblk1.genblk1.genblk1.genblk1.lut0 (4 -> 0)
  Optimizing lut $abc$87063$lut$flatten\cpu.\vexriscv.$procmux$1758_Y[17].genblk1.genblk1.genblk1.genblk1.genblk1.lut0 (4 -> 3)
  Optimizing lut $auto$abc9_ops.cc:1612:reintegrate$87321.genblk1.genblk1.genblk1.genblk1.genblk1.lut0 (4 -> 3)
  Optimizing lut $abc$87063$lut\cpu.vexriscv.IBusCachedPlugin_fetchPc_pcRegPropagate.genblk1.genblk1.genblk1.genblk1.genblk1.lut1 (4 -> 0)
  Optimizing lut $abc$87063$lut$aiger87062$3749.genblk1.genblk1.genblk1.genblk1.genblk1.lut0 (4 -> 3)
  Optimizing lut $abc$87063$lut$aiger87062$4844.genblk1.genblk1.genblk1.genblk1.genblk1.lut0 (4 -> 3)
  Optimizing lut $abc$87063$lut$flatten\cpu.\vexriscv.$procmux$1758_Y[2].genblk1.genblk1.genblk1.genblk1.genblk1.lut1 (4 -> 1)
  Optimizing lut $abc$87063$lut$flatten\cpu.\vexriscv.$procmux$1758_Y[2].genblk1.genblk1.genblk1.genblk1.genblk1.lut0 (4 -> 3)
  Optimizing lut $auto$abc9_ops.cc:1612:reintegrate$87174.genblk1.genblk1.genblk1.genblk1.genblk1.lut1 (4 -> 1)
  Optimizing lut $abc$87063$lut$aiger87062$3753.genblk1.genblk1.genblk1.genblk1.genblk1.lut0 (4 -> 2)
  Optimizing lut $abc$87063$lut$aiger87062$3765.genblk1.genblk1.genblk1.genblk1.genblk1.genblk1.genblk1.lut0 (4 -> 3)
  Optimizing lut $auto$abc9_ops.cc:1612:reintegrate$87329.genblk1.genblk1.genblk1.genblk1.genblk1.genblk1.lut0 (4 -> 2)
  Optimizing lut $abc$87063$lut\cpu.vexriscv._zz__zz_decode_IS_RS2_SIGNED_12[21].genblk1.genblk1.genblk1.genblk1.genblk1.lut0 (4 -> 0)
  Optimizing lut $abc$87063$lut$aiger87062$5613.genblk1.genblk1.genblk1.genblk1.genblk1.lut0 (4 -> 3)
  Optimizing lut $abc$87063$lut$aiger87062$4913.genblk1.genblk1.genblk1.genblk1.genblk1.lut1 (4 -> 3)
  Optimizing lut $abc$87063$lut$flatten\cpu.\vexriscv.$procmux$1767_Y[15].genblk1.genblk1.genblk1.genblk1.genblk1.lut0 (4 -> 3)
  Optimizing lut $abc$87063$lut$aiger87062$4860.genblk1.genblk1.genblk1.genblk1.genblk1.lut0 (4 -> 3)
  Optimizing lut $abc$87063$lut$aiger87062$6613.genblk1.genblk1.genblk1.genblk1.genblk1.lut0 (4 -> 0)
  Optimizing lut $abc$87063$lut$aiger87062$3896.genblk1.genblk1.genblk1.genblk1.genblk1.lut1 (4 -> 3)
  Optimizing lut $auto$abc9_ops.cc:1612:reintegrate$87334.genblk1.genblk1.genblk1.genblk1.genblk1.lut0 (4 -> 3)
  Optimizing lut $auto$abc9_ops.cc:1612:reintegrate$87335.genblk1.genblk1.genblk1.genblk1.genblk1.lut0 (4 -> 3)
  Optimizing lut $abc$87063$lut$aiger87062$8666.genblk1.genblk1.genblk1.genblk1.genblk1.lut1 (4 -> 1)
  Optimizing lut $abc$87063$lut$aiger87062$3910.genblk1.genblk1.genblk1.genblk1.genblk1.genblk1.genblk1.lut1 (4 -> 3)
  Optimizing lut $abc$87063$lut$aiger87062$9981.genblk1.genblk1.genblk1.genblk1.genblk1.lut0 (4 -> 3)
  Optimizing lut $abc$87063$lut$aiger87062$8666.genblk1.genblk1.genblk1.genblk1.genblk1.lut0 (4 -> 3)
  Optimizing lut $abc$87063$lut$aiger87062$3797.genblk1.genblk1.genblk1.genblk1.genblk1.genblk1.genblk1.lut0 (4 -> 3)
  Optimizing lut $abc$87063$lut$aiger87062$4872.genblk1.genblk1.genblk1.genblk1.genblk1.lut0 (4 -> 3)
  Optimizing lut $abc$87063$lut$aiger87062$3797.genblk1.genblk1.genblk1.genblk1.genblk1.genblk1.genblk1.lut1 (4 -> 3)
  Optimizing lut $abc$87063$lut$flatten\cpu.\vexriscv.$procmux$1767_Y[5].genblk1.genblk1.genblk1.genblk1.genblk1.lut1 (4 -> 1)
  Optimizing lut $abc$87063$lut$flatten\cpu.\vexriscv.$procmux$1767_Y[5].genblk1.genblk1.genblk1.genblk1.genblk1.lut0 (4 -> 3)
  Optimizing lut $abc$87063$lut$aiger87062$12020.genblk1.genblk1.genblk1.genblk1.genblk1.lut1 (4 -> 3)
  Optimizing lut $abc$87063$lut$aiger87062$8376.genblk1.genblk1.genblk1.genblk1.genblk1.lut1 (4 -> 1)
  Optimizing lut $abc$87063$lut$aiger87062$8376.genblk1.genblk1.genblk1.genblk1.genblk1.lut0 (4 -> 3)
  Optimizing lut $abc$87063$lut\cpu.vexriscv.IBusCachedPlugin_cache._zz_fetchStage_read_banksValue_0_dataMem[3].genblk1.genblk1.genblk1.genblk1.genblk1.lut1 (4 -> 3)
  Optimizing lut $abc$87063$lut$aiger87062$7843.genblk1.genblk1.genblk1.genblk1.genblk1.lut0 (4 -> 3)
  Optimizing lut $abc$87063$lut$aiger87062$5639.genblk1.genblk1.genblk1.genblk1.genblk1.genblk1.lut0 (4 -> 3)
  Optimizing lut $abc$87063$lut$aiger87062$4888.genblk1.genblk1.genblk1.genblk1.genblk1.lut1 (4 -> 3)
  Optimizing lut $abc$87063$lut$aiger87062$11440.genblk1.genblk1.genblk1.genblk1.genblk1.lut0 (4 -> 3)
  Optimizing lut $abc$87063$lut$flatten\cpu.\vexriscv.$procmux$1767_Y[21].genblk1.genblk1.genblk1.genblk1.genblk1.lut1 (4 -> 1)
  Optimizing lut $abc$87063$lut$flatten\cpu.\vexriscv.$procmux$1767_Y[21].genblk1.genblk1.genblk1.genblk1.genblk1.lut0 (4 -> 3)
  Optimizing lut $abc$87063$lut$aiger87062$3816.genblk1.genblk1.genblk1.genblk1.genblk1.genblk1.genblk1.lut0 (4 -> 3)
  Optimizing lut $abc$87063$lut$aiger87062$4888.genblk1.genblk1.genblk1.genblk1.genblk1.lut0 (4 -> 3)
  Optimizing lut $auto$abc9_ops.cc:1612:reintegrate$87179.genblk1.genblk1.genblk1.genblk1.genblk1.lut1 (4 -> 1)
  Optimizing lut $abc$87063$lut$aiger87062$11429.genblk1.genblk1.genblk1.genblk1.genblk1.lut0 (4 -> 2)
  Optimizing lut $abc$87063$lut$aiger87062$3863.genblk1.genblk1.genblk1.genblk1.genblk1.genblk1.genblk1.lut1 (4 -> 3)
  Optimizing lut $auto$abc9_ops.cc:1612:reintegrate$87342.genblk1.genblk1.genblk1.genblk1.genblk1.lut1 (4 -> 1)
  Optimizing lut $auto$abc9_ops.cc:1612:reintegrate$87342.genblk1.genblk1.genblk1.genblk1.genblk1.lut0 (4 -> 3)
  Optimizing lut $abc$87063$lut$aiger87062$11931.genblk1.genblk1.genblk1.genblk1.genblk1.lut1 (4 -> 3)
  Optimizing lut $abc$87063$lut$aiger87062$6937.genblk1.genblk1.genblk1.genblk1.genblk1.lut0 (4 -> 3)
  Optimizing lut $auto$abc9_ops.cc:1612:reintegrate$87346.genblk1.genblk1.genblk1.genblk1.genblk1.lut0 (4 -> 3)
  Optimizing lut $abc$87063$lut$aiger87062$4901.genblk1.genblk1.genblk1.genblk1.genblk1.lut0 (4 -> 3)
  Optimizing lut $abc$87063$lut$aiger87062$8498.genblk1.genblk1.genblk1.genblk1.genblk1.lut0 (4 -> 3)
  Optimizing lut $abc$87063$lut$aiger87062$11412.genblk1.genblk1.genblk1.genblk1.genblk1.lut0 (4 -> 3)
  Optimizing lut $abc$87063$lut$aiger87062$11699.genblk1.genblk1.genblk1.genblk1.genblk1.lut1 (4 -> 3)
  Optimizing lut $auto$abc9_ops.cc:1612:reintegrate$87353.genblk1.genblk1.genblk1.genblk1.genblk1.lut0 (4 -> 3)
  Optimizing lut $auto$abc9_ops.cc:1612:reintegrate$87355.genblk1.genblk1.genblk1.genblk1.genblk1.lut1 (4 -> 1)
  Optimizing lut $abc$87063$lut$aiger87062$4913.genblk1.genblk1.genblk1.genblk1.genblk1.lut0 (4 -> 3)
  Optimizing lut $auto$abc9_ops.cc:1612:reintegrate$87355.genblk1.genblk1.genblk1.genblk1.genblk1.lut0 (4 -> 3)
  Optimizing lut $abc$87063$lut$aiger87062$9946.genblk1.genblk1.genblk1.genblk1.genblk1.lut1 (4 -> 0)
  Optimizing lut $abc$87063$lut$aiger87062$3863.genblk1.genblk1.genblk1.genblk1.genblk1.genblk1.genblk1.lut0 (4 -> 3)
  Optimizing lut $abc$87063$lut$aiger87062$10564.genblk1.genblk1.genblk1.genblk1.genblk1.lut0 (4 -> 2)
  Optimizing lut $auto$abc9_ops.cc:1612:reintegrate$87192.genblk1.genblk1.genblk1.genblk1.genblk1.lut1 (4 -> 1)
  Optimizing lut $auto$abc9_ops.cc:1612:reintegrate$87362.genblk1.genblk1.genblk1.genblk1.genblk1.lut0 (4 -> 3)
  Optimizing lut $abc$87063$lut$aiger87062$4926.genblk1.genblk1.genblk1.genblk1.genblk1.lut0 (4 -> 3)
  Optimizing lut $auto$abc9_ops.cc:1612:reintegrate$87364.genblk1.genblk1.genblk1.genblk1.genblk1.lut0 (4 -> 3)
  Optimizing lut $abc$87063$lut$aiger87062$11440.genblk1.genblk1.genblk1.genblk1.genblk1.lut1 (4 -> 3)
  Optimizing lut $abc$87063$lut$flatten\cpu.\vexriscv.$procmux$1767_Y[20].genblk1.genblk1.genblk1.genblk1.genblk1.lut1 (4 -> 1)
  Optimizing lut $abc$87063$lut$flatten\cpu.\vexriscv.$procmux$1767_Y[20].genblk1.genblk1.genblk1.genblk1.genblk1.lut0 (4 -> 3)
  Optimizing lut $abc$87063$lut$aiger87062$11412.genblk1.genblk1.genblk1.genblk1.genblk1.lut1 (4 -> 3)
  Optimizing lut $abc$87063$lut$aiger87062$3884.genblk1.genblk1.genblk1.genblk1.genblk1.genblk1.lut0 (4 -> 3)
  Optimizing lut $abc$87063$lut$aiger87062$4983.genblk1.genblk1.genblk1.genblk1.genblk1.lut1 (4 -> 3)
  Optimizing lut $abc$87063$lut$aiger87062$11293.genblk1.genblk1.genblk1.genblk1.genblk1.lut1 (4 -> 3)
  Optimizing lut $auto$abc9_ops.cc:1612:reintegrate$87247.genblk1.genblk1.genblk1.genblk1.genblk1.lut1 (4 -> 1)
  Optimizing lut $abc$87063$lut$aiger87062$4939.genblk1.genblk1.genblk1.genblk1.genblk1.lut0 (4 -> 3)
  Optimizing lut $auto$abc9_ops.cc:1612:reintegrate$87364.genblk1.genblk1.genblk1.genblk1.genblk1.lut1 (4 -> 1)
  Optimizing lut $abc$87063$lut$aiger87062$3896.genblk1.genblk1.genblk1.genblk1.genblk1.lut0 (4 -> 3)
  Optimizing lut $abc$87063$lut$aiger87062$11273.genblk1.genblk1.genblk1.genblk1.genblk1.lut1 (4 -> 3)
  Optimizing lut $auto$abc9_ops.cc:1612:reintegrate$87375.genblk1.genblk1.genblk1.genblk1.genblk1.lut0 (4 -> 3)
  Optimizing lut $abc$87063$lut$flatten\cpu.\vexriscv.$procmux$1758_Y[15].genblk1.genblk1.genblk1.genblk1.genblk1.lut1 (4 -> 1)
  Optimizing lut $abc$87063$lut$flatten\cpu.\vexriscv.$procmux$1758_Y[15].genblk1.genblk1.genblk1.genblk1.genblk1.lut0 (4 -> 3)
  Optimizing lut $abc$87063$lut$flatten\cpu.\vexriscv.$procmux$1758_Y[16].genblk1.genblk1.genblk1.genblk1.genblk1.lut1 (4 -> 1)
  Optimizing lut $abc$87063$lut$flatten\cpu.\vexriscv.$procmux$1758_Y[16].genblk1.genblk1.genblk1.genblk1.genblk1.lut0 (4 -> 3)
  Optimizing lut $auto$abc9_ops.cc:1612:reintegrate$87379.genblk1.genblk1.genblk1.genblk1.genblk1.lut0 (4 -> 3)
  Optimizing lut $auto$abc9_ops.cc:1612:reintegrate$87382.genblk1.genblk1.genblk1.genblk1.genblk1.lut1 (4 -> 1)
  Optimizing lut $auto$abc9_ops.cc:1612:reintegrate$87382.genblk1.genblk1.genblk1.genblk1.genblk1.lut0 (4 -> 3)
  Optimizing lut $abc$87063$lut$aiger87062$4952.genblk1.genblk1.genblk1.genblk1.genblk1.lut1 (4 -> 3)
  Optimizing lut $abc$87063$lut$aiger87062$4952.genblk1.genblk1.genblk1.genblk1.genblk1.lut0 (4 -> 3)
  Optimizing lut $abc$87063$lut$flatten\cpu.\vexriscv.$procmux$1758_Y[24].genblk1.genblk1.genblk1.genblk1.genblk1.lut1 (4 -> 1)
  Optimizing lut $abc$87063$lut$aiger87062$3910.genblk1.genblk1.genblk1.genblk1.genblk1.genblk1.genblk1.lut0 (4 -> 3)
  Optimizing lut $abc$87063$lut$aiger87062$5708.genblk1.genblk1.genblk1.genblk1.genblk1.lut0 (4 -> 0)
  Optimizing lut $abc$87063$lut$flatten\cpu.\vexriscv.$procmux$1758_Y[24].genblk1.genblk1.genblk1.genblk1.genblk1.lut0 (4 -> 3)
  Optimizing lut $abc$87063$lut$aiger87062$3917.genblk1.genblk1.genblk1.genblk1.genblk1.lut0 (4 -> 0)
  Optimizing lut $abc$87063$lut$aiger87062$11058.genblk1.genblk1.genblk1.genblk1.genblk1.lut1 (4 -> 3)
  Optimizing lut $auto$abc9_ops.cc:1612:reintegrate$87386.genblk1.genblk1.genblk1.genblk1.genblk1.lut0 (4 -> 0)
  Optimizing lut $abc$87063$lut$aiger87062$3927.genblk1.genblk1.genblk1.genblk1.genblk1.lut0 (4 -> 0)
  Optimizing lut $auto$abc9_ops.cc:1612:reintegrate$87178.genblk1.genblk1.genblk1.genblk1.genblk1.lut1 (4 -> 2)
  Optimizing lut $abc$87063$lut$aiger87062$4963.genblk1.genblk1.genblk1.genblk1.genblk1.lut0 (4 -> 3)
  Optimizing lut $abc$87063$lut$flatten\cpu.\vexriscv.$procmux$1758_Y[28].genblk1.genblk1.genblk1.genblk1.genblk1.lut1 (4 -> 1)
  Optimizing lut $abc$87063$lut$aiger87062$4963.genblk1.genblk1.genblk1.genblk1.genblk1.lut1 (4 -> 2)
  Optimizing lut $abc$87063$lut\cpu.vexriscv.decode_INSTRUCTION_ANTICIPATED[20].genblk1.genblk1.genblk1.genblk1.genblk1.genblk1.lut0 (4 -> 1)
  Optimizing lut $abc$87063$lut$flatten\cpu.\vexriscv.$procmux$1767_Y[2].genblk1.genblk1.genblk1.genblk1.genblk1.lut1 (4 -> 1)
  Optimizing lut $abc$87063$lut$flatten\cpu.\vexriscv.$procmux$1767_Y[2].genblk1.genblk1.genblk1.genblk1.genblk1.lut0 (4 -> 3)
  Optimizing lut $abc$87063$lut$aiger87062$7760.genblk1.genblk1.genblk1.genblk1.genblk1.lut1 (4 -> 0)
  Optimizing lut $abc$87063$lut$aiger87062$10925.genblk1.genblk1.genblk1.genblk1.genblk1.lut1 (4 -> 3)
  Optimizing lut $abc$87063$lut$flatten\cpu.\vexriscv.$procmux$1758_Y[20].genblk1.genblk1.genblk1.genblk1.genblk1.lut0 (4 -> 3)
  Optimizing lut $abc$87063$lut$aiger87062$5728.genblk1.genblk1.genblk1.genblk1.genblk1.lut0 (4 -> 0)
  Optimizing lut $auto$abc9_ops.cc:1612:reintegrate$87391.genblk1.genblk1.genblk1.genblk1.genblk1.lut0 (4 -> 3)
  Optimizing lut $abc$87063$lut$flatten\cpu.\vexriscv.$procmux$1758_Y[28].genblk1.genblk1.genblk1.genblk1.genblk1.lut0 (4 -> 3)
  Optimizing lut $auto$abc9_ops.cc:1612:reintegrate$87397.genblk1.genblk1.genblk1.genblk1.genblk1.lut1 (4 -> 1)
  Optimizing lut $abc$87063$lut$aiger87062$8273.genblk1.genblk1.genblk1.genblk1.genblk1.lut0 (4 -> 3)
  Optimizing lut $abc$87063$lut$aiger87062$4983.genblk1.genblk1.genblk1.genblk1.genblk1.lut0 (4 -> 3)
  Optimizing lut $auto$abc9_ops.cc:1612:reintegrate$87162.genblk1.genblk1.genblk1.genblk1.genblk1.lut1 (4 -> 1)
  Optimizing lut $abc$87063$lut$aiger87062$3956.genblk1.genblk1.genblk1.genblk1.genblk1.lut1 (4 -> 2)
  Optimizing lut $abc$87063$lut$aiger87062$9458.genblk1.genblk1.genblk1.genblk1.genblk1.lut0 (4 -> 3)
  Optimizing lut $auto$abc9_ops.cc:1612:reintegrate$87397.genblk1.genblk1.genblk1.genblk1.genblk1.lut0 (4 -> 3)
  Optimizing lut $abc$87063$lut$aiger87062$7698.genblk1.genblk1.genblk1.genblk1.genblk1.lut0 (4 -> 3)
  Optimizing lut $abc$87063$lut$aiger87062$4994.genblk1.genblk1.genblk1.genblk1.genblk1.lut0 (4 -> 3)
  Optimizing lut $auto$abc9_ops.cc:1612:reintegrate$87398.genblk1.genblk1.genblk1.genblk1.genblk1.lut0 (4 -> 3)
  Optimizing lut $abc$87063$lut$aiger87062$6705.genblk1.genblk1.genblk1.genblk1.genblk1.lut1 (4 -> 1)
  Optimizing lut $abc$87063$lut$aiger87062$4994.genblk1.genblk1.genblk1.genblk1.genblk1.lut1 (4 -> 2)
  Optimizing lut $abc$87063$lut$aiger87062$3884.genblk1.genblk1.genblk1.genblk1.genblk1.genblk1.lut1 (4 -> 3)
  Optimizing lut $abc$87063$lut$aiger87062$3985.genblk1.genblk1.genblk1.genblk1.genblk1.genblk1.genblk1.lut0 (4 -> 3)
  Optimizing lut $abc$87063$lut$flatten\cpu.\vexriscv.$procmux$1758_Y[12].genblk1.genblk1.genblk1.genblk1.genblk1.lut0 (4 -> 3)
  Optimizing lut $abc$87063$lut$aiger87062$10740.genblk1.genblk1.genblk1.genblk1.genblk1.lut1 (4 -> 3)
  Optimizing lut $abc$87063$lut$aiger87062$10719.genblk1.genblk1.genblk1.genblk1.genblk1.lut1 (4 -> 3)
  Optimizing lut $abc$87063$lut$aiger87062$10704.genblk1.genblk1.genblk1.genblk1.genblk1.lut1 (4 -> 3)
  Optimizing lut $abc$87063$lut$aiger87062$3992.genblk1.genblk1.genblk1.genblk1.genblk1.lut0 (4 -> 0)
  Optimizing lut $abc$87063$lut$aiger87062$11293.genblk1.genblk1.genblk1.genblk1.genblk1.lut0 (4 -> 3)
  Optimizing lut $abc$87063$lut$aiger87062$10665.genblk1.genblk1.genblk1.genblk1.genblk1.lut1 (4 -> 3)
  Optimizing lut $abc$87063$lut$aiger87062$3998.genblk1.genblk1.genblk1.genblk1.genblk1.genblk1.genblk1.lut0 (4 -> 2)
  Optimizing lut $auto$abc9_ops.cc:1612:reintegrate$87408.genblk1.genblk1.genblk1.genblk1.genblk1.lut1 (4 -> 1)
  Optimizing lut $abc$87063$lut$aiger87062$5014.genblk1.genblk1.genblk1.genblk1.genblk1.lut0 (4 -> 3)
  Optimizing lut $abc$87063$lut$flatten\cpu.\vexriscv.$procmux$1758_Y[23].genblk1.genblk1.genblk1.genblk1.genblk1.lut1 (4 -> 1)
  Optimizing lut $abc$87063$lut$flatten\cpu.\vexriscv.$procmux$1758_Y[23].genblk1.genblk1.genblk1.genblk1.genblk1.lut0 (4 -> 3)
  Optimizing lut $abc$87063$lut$aiger87062$5014.genblk1.genblk1.genblk1.genblk1.genblk1.lut1 (4 -> 2)
  Optimizing lut $abc$87063$lut$aiger87062$9444.genblk1.genblk1.genblk1.genblk1.genblk1.lut0 (4 -> 2)
  Optimizing lut $auto$abc9_ops.cc:1612:reintegrate$87408.genblk1.genblk1.genblk1.genblk1.genblk1.lut0 (4 -> 3)
  Optimizing lut $abc$87063$lut$aiger87062$4016.genblk1.genblk1.genblk1.genblk1.genblk1.lut0 (4 -> 0)
  Optimizing lut $abc$87063$lut$flatten\cpu.\vexriscv.$procmux$1758_Y[27].genblk1.genblk1.genblk1.genblk1.genblk1.lut1 (4 -> 1)
  Optimizing lut $abc$87063$lut$flatten\cpu.\vexriscv.$procmux$1758_Y[27].genblk1.genblk1.genblk1.genblk1.genblk1.lut0 (4 -> 3)
  Optimizing lut $abc$87063$lut\cpu.vexriscv._zz__zz_decode_IS_RS2_SIGNED_12[10].genblk1.genblk1.genblk1.genblk1.genblk1.lut1 (4 -> 3)
  Optimizing lut $abc$87063$lut$aiger87062$6979.genblk1.genblk1.genblk1.genblk1.genblk1.lut0 (4 -> 3)
  Optimizing lut $auto$abc9_ops.cc:1612:reintegrate$87409.genblk1.genblk1.genblk1.genblk1.genblk1.lut0 (4 -> 3)
  Optimizing lut $abc$87063$lut\cpu.vexriscv._zz__zz_decode_IS_RS2_SIGNED_12[10].genblk1.genblk1.genblk1.genblk1.genblk1.lut0 (4 -> 3)
  Optimizing lut $abc$87063$lut$aiger87062$6349.genblk1.genblk1.genblk1.genblk1.genblk1.lut1 (4 -> 1)
  Optimizing lut $auto$abc9_ops.cc:1612:reintegrate$87414.genblk1.genblk1.genblk1.genblk1.genblk1.lut1 (4 -> 1)
  Optimizing lut $abc$87063$lut$aiger87062$8835.genblk1.genblk1.genblk1.genblk1.genblk1.lut0 (4 -> 2)
  Optimizing lut $auto$abc9_ops.cc:1612:reintegrate$87414.genblk1.genblk1.genblk1.genblk1.genblk1.lut0 (4 -> 3)
  Optimizing lut $abc$87063$lut$aiger87062$5781.genblk1.genblk1.genblk1.genblk1.genblk1.lut1 (4 -> 0)
  Optimizing lut $abc$87063$lut$aiger87062$11273.genblk1.genblk1.genblk1.genblk1.genblk1.lut0 (4 -> 3)
  Optimizing lut $abc$87063$lut$aiger87062$10441.genblk1.genblk1.genblk1.genblk1.genblk1.lut1 (4 -> 3)
  Optimizing lut $auto$abc9_ops.cc:1612:reintegrate$87416.genblk1.genblk1.genblk1.genblk1.genblk1.lut0 (4 -> 3)
  Optimizing lut $abc$87063$lut$aiger87062$10366.genblk1.genblk1.genblk1.genblk1.genblk1.lut1 (4 -> 3)
  Optimizing lut $abc$87063$lut$aiger87062$10282.genblk1.genblk1.genblk1.genblk1.genblk1.lut1 (4 -> 3)
  Optimizing lut $abc$87063$lut$flatten\cpu.\vexriscv.$procmux$1767_Y[8].genblk1.genblk1.genblk1.genblk1.genblk1.lut0 (4 -> 3)
  Optimizing lut $abc$87063$lut$aiger87062$10256.genblk1.genblk1.genblk1.genblk1.genblk1.lut1 (4 -> 3)
  Optimizing lut $abc$87063$lut$aiger87062$4053.genblk1.genblk1.genblk1.genblk1.genblk1.lut0 (4 -> 0)
  Optimizing lut $abc$87063$lut$flatten\cpu.\vexriscv.$procmux$1767_Y[12].genblk1.genblk1.genblk1.genblk1.genblk1.lut0 (4 -> 3)
  Optimizing lut $auto$abc9_ops.cc:1612:reintegrate$87427.genblk1.genblk1.genblk1.genblk1.genblk1.lut1 (4 -> 1)
  Optimizing lut $abc$87063$lut$aiger87062$11255.genblk1.genblk1.genblk1.genblk1.genblk1.lut1 (4 -> 0)
  Optimizing lut $auto$abc9_ops.cc:1612:reintegrate$87427.genblk1.genblk1.genblk1.genblk1.genblk1.lut0 (4 -> 3)
  Optimizing lut $abc$87063$lut$aiger87062$9432.genblk1.genblk1.genblk1.genblk1.genblk1.lut0 (4 -> 3)
  Optimizing lut $auto$abc9_ops.cc:1612:reintegrate$87428.genblk1.genblk1.genblk1.genblk1.genblk1.lut0 (4 -> 3)
  Optimizing lut $auto$abc9_ops.cc:1612:reintegrate$87431.genblk1.genblk1.genblk1.genblk1.genblk1.lut0 (4 -> 3)
  Optimizing lut $abc$87063$lut$aiger87062$5109.genblk1.genblk1.genblk1.genblk1.genblk1.lut1 (4 -> 1)
  Optimizing lut $auto$abc9_ops.cc:1612:reintegrate$87435.genblk1.genblk1.genblk1.genblk1.genblk1.lut1 (4 -> 1)
  Optimizing lut $auto$abc9_ops.cc:1612:reintegrate$87435.genblk1.genblk1.genblk1.genblk1.genblk1.lut0 (4 -> 3)
  Optimizing lut $auto$abc9_ops.cc:1612:reintegrate$87263.genblk1.genblk1.genblk1.genblk1.genblk1.lut1 (4 -> 1)
  Optimizing lut $abc$87063$lut$aiger87062$4081.genblk1.genblk1.genblk1.genblk1.genblk1.lut0 (4 -> 0)
  Optimizing lut $abc$87063$lut$aiger87062$10441.genblk1.genblk1.genblk1.genblk1.genblk1.lut0 (4 -> 3)
  Optimizing lut $abc$87063$lut$aiger87062$5069.genblk1.genblk1.genblk1.genblk1.genblk1.lut0 (4 -> 0)
  Optimizing lut $auto$abc9_ops.cc:1612:reintegrate$87416.genblk1.genblk1.genblk1.genblk1.genblk1.lut1 (4 -> 1)
  Optimizing lut $abc$87063$lut$aiger87062$8471.genblk1.genblk1.genblk1.genblk1.genblk1.lut0 (4 -> 3)
  Optimizing lut $abc$87063$lut\cpu.vexriscv.decode_INSTRUCTION_ANTICIPATED[24].genblk1.genblk1.genblk1.genblk1.genblk1.lut1 (4 -> 2)
  Optimizing lut $abc$87063$lut$flatten\cpu.\vexriscv.$procmux$1767_Y[27].genblk1.genblk1.genblk1.genblk1.genblk1.lut0 (4 -> 3)
  Optimizing lut $abc$87063$lut$aiger87062$6705.genblk1.genblk1.genblk1.genblk1.genblk1.lut0 (4 -> 3)
  Optimizing lut $abc$87063$lut$auto$opt_dff.cc:251:make_patterns_logic$4270.genblk1.genblk1.genblk1.genblk1.genblk1.lut0 (4 -> 0)
  Optimizing lut $abc$87063$lut$aiger87062$5083.genblk1.genblk1.genblk1.genblk1.genblk1.lut0 (4 -> 0)
  Optimizing lut $abc$87063$lut$aiger87062$5089.genblk1.genblk1.genblk1.genblk1.genblk1.lut0 (4 -> 0)
  Optimizing lut $abc$87063$lut$aiger87062$11209.genblk1.genblk1.genblk1.genblk1.genblk1.lut0 (4 -> 2)
  Optimizing lut $abc$87063$lut$flatten\cpu.\vexriscv.$procmux$1758_Y[9].genblk1.genblk1.genblk1.genblk1.genblk1.lut1 (4 -> 1)
  Optimizing lut $abc$87063$lut$aiger87062$10415.genblk1.genblk1.genblk1.genblk1.genblk1.lut0 (4 -> 2)
  Optimizing lut $abc$87063$lut$flatten\cpu.\vexriscv.$procmux$1758_Y[9].genblk1.genblk1.genblk1.genblk1.genblk1.lut0 (4 -> 3)
  Optimizing lut $abc$87063$lut$aiger87062$3938.genblk1.genblk1.genblk1.genblk1.genblk1.lut1 (4 -> 1)
  Optimizing lut $abc$87063$lut$aiger87062$6714.genblk1.genblk1.genblk1.genblk1.genblk1.lut0 (4 -> 2)
  Optimizing lut $abc$87063$lut$aiger87062$4160.genblk1.genblk1.genblk1.genblk1.genblk1.genblk1.lut0 (4 -> 0)
  Optimizing lut $abc$87063$lut$flatten\cpu.\vexriscv.$procmux$1767_Y[10].genblk1.genblk1.genblk1.genblk1.genblk1.lut1 (4 -> 1)
  Optimizing lut $abc$87063$lut$aiger87062$3591.genblk1.genblk1.genblk1.genblk1.genblk1.genblk1.genblk1.lut1 (4 -> 3)
  Optimizing lut $abc$87063$lut$aiger87062$5103.genblk1.genblk1.genblk1.genblk1.genblk1.lut0 (4 -> 0)
  Optimizing lut $auto$abc9_ops.cc:1612:reintegrate$87379.genblk1.genblk1.genblk1.genblk1.genblk1.lut1 (4 -> 1)
  Optimizing lut $abc$87063$lut$flatten\cpu.\vexriscv.$procmux$1767_Y[10].genblk1.genblk1.genblk1.genblk1.genblk1.lut0 (4 -> 3)
  Optimizing lut $abc$87063$lut$aiger87062$5109.genblk1.genblk1.genblk1.genblk1.genblk1.lut0 (4 -> 3)
  Optimizing lut $abc$87063$lut$aiger87062$7639.genblk1.genblk1.genblk1.genblk1.genblk1.lut0 (4 -> 2)
  Optimizing lut $abc$87063$lut$aiger87062$6340.genblk1.genblk1.genblk1.genblk1.genblk1.lut0 (4 -> 3)
  Optimizing lut $abc$87063$lut$aiger87062$4191.genblk1.genblk1.genblk1.genblk1.genblk1.lut1 (4 -> 3)
  Optimizing lut $abc$87063$lut$aiger87062$7235.genblk1.genblk1.genblk1.genblk1.genblk1.lut0 (4 -> 2)
  Optimizing lut $abc$87063$lut$aiger87062$5124.genblk1.genblk1.genblk1.genblk1.genblk1.lut0 (4 -> 2)
  Optimizing lut $abc$87063$lut$aiger87062$8008.genblk1.genblk1.genblk1.genblk1.genblk1.lut0 (4 -> 2)
  Optimizing lut $auto$abc9_ops.cc:1612:reintegrate$87472.genblk1.genblk1.genblk1.genblk1.genblk1.lut1 (4 -> 2)
  Optimizing lut $auto$abc9_ops.cc:1612:reintegrate$87472.genblk1.genblk1.genblk1.genblk1.genblk1.lut0 (4 -> 3)
  Optimizing lut $auto$abc9_ops.cc:1612:reintegrate$87474.genblk1.genblk1.genblk1.genblk1.genblk1.lut1 (4 -> 2)
  Optimizing lut $auto$abc9_ops.cc:1612:reintegrate$87474.genblk1.genblk1.genblk1.genblk1.genblk1.lut0 (4 -> 3)
  Optimizing lut $auto$abc9_ops.cc:1612:reintegrate$87476.genblk1.genblk1.genblk1.genblk1.genblk1.lut1 (4 -> 3)
  Optimizing lut $abc$87063$lut\cpu.vexriscv.decode_INSTRUCTION_ANTICIPATED[19].genblk1.genblk1.genblk1.genblk1.genblk1.genblk1.lut1 (4 -> 1)
  Optimizing lut $abc$87063$lut$flatten\cpu.\vexriscv.$procmux$1767_Y[11].genblk1.genblk1.genblk1.genblk1.genblk1.lut1 (4 -> 1)
  Optimizing lut $abc$87063$lut$flatten\cpu.\vexriscv.$procmux$1758_Y[8].genblk1.genblk1.genblk1.genblk1.genblk1.lut1 (4 -> 1)
  Optimizing lut $abc$87063$lut$flatten\cpu.\vexriscv.$procmux$1767_Y[11].genblk1.genblk1.genblk1.genblk1.genblk1.lut0 (4 -> 3)
  Optimizing lut $abc$87063$lut$flatten\cpu.\vexriscv.$procmux$1758_Y[8].genblk1.genblk1.genblk1.genblk1.genblk1.lut0 (4 -> 3)
  Optimizing lut $abc$87063$lut$aiger87062$6349.genblk1.genblk1.genblk1.genblk1.genblk1.lut0 (4 -> 3)
  Optimizing lut $abc$87063$lut$aiger87062$7797.genblk1.genblk1.genblk1.genblk1.genblk1.lut1 (4 -> 0)
  Optimizing lut $auto$abc9_ops.cc:1612:reintegrate$87329.genblk1.genblk1.genblk1.genblk1.genblk1.genblk1.lut1 (4 -> 2)
  Optimizing lut $abc$87063$lut$aiger87062$2800.genblk1.genblk1.genblk1.genblk1.genblk1.lut1 (4 -> 2)
  Optimizing lut $abc$87063$lut$aiger87062$2800.genblk1.genblk1.genblk1.genblk1.genblk1.lut0 (4 -> 3)
  Optimizing lut $abc$87063$lut$aiger87062$2769.genblk1.genblk1.genblk1.genblk1.genblk1.lut0 (4 -> 3)
  Optimizing lut $abc$87063$lut$aiger87062$2900.genblk1.genblk1.genblk1.genblk1.genblk1.lut0 (4 -> 3)
Removed 0 unused cells and 5283 unused wires.

3.48. Executing AUTONAME pass.
Renamed 8754 objects in module top (738 iterations).
<suppressed ~8754 debug messages>

3.49. Executing HIERARCHY pass (managing design hierarchy).
Attribute `top' found on module `top'. Setting top module to top.

3.49.1. Analyzing design hierarchy..
Top module:  \top

3.49.2. Analyzing design hierarchy..
Top module:  \top
Removed 0 unused modules.

3.50. Printing statistics.

=== top ===

        +----------Local Count, excluding submodules.
        | 
     4194 wires
    19144 wire bits
     4194 public wires
    19144 public wire bits
        3 ports
       52 port bits
       76 cells
       16   $scopeinfo
        3   DP16KD
        1   EHXPLLL
        4   MULT18X18D
       52   TRELLIS_IO
     5542 submodules
      257   CCU2C
       77   L6MUX21
     3089   LUT4
      635   PFUMX
       32   TRELLIS_DPR16X4
     1452   TRELLIS_FF

=== design hierarchy ===

        +----------Count including submodules.
        | 
       76 top

        +----------Count including submodules.
        | 
     4194 wires
    19144 wire bits
     4194 public wires
    19144 public wire bits
        3 ports
       52 port bits
        - memories
        - memory bits
        - processes
       76 cells
       16   $scopeinfo
        3   DP16KD
        1   EHXPLLL
        4   MULT18X18D
       52   TRELLIS_IO
     5542 submodules
      257   CCU2C
       77   L6MUX21
     3089   LUT4
      635   PFUMX
       32   TRELLIS_DPR16X4
     1452   TRELLIS_FF

3.51. Executing CHECK pass (checking for obvious problems).
Checking module top...
Found and reported 0 problems.

4. Executing JSON backend.

Warnings: 103 unique messages, 103 total
End of script. Logfile hash: 8f489e8cf0, time: 5.18s, user: 3.83s, system: 0.20s, MEM: 175.10 MB peak
Yosys 0.65+57 (git sha1 9d0cdb855, clang++ 18.1.8 -fPIC -O3)
Time spent: 24% 1x abc9_exe (1 sec), 14% 1x autoname (0 sec), ...
